Record_ID,Date,Platform,Campaign_Name,Post_ID,Post_Message,Objective,Ad_Format,Target_Audience_Age,Country,Impressions,Reach,Clicks,Likes,Comments,Shares,Saves,Total_Engagements,Video_Views,Follows_Gained,Conversions,Ad_Spend_USD
1,2025-01-01,Facebook,Brand Awareness Q3,FB-250101-00001,Tell us what you think in the comments! Brand Awareness Q3,Engagement,Reel,55+,USA,17128,15234,266,260,41,32,119,452,5420,15,16,137.11
2,2025-01-01,Facebook,Influencer Collab,FB-250101-00002,Discover what makes Influencer Collab different. #NewLaunch,Awareness,Image,18-24,UK,21129,17034,269,291,42,56,119,508,0,5,24,177.61
3,2025-01-01,Facebook,Lead Gen - Webinar,FB-250101-00003,Ready to dive in? Click through for Lead Gen - Webinar.,Traffic,Text,55+,Germany,27310,17207,175,465,117,86,142,810,0,34,18,234.19
4,2025-01-01,Facebook,New Feature Announcement,FB-250101-00004,"You asked, we delivered. Introducing New Feature Announcement.",Awareness,Image,45-54,USA,10877,9036,69,426,60,32,123,641,0,25,6,103.67
5,2025-01-01,Facebook,Retargeting Campaign,FB-250101-00005,Swipe up to explore Retargeting Campaign today.,Traffic,Carousel,55+,Germany,18846,15452,120,347,86,57,123,613,0,13,3,131.68
6,2025-01-01,Instagram,Lead Gen - Webinar,IG-250101-00006,Swipe up to explore Lead Gen - Webinar today.,Traffic,Video,25-34,Germany,24997,21813,134,562,103,77,268,1010,8566,21,13,182.42
7,2025-01-01,Instagram,New Feature Announcement,IG-250101-00007,Tell us what you think in the comments! New Feature Announcement,Engagement,Story,55+,Germany,16283,14363,228,783,114,128,291,1316,6481,14,7,134.6
8,2025-01-01,Instagram,Retargeting Campaign,IG-250101-00008,Discover what makes Retargeting Campaign different. #NewLaunch,Awareness,Video,45-54,Germany,20233,15819,153,790,116,147,197,1250,11288,42,17,206.16
9,2025-01-01,LinkedIn,Influencer Collab,LI-250101-00009,This is more than a campaign — it's a movement. Influencer Collab,Awareness,Story,18-24,Brazil,4113,3014,27,30,4,5,15,54,2315,1,1,54.87
10,2025-01-01,LinkedIn,Summer Sale Launch,LI-250101-00010,Download now and experience Summer Sale Launch.,App Installs,Video,35-44,USA,424,266,1,6,0,0,3,9,249,0,0,7.33
11,2025-01-01,X (Twitter),Brand Awareness Q3,XT-250101-00011,Sign up now for exclusive access to Brand Awareness Q3.,Lead Generation,Video,18-24,USA,7367,4532,109,113,24,12,20,169,2732,7,4,38.93
12,2025-01-01,X (Twitter),Influencer Collab,XT-250101-00012,Discover what makes Influencer Collab different. #NewLaunch,Awareness,Text,45-54,Brazil,12716,9831,187,153,35,27,56,271,0,8,18,94.5
13,2025-01-01,YouTube,Product Demo Series,YT-250101-00013,Reserve your spot for Product Demo Series — seats are limited.,Lead Generation,Video,55+,India,12752,8648,76,319,63,50,119,551,3420,6,6,88.74
14,2025-01-02,Facebook,App Install Push,FB-250102-00014,Tag a friend who needs to see this. App Install Push,Engagement,Text,45-54,Brazil,19463,13007,195,265,34,34,84,417,0,14,9,157.63
15,2025-01-02,Facebook,Retargeting Campaign,FB-250102-00015,Download now and experience Retargeting Campaign.,App Installs,Video,25-34,India,16788,10084,191,579,125,102,182,988,5827,34,17,109.08
16,2025-01-02,Instagram,App Install Push,IG-250102-00016,Reserve your spot for App Install Push — seats are limited.,Lead Generation,Story,35-44,UK,20943,18582,271,596,137,70,179,982,12030,37,20,140.59
17,2025-01-02,Instagram,Brand Awareness Q3,IG-250102-00017,Install today and unlock Brand Awareness Q3.,App Installs,Story,25-34,Germany,16215,13154,177,878,162,76,238,1354,4825,66,8,127.3
18,2025-01-02,Instagram,Lead Gen - Webinar,IG-250102-00018,Reserve your spot for Lead Gen - Webinar — seats are limited.,Lead Generation,Text,25-34,Brazil,24660,15736,232,691,96,108,272,1167,0,24,5,212.7
19,2025-01-02,Instagram,New Feature Announcement,IG-250102-00019,Install today and unlock New Feature Announcement.,App Installs,Carousel,18-24,UK,22070,13888,240,562,92,99,107,860,0,12,12,144.1
20,2025-01-02,LinkedIn,Product Demo Series,LI-250102-00020,Big things are coming. Stay tuned for Product Demo Series.,Awareness,Carousel,45-54,Germany,5232,4570,53,68,14,9,14,105,0,1,2,81.23
21,2025-01-02,TikTok,App Install Push,TT-250102-00021,Link in bio to learn more about App Install Push.,Traffic,Text,55+,India,30440,18628,653,2752,424,204,625,4005,0,194,41,246.53
22,2025-01-02,TikTok,Lead Gen - Webinar,TT-250102-00022,Swipe up to explore Lead Gen - Webinar today.,Traffic,Video,45-54,India,42502,23512,363,2427,402,389,1189,4407,12313,169,30,302.02
23,2025-01-02,TikTok,Retargeting Campaign,TT-250102-00023,Get exclusive access to Retargeting Campaign today.,Conversions,Carousel,55+,UK,33166,25595,505,1089,165,101,259,1614,0,59,39,144.98
24,2025-01-02,X (Twitter),App Install Push,XT-250102-00024,Big things are coming. Stay tuned for App Install Push.,Awareness,Video,55+,UAE,4463,3000,57,95,18,13,14,140,2496,4,2,23.03
25,2025-01-02,X (Twitter),Retargeting Campaign,XT-250102-00025,Double tap if you agree! Retargeting Campaign,Engagement,Reel,45-54,USA,6215,4756,98,52,11,8,12,83,2136,1,8,50.2
26,2025-01-02,YouTube,Lead Gen - Webinar,YT-250102-00026,"You asked, we delivered. Introducing Lead Gen - Webinar.",Awareness,Image,25-34,UAE,15807,13171,131,501,84,62,83,730,0,27,11,189.03
27,2025-01-02,YouTube,Product Demo Series,YT-250102-00027,Tag a friend who needs to see this. Product Demo Series,Engagement,Video,55+,Brazil,9065,6232,80,228,39,30,44,341,4432,7,3,89.97
28,2025-01-03,Facebook,Summer Sale Launch,FB-250103-00028,Get the free guide: Summer Sale Launch.,Lead Generation,Reel,18-24,Brazil,17043,15107,280,245,38,22,133,438,3893,9,24,97.93
29,2025-01-03,Instagram,Influencer Collab,IG-250103-00029,Link in bio to learn more about Influencer Collab.,Traffic,Text,55+,Brazil,6638,5081,71,122,25,17,38,202,0,3,6,70.74
30,2025-01-03,LinkedIn,New Feature Announcement,LI-250103-00030,Tell us what you think in the comments! New Feature Announcement,Engagement,Video,35-44,UK,3269,1878,27,27,6,3,7,43,1253,1,2,46.06
31,2025-01-03,LinkedIn,Product Demo Series,LI-250103-00031,This is more than a campaign — it's a movement. Product Demo Series,Awareness,Text,35-44,Brazil,3352,2963,30,62,10,6,19,97,0,1,2,46.13
32,2025-01-03,LinkedIn,Retargeting Campaign,LI-250103-00032,Tell us what you think in the comments! Retargeting Campaign,Engagement,Reel,18-24,UAE,7927,4681,30,73,13,8,14,108,3086,1,2,88.33
33,2025-01-03,TikTok,Retargeting Campaign,TT-250103-00033,Available now on iOS and Android — Retargeting Campaign.,App Installs,Text,18-24,UAE,31849,17856,241,2288,336,327,838,3789,0,132,10,236.76
34,2025-01-03,X (Twitter),Product Demo Series,XT-250103-00034,Ready to dive in? Click through for Product Demo Series.,Traffic,Story,25-34,India,14806,8274,230,291,48,27,79,445,6213,17,10,81.5
35,2025-01-03,YouTube,New Feature Announcement,YT-250103-00035,Get the free guide: New Feature Announcement.,Lead Generation,Carousel,35-44,USA,27542,21292,214,865,141,145,229,1380,0,18,13,232.76
36,2025-01-04,Facebook,Brand Awareness Q3,FB-250104-00036,Sign up now for exclusive access to Brand Awareness Q3.,Lead Generation,Video,25-34,UAE,14032,8589,204,503,78,54,86,721,8030,31,11,130.86
37,2025-01-04,Facebook,Holiday Promo,FB-250104-00037,Join thousands who've already signed up for Holiday Promo.,Lead Generation,Story,18-24,UK,14448,9839,144,516,111,76,43,746,7380,24,4,104.39
38,2025-01-04,Facebook,Influencer Collab,FB-250104-00038,Limited time only. Shop Influencer Collab now.,Conversions,Reel,25-34,Germany,23523,16469,343,654,165,98,240,1157,13130,29,17,225.56
39,2025-01-04,Facebook,Lead Gen - Webinar,FB-250104-00039,We want to hear your story. Share below. Lead Gen - Webinar,Engagement,Image,18-24,UAE,18438,16548,117,522,87,70,72,751,0,26,7,164.15
40,2025-01-04,Instagram,Retargeting Campaign,IG-250104-00040,Link in bio to learn more about Retargeting Campaign.,Traffic,Story,35-44,India,25179,19296,138,545,70,89,128,832,5890,41,3,246.6
41,2025-01-04,LinkedIn,App Install Push,LI-250104-00041,Big things are coming. Stay tuned for App Install Push.,Awareness,Text,45-54,USA,7235,6118,26,158,23,26,60,267,0,10,2,119.62
42,2025-01-04,TikTok,Brand Awareness Q3,TT-250104-00042,Get the free guide: Brand Awareness Q3.,Lead Generation,Text,25-34,UAE,23562,19470,198,1150,244,166,500,2060,0,30,10,186.81
43,2025-01-04,TikTok,Lead Gen - Webinar,TT-250104-00043,Reserve your spot for Lead Gen - Webinar — seats are limited.,Lead Generation,Reel,45-54,UK,27154,23963,587,1663,287,181,449,2580,13602,107,51,151.53
44,2025-01-04,X (Twitter),Summer Sale Launch,XT-250104-00044,Sign up now for exclusive access to Summer Sale Launch.,Lead Generation,Reel,25-34,Brazil,8496,6407,132,95,22,10,34,161,4995,1,2,79.39
45,2025-01-04,YouTube,Holiday Promo,YT-250104-00045,Tell us what you think in the comments! Holiday Promo,Engagement,Image,35-44,USA,19502,11485,121,186,25,17,72,300,0,11,10,144.93
46,2025-01-05,Facebook,App Install Push,FB-250105-00046,Tag a friend who needs to see this. App Install Push,Engagement,Image,18-24,UAE,9463,5743,156,340,64,45,43,492,0,21,17,70.46
47,2025-01-05,Facebook,Holiday Promo,FB-250105-00047,Double tap if you agree! Holiday Promo,Engagement,Text,55+,Brazil,24196,18256,396,277,68,52,72,469,0,9,32,184.91
48,2025-01-05,Facebook,Product Demo Series,FB-250105-00048,Limited time only. Shop Product Demo Series now.,Conversions,Carousel,45-54,India,25430,22773,186,655,159,117,148,1079,0,28,12,245.43
49,2025-01-05,Instagram,App Install Push,IG-250105-00049,Get the app. Get App Install Push.,App Installs,Reel,18-24,USA,21175,13175,171,839,106,136,204,1285,11634,60,4,197.86
50,2025-01-05,Instagram,Lead Gen - Webinar,IG-250105-00050,Limited time only. Shop Lead Gen - Webinar now.,Conversions,Video,45-54,India,20785,14002,213,471,101,67,39,678,10922,25,10,183.27
51,2025-01-05,Instagram,New Feature Announcement,IG-250105-00051,Get exclusive access to New Feature Announcement today.,Conversions,Video,45-54,UK,32538,23749,398,1123,245,203,175,1746,12912,35,44,214.24
52,2025-01-05,Instagram,Retargeting Campaign,IG-250105-00052,Double tap if you agree! Retargeting Campaign,Engagement,Video,25-34,Brazil,26969,21478,178,543,102,89,250,984,15147,23,11,215.52
53,2025-01-05,LinkedIn,App Install Push,LI-250105-00053,Get exclusive access to App Install Push today.,Conversions,Reel,18-24,USA,5931,3639,36,144,29,14,46,233,1586,4,0,71.78
54,2025-01-05,LinkedIn,Influencer Collab,LI-250105-00054,Double tap if you agree! Influencer Collab,Engagement,Video,45-54,India,3825,2185,21,92,13,9,26,140,1710,3,1,53.21
55,2025-01-05,LinkedIn,Lead Gen - Webinar,LI-250105-00055,Don't miss out — Lead Gen - Webinar ends soon.,Conversions,Text,35-44,USA,7307,5736,54,163,36,23,38,260,0,6,5,115.77
56,2025-01-05,TikTok,Holiday Promo,TT-250105-00056,Your next favorite thing is one click away. Holiday Promo,Conversions,Text,18-24,UAE,25073,16189,197,2072,462,369,181,3084,0,147,19,163.8
57,2025-01-05,X (Twitter),Retargeting Campaign,XT-250105-00057,Ready to dive in? Click through for Retargeting Campaign.,Traffic,Story,25-34,USA,10209,7375,87,150,21,15,71,257,2608,9,3,54.82
58,2025-01-05,YouTube,Retargeting Campaign,YT-250105-00058,Get the app. Get Retargeting Campaign.,App Installs,Text,18-24,USA,12637,8943,48,399,59,60,105,623,0,9,2,135.98
59,2025-01-06,Facebook,Holiday Promo,FB-250106-00059,Ready to dive in? Click through for Holiday Promo.,Traffic,Video,18-24,Brazil,24648,17856,161,629,130,79,149,987,8509,35,7,145.91
60,2025-01-06,Facebook,Summer Sale Launch,FB-250106-00060,Limited time only. Shop Summer Sale Launch now.,Conversions,Reel,55+,UK,14565,12175,125,233,52,31,43,359,7396,6,5,120.18
61,2025-01-06,Instagram,App Install Push,IG-250106-00061,Get the app. Get App Install Push.,App Installs,Text,55+,UAE,34666,19511,242,1768,299,225,293,2585,0,80,15,220.31
62,2025-01-06,Instagram,Brand Awareness Q3,IG-250106-00062,Get the app. Get Brand Awareness Q3.,App Installs,Reel,18-24,UAE,27032,20267,216,1604,241,142,516,2503,7143,43,9,178.88
63,2025-01-06,Instagram,Influencer Collab,IG-250106-00063,"You asked, we delivered. Introducing Influencer Collab.",Awareness,Reel,18-24,UAE,8102,5410,47,178,26,27,25,256,4084,8,4,58.35
64,2025-01-06,LinkedIn,Product Demo Series,LI-250106-00064,We want to hear your story. Share below. Product Demo Series,Engagement,Story,18-24,Brazil,809,543,8,20,2,3,5,30,183,1,0,15.92
65,2025-01-06,LinkedIn,Summer Sale Launch,LI-250106-00065,Join thousands who've already signed up for Summer Sale Launch.,Lead Generation,Image,45-54,UAE,7829,5381,76,121,22,14,44,201,0,3,5,138.87
66,2025-01-06,TikTok,Influencer Collab,TT-250106-00066,Available now on iOS and Android — Influencer Collab.,App Installs,Story,25-34,UK,27385,17385,305,1154,214,135,584,2087,15231,70,9,152.68
67,2025-01-06,TikTok,Retargeting Campaign,TT-250106-00067,Swipe up to explore Retargeting Campaign today.,Traffic,Image,18-24,Brazil,21299,18399,175,1176,286,111,351,1924,0,85,20,125.05
68,2025-01-06,TikTok,Summer Sale Launch,TT-250106-00068,Double tap if you agree! Summer Sale Launch,Engagement,Reel,55+,USA,21632,16247,431,773,108,70,204,1155,10082,35,43,105.78
69,2025-01-06,YouTube,App Install Push,YT-250106-00069,Discover what makes App Install Push different. #NewLaunch,Awareness,Reel,18-24,UK,10992,7998,50,134,21,19,36,210,4540,2,3,84.38
70,2025-01-07,Facebook,New Feature Announcement,FB-250107-00070,Reserve your spot for New Feature Announcement — seats are limited.,Lead Generation,Video,35-44,UK,13509,11096,148,328,57,47,101,533,7358,25,5,81.93
71,2025-01-07,Instagram,App Install Push,IG-250107-00071,Tell us what you think in the comments! App Install Push,Engagement,Carousel,18-24,UK,17744,12248,161,915,193,136,353,1597,0,71,3,164.13
72,2025-01-07,Instagram,Influencer Collab,IG-250107-00072,Get the free guide: Influencer Collab.,Lead Generation,Video,55+,Germany,18708,15018,217,854,154,88,210,1306,10539,43,8,144.51
73,2025-01-07,Instagram,Retargeting Campaign,IG-250107-00073,Join thousands who've already signed up for Retargeting Campaign.,Lead Generation,Carousel,18-24,UK,33777,27296,303,882,128,89,330,1429,0,66,18,290.5
74,2025-01-07,LinkedIn,Retargeting Campaign,LI-250107-00074,Ready to dive in? Click through for Retargeting Campaign.,Traffic,Image,18-24,India,6710,5146,51,175,23,18,47,263,0,2,4,85.03
75,2025-01-07,TikTok,Influencer Collab,TT-250107-00075,Sign up now for exclusive access to Influencer Collab.,Lead Generation,Video,35-44,Germany,10628,7713,171,326,46,55,66,493,2280,14,6,53.79
76,2025-01-07,TikTok,Product Demo Series,TT-250107-00076,Reserve your spot for Product Demo Series — seats are limited.,Lead Generation,Reel,18-24,USA,25639,19215,480,1913,437,183,650,3183,9202,133,15,198.83
77,2025-01-07,X (Twitter),Retargeting Campaign,XT-250107-00077,Ready to dive in? Click through for Retargeting Campaign.,Traffic,Carousel,25-34,India,9344,7417,141,144,30,23,55,252,0,11,13,63.34
78,2025-01-07,X (Twitter),Summer Sale Launch,XT-250107-00078,Get the app. Get Summer Sale Launch.,App Installs,Text,35-44,India,7973,6895,73,125,22,10,26,183,0,4,6,73.62
79,2025-01-07,YouTube,Lead Gen - Webinar,YT-250107-00079,Full details on our site — Lead Gen - Webinar.,Traffic,Image,18-24,UAE,20672,15944,63,463,118,48,174,803,0,40,1,194.47
80,2025-01-07,YouTube,Retargeting Campaign,YT-250107-00080,Install today and unlock Retargeting Campaign.,App Installs,Reel,18-24,UAE,6114,3479,31,147,27,20,74,268,2069,6,3,62.51
81,2025-01-07,YouTube,Summer Sale Launch,YT-250107-00081,Join thousands who've already signed up for Summer Sale Launch.,Lead Generation,Text,35-44,Brazil,18810,16438,112,249,49,21,39,358,0,11,11,240.27
82,2025-01-08,Facebook,Holiday Promo,FB-250108-00082,Tag a friend who needs to see this. Holiday Promo,Engagement,Story,25-34,USA,15884,8861,139,412,62,38,127,639,6516,10,16,153.02
83,2025-01-08,Facebook,Lead Gen - Webinar,FB-250108-00083,Ready to dive in? Click through for Lead Gen - Webinar.,Traffic,Carousel,18-24,Germany,26480,17087,151,840,178,102,360,1480,0,63,12,216.06
84,2025-01-08,Facebook,Product Demo Series,FB-250108-00084,Tag a friend who needs to see this. Product Demo Series,Engagement,Video,45-54,USA,34584,26245,330,975,146,174,429,1724,12932,34,29,271.53
85,2025-01-08,Facebook,Summer Sale Launch,FB-250108-00085,Tag a friend who needs to see this. Summer Sale Launch,Engagement,Text,35-44,India,21148,16773,185,540,77,102,175,894,0,24,21,126.22
86,2025-01-08,Instagram,Influencer Collab,IG-250108-00086,Available now on iOS and Android — Influencer Collab.,App Installs,Story,55+,UAE,16575,13014,77,381,52,54,82,569,4927,22,2,117.8
87,2025-01-08,Instagram,New Feature Announcement,IG-250108-00087,Join thousands who've already signed up for New Feature Announcement.,Lead Generation,Text,25-34,UK,14689,11490,202,648,91,76,299,1114,0,33,5,134.49
88,2025-01-08,LinkedIn,App Install Push,LI-250108-00088,This is more than a campaign — it's a movement. App Install Push,Awareness,Text,25-34,Brazil,2493,2150,24,32,5,5,14,56,0,1,1,32.09
89,2025-01-08,LinkedIn,Lead Gen - Webinar,LI-250108-00089,Your next favorite thing is one click away. Lead Gen - Webinar,Conversions,Reel,18-24,USA,4470,3797,44,70,10,7,22,109,1046,1,0,86.04
90,2025-01-08,LinkedIn,Summer Sale Launch,LI-250108-00090,"You asked, we delivered. Introducing Summer Sale Launch.",Awareness,Carousel,55+,India,8063,6517,33,144,26,17,59,246,0,5,3,110.95
91,2025-01-08,TikTok,Holiday Promo,TT-250108-00091,Get the app. Get Holiday Promo.,App Installs,Text,25-34,Germany,35592,21881,546,2907,601,423,475,4406,0,88,57,252.97
92,2025-01-08,X (Twitter),App Install Push,XT-250108-00092,We want to hear your story. Share below. App Install Push,Engagement,Text,35-44,UK,9335,6353,74,144,19,14,60,237,0,2,6,76.25
93,2025-01-08,YouTube,Influencer Collab,YT-250108-00093,Discover what makes Influencer Collab different. #NewLaunch,Awareness,Carousel,55+,Brazil,24264,18033,142,429,82,37,73,621,0,28,9,301.49
94,2025-01-08,YouTube,New Feature Announcement,YT-250108-00094,Tell us what you think in the comments! New Feature Announcement,Engagement,Text,25-34,UAE,16344,12424,120,239,38,26,45,348,0,5,2,165.09
95,2025-01-09,Facebook,Product Demo Series,FB-250109-00095,Download now and experience Product Demo Series.,App Installs,Reel,35-44,USA,22494,18660,395,481,78,60,105,724,13353,29,42,192.2
96,2025-01-09,Facebook,Retargeting Campaign,FB-250109-00096,Swipe up to explore Retargeting Campaign today.,Traffic,Carousel,18-24,Germany,9147,5416,58,256,55,23,93,427,0,17,4,63.16
97,2025-01-09,Instagram,Holiday Promo,IG-250109-00097,Don't miss out — Holiday Promo ends soon.,Conversions,Carousel,35-44,India,23803,16985,251,639,88,106,83,916,0,27,20,225.39
98,2025-01-09,Instagram,Lead Gen - Webinar,IG-250109-00098,Full details on our site — Lead Gen - Webinar.,Traffic,Image,18-24,Brazil,21732,14875,244,630,122,51,107,910,0,43,26,176.83
99,2025-01-09,LinkedIn,Holiday Promo,LI-250109-00099,Discover what makes Holiday Promo different. #NewLaunch,Awareness,Carousel,25-34,Brazil,6098,4245,41,123,18,15,55,211,0,4,2,79.67
100,2025-01-09,LinkedIn,Product Demo Series,LI-250109-00100,Join thousands who've already signed up for Product Demo Series.,Lead Generation,Reel,18-24,India,4660,2922,22,100,14,19,34,167,2786,2,2,89.1
101,2025-01-09,TikTok,Retargeting Campaign,TT-250109-00101,Full details on our site — Retargeting Campaign.,Traffic,Text,55+,India,35260,23326,586,2832,424,227,926,4409,0,198,12,276.95
102,2025-01-09,X (Twitter),New Feature Announcement,XT-250109-00102,This is more than a campaign — it's a movement. New Feature Announcement,Awareness,Text,25-34,India,8817,7001,72,196,41,23,23,283,0,6,7,78.15
103,2025-01-09,YouTube,Lead Gen - Webinar,YT-250109-00103,Ready to dive in? Click through for Lead Gen - Webinar.,Traffic,Carousel,25-34,UK,6985,6256,64,74,16,7,17,114,0,1,7,72.83
104,2025-01-10,Facebook,Product Demo Series,FB-250110-00104,Link in bio to learn more about Product Demo Series.,Traffic,Reel,35-44,UAE,19037,11049,198,371,82,53,125,631,9010,8,8,108.04
105,2025-01-10,Facebook,Summer Sale Launch,FB-250110-00105,Limited time only. Shop Summer Sale Launch now.,Conversions,Text,45-54,UAE,15666,12693,116,547,93,40,132,812,0,39,9,105.85
106,2025-01-10,Instagram,Holiday Promo,IG-250110-00106,Your next favorite thing is one click away. Holiday Promo,Conversions,Image,35-44,Brazil,17911,12335,215,753,180,86,296,1315,0,44,15,125.82
107,2025-01-10,Instagram,Influencer Collab,IG-250110-00107,Ready to dive in? Click through for Influencer Collab.,Traffic,Text,18-24,UAE,15531,13311,110,381,82,61,35,559,0,17,9,161.31
108,2025-01-10,LinkedIn,Influencer Collab,LI-250110-00108,Link in bio to learn more about Influencer Collab.,Traffic,Story,55+,USA,7276,4262,77,135,24,23,59,241,2461,8,6,78.83
109,2025-01-10,LinkedIn,Retargeting Campaign,LI-250110-00109,Available now on iOS and Android — Retargeting Campaign.,App Installs,Video,55+,Brazil,4249,3276,23,83,17,7,26,133,2486,3,1,75.95
110,2025-01-10,LinkedIn,Summer Sale Launch,LI-250110-00110,Full details on our site — Summer Sale Launch.,Traffic,Reel,25-34,UK,8495,6629,85,214,45,32,36,327,4256,5,6,144.87
111,2025-01-10,TikTok,Lead Gen - Webinar,TT-250110-00111,Don't miss out — Lead Gen - Webinar ends soon.,Conversions,Text,25-34,UAE,17113,11054,379,927,130,88,211,1356,0,33,32,74.11
112,2025-01-10,X (Twitter),Influencer Collab,XT-250110-00112,Full details on our site — Influencer Collab.,Traffic,Carousel,25-34,India,9587,5426,139,221,42,18,38,319,0,3,3,80.24
113,2025-01-10,X (Twitter),Retargeting Campaign,XT-250110-00113,Sign up now for exclusive access to Retargeting Campaign.,Lead Generation,Reel,35-44,India,8587,7038,107,104,26,14,33,177,4447,6,3,59.32
114,2025-01-10,YouTube,New Feature Announcement,YT-250110-00114,Your next favorite thing is one click away. New Feature Announcement,Conversions,Story,25-34,Brazil,4314,2706,15,110,16,19,25,170,2491,4,0,33.02
115,2025-01-10,YouTube,Summer Sale Launch,YT-250110-00115,Don't miss out — Summer Sale Launch ends soon.,Conversions,Carousel,45-54,UAE,14913,10710,103,401,84,59,122,666,0,27,11,125.65
116,2025-01-11,Facebook,Lead Gen - Webinar,FB-250111-00116,Download now and experience Lead Gen - Webinar.,App Installs,Image,18-24,India,13703,10589,192,177,21,22,37,257,0,9,20,122.95
117,2025-01-11,Instagram,Retargeting Campaign,IG-250111-00117,Double tap if you agree! Retargeting Campaign,Engagement,Video,55+,India,17538,14647,92,959,208,123,228,1518,8639,20,6,165.46
118,2025-01-11,LinkedIn,Lead Gen - Webinar,LI-250111-00118,Tag a friend who needs to see this. Lead Gen - Webinar,Engagement,Image,18-24,UK,4016,2254,42,83,14,7,20,124,0,3,3,45.87
119,2025-01-11,TikTok,Holiday Promo,TT-250111-00119,Don't miss out — Holiday Promo ends soon.,Conversions,Video,25-34,UAE,27404,15390,224,1219,256,210,455,2140,7316,30,8,207.24
120,2025-01-11,TikTok,Summer Sale Launch,TT-250111-00120,Available now on iOS and Android — Summer Sale Launch.,App Installs,Carousel,25-34,UK,47431,40436,677,3643,887,658,1117,6305,0,254,70,352.79
121,2025-01-11,X (Twitter),App Install Push,XT-250111-00121,Don't miss out — App Install Push ends soon.,Conversions,Text,55+,UK,7575,5757,62,137,27,10,28,202,0,3,1,53.38
122,2025-01-11,X (Twitter),Holiday Promo,XT-250111-00122,Download now and experience Holiday Promo.,App Installs,Text,45-54,India,1364,1221,8,18,3,2,6,29,0,0,0,6.56
123,2025-01-11,X (Twitter),Retargeting Campaign,XT-250111-00123,Your next favorite thing is one click away. Retargeting Campaign,Conversions,Reel,18-24,India,10018,6212,104,73,11,12,19,115,2050,1,6,62.49
124,2025-01-12,Facebook,Influencer Collab,FB-250112-00124,Join thousands who've already signed up for Influencer Collab.,Lead Generation,Story,25-34,UAE,17391,11133,193,618,123,74,123,938,10348,10,11,122.89
125,2025-01-12,Facebook,New Feature Announcement,FB-250112-00125,Download now and experience New Feature Announcement.,App Installs,Carousel,55+,India,24596,18890,323,676,154,134,223,1187,0,57,14,152.33
126,2025-01-12,Instagram,Retargeting Campaign,IG-250112-00126,Sign up now for exclusive access to Retargeting Campaign.,Lead Generation,Text,55+,India,44830,35941,303,2910,524,267,479,4180,0,46,8,432.36
127,2025-01-12,LinkedIn,New Feature Announcement,LI-250112-00127,Get the free guide: New Feature Announcement.,Lead Generation,Reel,35-44,India,8286,4732,44,97,13,16,17,143,4274,5,1,112.44
128,2025-01-12,LinkedIn,Product Demo Series,LI-250112-00128,Your next favorite thing is one click away. Product Demo Series,Conversions,Story,35-44,UK,6471,4552,58,119,25,13,18,175,3655,3,4,83.86
129,2025-01-12,LinkedIn,Retargeting Campaign,LI-250112-00129,Swipe up to explore Retargeting Campaign today.,Traffic,Carousel,35-44,Brazil,6161,4115,60,91,19,15,31,156,0,1,2,72.98
130,2025-01-12,X (Twitter),Retargeting Campaign,XT-250112-00130,Discover what makes Retargeting Campaign different. #NewLaunch,Awareness,Text,35-44,UK,8081,5174,98,95,12,16,20,143,0,1,4,55.92
131,2025-01-12,YouTube,Lead Gen - Webinar,YT-250112-00131,Get the app. Get Lead Gen - Webinar.,App Installs,Video,35-44,India,16699,12061,77,476,89,58,150,773,5952,37,2,176.89
132,2025-01-13,Facebook,New Feature Announcement,FB-250113-00132,Discover what makes New Feature Announcement different. #NewLaunch,Awareness,Story,45-54,Germany,9917,8010,134,251,50,33,37,371,2427,7,5,97.27
133,2025-01-13,Instagram,App Install Push,IG-250113-00133,Limited time only. Shop App Install Push now.,Conversions,Video,35-44,India,31931,18905,315,532,94,69,195,890,12117,17,18,310.75
134,2025-01-13,Instagram,Lead Gen - Webinar,IG-250113-00134,We want to hear your story. Share below. Lead Gen - Webinar,Engagement,Story,45-54,Brazil,16705,14830,75,973,212,123,200,1508,7796,23,5,145.33
135,2025-01-13,Instagram,Summer Sale Launch,IG-250113-00135,Sign up now for exclusive access to Summer Sale Launch.,Lead Generation,Story,45-54,USA,22372,19638,109,491,115,57,132,795,5801,39,2,193.55
136,2025-01-13,TikTok,Retargeting Campaign,TT-250113-00136,Get the app. Get Retargeting Campaign.,App Installs,Image,55+,India,20146,15828,441,642,109,109,127,987,0,42,39,99.6
137,2025-01-13,X (Twitter),New Feature Announcement,XT-250113-00137,Don't miss out — New Feature Announcement ends soon.,Conversions,Image,35-44,Germany,11029,9712,138,154,33,21,33,241,0,9,15,54.09
138,2025-01-13,YouTube,Influencer Collab,YT-250113-00138,Get exclusive access to Influencer Collab today.,Conversions,Story,55+,UAE,9347,7296,52,203,45,43,68,359,3390,16,6,65.15
139,2025-01-13,YouTube,Summer Sale Launch,YT-250113-00139,Get the app. Get Summer Sale Launch.,App Installs,Reel,55+,UK,18509,15248,124,524,83,56,106,769,9345,32,12,205.26
140,2025-01-14,Facebook,Brand Awareness Q3,FB-250114-00140,Get the free guide: Brand Awareness Q3.,Lead Generation,Image,45-54,Brazil,16353,11130,134,215,42,31,48,336,0,14,7,125.65
141,2025-01-14,Facebook,New Feature Announcement,FB-250114-00141,This is more than a campaign — it's a movement. New Feature Announcement,Awareness,Image,25-34,UK,12936,9053,183,420,53,34,95,602,0,12,14,117.11
142,2025-01-14,Instagram,Brand Awareness Q3,IG-250114-00142,Get the app. Get Brand Awareness Q3.,App Installs,Reel,18-24,Germany,28182,19679,313,612,106,86,148,952,15362,17,29,188.94
143,2025-01-14,LinkedIn,Product Demo Series,LI-250114-00143,Tag a friend who needs to see this. Product Demo Series,Engagement,Text,18-24,UAE,4823,2814,17,98,18,10,27,153,0,4,1,68.09
144,2025-01-14,TikTok,Holiday Promo,TT-250114-00144,Available now on iOS and Android — Holiday Promo.,App Installs,Story,25-34,India,54054,43315,1173,1307,181,215,553,2256,30854,27,52,430.9
145,2025-01-14,TikTok,Influencer Collab,TT-250114-00145,Full details on our site — Influencer Collab.,Traffic,Story,35-44,India,13273,11773,191,984,129,146,298,1557,7003,70,15,108.78
146,2025-01-14,TikTok,Retargeting Campaign,TT-250114-00146,Get the free guide: Retargeting Campaign.,Lead Generation,Text,18-24,USA,3756,2099,46,175,34,25,53,287,0,12,4,25.37
147,2025-01-14,X (Twitter),Holiday Promo,XT-250114-00147,This is more than a campaign — it's a movement. Holiday Promo,Awareness,Reel,25-34,UK,14163,8183,84,257,45,29,114,445,5773,5,2,91.35
148,2025-01-14,X (Twitter),Influencer Collab,XT-250114-00148,Full details on our site — Influencer Collab.,Traffic,Video,45-54,Germany,10742,8600,85,121,19,20,54,214,5195,3,6,60.41
149,2025-01-14,X (Twitter),Retargeting Campaign,XT-250114-00149,Tell us what you think in the comments! Retargeting Campaign,Engagement,Image,35-44,India,8404,4920,86,80,13,14,28,135,0,4,4,61.57
150,2025-01-14,YouTube,Brand Awareness Q3,YT-250114-00150,Swipe up to explore Brand Awareness Q3 today.,Traffic,Image,45-54,USA,17312,10903,76,391,88,72,89,640,0,26,3,155.81
151,2025-01-15,Facebook,Influencer Collab,FB-250115-00151,"You asked, we delivered. Introducing Influencer Collab.",Awareness,Reel,18-24,Germany,17299,14092,167,525,113,52,95,785,10327,36,5,127.09
152,2025-01-15,Instagram,App Install Push,IG-250115-00152,Download now and experience App Install Push.,App Installs,Video,18-24,Brazil,13756,9299,73,777,124,95,232,1228,5588,57,5,114.27
153,2025-01-15,Instagram,Influencer Collab,IG-250115-00153,Get the free guide: Influencer Collab.,Lead Generation,Image,35-44,Brazil,24477,20508,142,1421,235,190,219,2065,0,62,5,247.95
154,2025-01-15,LinkedIn,Holiday Promo,LI-250115-00154,Tell us what you think in the comments! Holiday Promo,Engagement,Reel,55+,UAE,4694,3468,48,94,15,10,31,150,2181,4,5,79.54
155,2025-01-15,LinkedIn,Product Demo Series,LI-250115-00155,Get the app. Get Product Demo Series.,App Installs,Text,25-34,USA,4131,2990,46,91,22,9,35,157,0,7,2,76.21
156,2025-01-15,TikTok,Lead Gen - Webinar,TT-250115-00156,Don't miss out — Lead Gen - Webinar ends soon.,Conversions,Text,35-44,USA,18816,12769,151,455,117,70,157,799,0,17,9,155.35
157,2025-01-15,X (Twitter),New Feature Announcement,XT-250115-00157,Download now and experience New Feature Announcement.,App Installs,Carousel,55+,USA,9842,8134,82,71,10,11,25,117,0,4,9,63.06
158,2025-01-15,X (Twitter),Retargeting Campaign,XT-250115-00158,Download now and experience Retargeting Campaign.,App Installs,Image,25-34,Germany,11209,9031,113,81,18,7,22,128,0,4,4,90.17
159,2025-01-15,X (Twitter),Summer Sale Launch,XT-250115-00159,Sign up now for exclusive access to Summer Sale Launch.,Lead Generation,Text,45-54,India,6152,4546,87,88,11,14,25,138,0,5,8,33.02
160,2025-01-16,Facebook,Retargeting Campaign,FB-250116-00160,Reserve your spot for Retargeting Campaign — seats are limited.,Lead Generation,Text,45-54,Germany,18753,13296,294,252,36,29,88,405,0,10,19,171.05
161,2025-01-16,Facebook,Summer Sale Launch,FB-250116-00161,Limited time only. Shop Summer Sale Launch now.,Conversions,Story,55+,Germany,27391,21700,171,744,145,99,77,1065,11252,28,14,187.84
162,2025-01-16,Instagram,Summer Sale Launch,IG-250116-00162,Tell us what you think in the comments! Summer Sale Launch,Engagement,Image,25-34,UAE,14518,8402,204,453,84,52,93,682,0,23,6,100.47
163,2025-01-16,LinkedIn,App Install Push,LI-250116-00163,Your next favorite thing is one click away. App Install Push,Conversions,Video,45-54,Brazil,5527,4510,25,91,12,10,44,157,3226,4,2,110.84
164,2025-01-16,LinkedIn,Product Demo Series,LI-250116-00164,Link in bio to learn more about Product Demo Series.,Traffic,Reel,18-24,Brazil,3171,2132,30,58,9,5,30,102,970,1,2,53.44
165,2025-01-16,LinkedIn,Summer Sale Launch,LI-250116-00165,"You asked, we delivered. Introducing Summer Sale Launch.",Awareness,Story,35-44,UK,3956,2721,27,97,20,14,11,142,1483,2,2,52.82
166,2025-01-16,TikTok,Holiday Promo,TT-250116-00166,Ready to dive in? Click through for Holiday Promo.,Traffic,Reel,55+,India,27758,15831,619,826,188,84,166,1264,8918,17,19,133.17
167,2025-01-16,TikTok,Lead Gen - Webinar,TT-250116-00167,Get exclusive access to Lead Gen - Webinar today.,Conversions,Video,35-44,Germany,29072,22473,498,2363,450,200,648,3661,14389,111,17,185.4
168,2025-01-16,TikTok,New Feature Announcement,TT-250116-00168,Swipe up to explore New Feature Announcement today.,Traffic,Video,18-24,Germany,15647,10619,209,1232,250,94,292,1868,3249,38,14,93.07
169,2025-01-16,X (Twitter),App Install Push,XT-250116-00169,Swipe up to explore App Install Push today.,Traffic,Carousel,55+,UAE,11902,9379,64,94,12,7,30,143,0,5,7,57.34
170,2025-01-16,X (Twitter),Lead Gen - Webinar,XT-250116-00170,We want to hear your story. Share below. Lead Gen - Webinar,Engagement,Text,55+,UAE,8038,5844,79,64,9,9,18,100,0,1,2,63.14
171,2025-01-16,YouTube,Product Demo Series,YT-250116-00171,Don't miss out — Product Demo Series ends soon.,Conversions,Story,55+,UK,18368,13511,60,612,91,108,104,915,9169,38,4,195.67
172,2025-01-17,Facebook,Brand Awareness Q3,FB-250117-00172,Install today and unlock Brand Awareness Q3.,App Installs,Reel,25-34,UK,26114,16227,319,810,117,94,240,1261,5277,50,24,244.56
173,2025-01-17,Facebook,Lead Gen - Webinar,FB-250117-00173,We want to hear your story. Share below. Lead Gen - Webinar,Engagement,Text,45-54,Germany,15336,8624,222,276,42,29,51,398,0,17,11,92.5
174,2025-01-17,Instagram,Lead Gen - Webinar,IG-250117-00174,Swipe up to explore Lead Gen - Webinar today.,Traffic,Image,25-34,Germany,18922,14302,175,739,159,118,306,1322,0,48,14,169.51
175,2025-01-17,Instagram,Retargeting Campaign,IG-250117-00175,Discover what makes Retargeting Campaign different. #NewLaunch,Awareness,Text,55+,UK,28374,19977,169,857,120,91,326,1394,0,69,15,260.3
176,2025-01-17,LinkedIn,App Install Push,LI-250117-00176,Link in bio to learn more about App Install Push.,Traffic,Carousel,25-34,USA,6839,5718,35,127,24,16,22,189,0,4,2,110.4
177,2025-01-17,LinkedIn,Brand Awareness Q3,LI-250117-00177,Install today and unlock Brand Awareness Q3.,App Installs,Video,35-44,USA,4632,3463,40,115,23,10,31,179,1383,6,0,68.71
178,2025-01-17,LinkedIn,Holiday Promo,LI-250117-00178,Ready to dive in? Click through for Holiday Promo.,Traffic,Story,55+,Brazil,8571,6683,38,133,18,14,29,194,3815,9,2,124.58
179,2025-01-17,TikTok,Brand Awareness Q3,TT-250117-00179,Full details on our site — Brand Awareness Q3.,Traffic,Image,18-24,Brazil,31993,22313,537,2096,401,401,794,3692,0,123,41,185.95
180,2025-01-17,TikTok,Influencer Collab,TT-250117-00180,We want to hear your story. Share below. Influencer Collab,Engagement,Carousel,25-34,Germany,23439,19659,343,620,114,116,260,1110,0,34,33,168.11
181,2025-01-17,TikTok,Summer Sale Launch,TT-250117-00181,Install today and unlock Summer Sale Launch.,App Installs,Reel,55+,Brazil,48133,41402,776,2284,480,187,783,3734,24917,51,43,327.41
182,2025-01-17,X (Twitter),Brand Awareness Q3,XT-250117-00182,Link in bio to learn more about Brand Awareness Q3.,Traffic,Text,25-34,UAE,10816,6647,97,107,15,20,52,194,0,4,6,65.54
183,2025-01-17,X (Twitter),Lead Gen - Webinar,XT-250117-00183,Link in bio to learn more about Lead Gen - Webinar.,Traffic,Story,55+,Germany,7475,4627,110,112,26,20,32,190,2249,7,12,65.7
184,2025-01-17,YouTube,Summer Sale Launch,YT-250117-00184,Link in bio to learn more about Summer Sale Launch.,Traffic,Text,45-54,Germany,13259,9429,113,363,68,34,81,546,0,25,13,136.23
185,2025-01-18,Facebook,Holiday Promo,FB-250118-00185,We want to hear your story. Share below. Holiday Promo,Engagement,Image,45-54,India,23552,19489,294,695,111,118,115,1039,0,39,10,189.56
186,2025-01-18,Facebook,Retargeting Campaign,FB-250118-00186,Double tap if you agree! Retargeting Campaign,Engagement,Reel,35-44,USA,17369,11143,147,566,95,99,205,965,3927,28,14,132.2
187,2025-01-18,Facebook,Summer Sale Launch,FB-250118-00187,Tell us what you think in the comments! Summer Sale Launch,Engagement,Image,55+,India,16716,9390,104,529,108,73,218,928,0,10,11,118.24
188,2025-01-18,Instagram,Influencer Collab,IG-250118-00188,Get the app. Get Influencer Collab.,App Installs,Reel,45-54,Germany,17044,14487,229,544,70,50,116,780,7869,12,25,115.86
189,2025-01-18,Instagram,Product Demo Series,IG-250118-00189,Tag a friend who needs to see this. Product Demo Series,Engagement,Video,55+,USA,22641,16397,125,1079,171,167,187,1604,9267,34,5,255.3
190,2025-01-18,LinkedIn,App Install Push,LI-250118-00190,"You asked, we delivered. Introducing App Install Push.",Awareness,Reel,18-24,UK,5590,3929,50,113,24,11,50,198,3256,2,4,99.37
191,2025-01-18,LinkedIn,Brand Awareness Q3,LI-250118-00191,Install today and unlock Brand Awareness Q3.,App Installs,Image,25-34,UAE,4640,3828,23,54,9,9,22,94,0,4,0,71.56
192,2025-01-18,LinkedIn,Holiday Promo,LI-250118-00192,Swipe up to explore Holiday Promo today.,Traffic,Reel,45-54,Germany,8136,4801,82,155,36,24,63,278,3204,4,5,89.33
193,2025-01-18,TikTok,Holiday Promo,TT-250118-00193,We want to hear your story. Share below. Holiday Promo,Engagement,Carousel,18-24,UK,29381,25204,599,1141,275,192,240,1848,0,52,15,126.75
194,2025-01-18,TikTok,Summer Sale Launch,TT-250118-00194,Reserve your spot for Summer Sale Launch — seats are limited.,Lead Generation,Story,45-54,India,30916,23121,437,2642,430,238,811,4121,9286,181,18,149.49
195,2025-01-18,X (Twitter),Summer Sale Launch,XT-250118-00195,Get the free guide: Summer Sale Launch.,Lead Generation,Reel,55+,UK,9778,7294,149,67,10,11,22,110,4514,1,6,92.22
196,2025-01-18,YouTube,Brand Awareness Q3,YT-250118-00196,This is more than a campaign — it's a movement. Brand Awareness Q3,Awareness,Video,35-44,UAE,20407,14368,144,250,50,31,36,367,12114,13,8,266.95
197,2025-01-18,YouTube,Holiday Promo,YT-250118-00197,"You asked, we delivered. Introducing Holiday Promo.",Awareness,Image,45-54,India,20423,17250,86,554,101,53,188,896,0,26,7,146.76
198,2025-01-18,YouTube,Product Demo Series,YT-250118-00198,Sign up now for exclusive access to Product Demo Series.,Lead Generation,Reel,18-24,Brazil,28981,25532,249,701,123,108,200,1132,11737,47,6,297.84
199,2025-01-19,Facebook,App Install Push,FB-250119-00199,This is more than a campaign — it's a movement. App Install Push,Awareness,Image,25-34,Germany,17425,14635,166,283,59,24,66,432,0,10,5,113.43
200,2025-01-19,Instagram,Holiday Promo,IG-250119-00200,Discover what makes Holiday Promo different. #NewLaunch,Awareness,Image,25-34,UAE,24440,19461,240,484,66,68,209,827,0,18,19,182.55
201,2025-01-19,Instagram,Influencer Collab,IG-250119-00201,Link in bio to learn more about Influencer Collab.,Traffic,Text,45-54,Germany,15916,12620,152,441,62,54,201,758,0,33,17,151.03
202,2025-01-19,Instagram,Lead Gen - Webinar,IG-250119-00202,Limited time only. Shop Lead Gen - Webinar now.,Conversions,Image,45-54,UAE,24867,16506,280,459,111,52,176,798,0,28,13,262.21
203,2025-01-19,LinkedIn,Product Demo Series,LI-250119-00203,Download now and experience Product Demo Series.,App Installs,Video,35-44,UK,6899,5560,34,176,30,26,31,263,3647,7,2,92.04
204,2025-01-19,X (Twitter),App Install Push,XT-250119-00204,Reserve your spot for App Install Push — seats are limited.,Lead Generation,Reel,45-54,India,11279,8828,88,232,42,20,64,358,6156,11,5,77.69
205,2025-01-19,X (Twitter),Brand Awareness Q3,XT-250119-00205,"You asked, we delivered. Introducing Brand Awareness Q3.",Awareness,Reel,18-24,India,11102,7584,174,85,11,14,30,140,6032,3,8,101.36
206,2025-01-19,X (Twitter),Influencer Collab,XT-250119-00206,Join thousands who've already signed up for Influencer Collab.,Lead Generation,Text,55+,Germany,1943,1374,25,31,5,5,8,49,0,1,2,13.61
207,2025-01-19,X (Twitter),New Feature Announcement,XT-250119-00207,Get exclusive access to New Feature Announcement today.,Conversions,Image,55+,UK,5653,4854,54,43,9,6,20,78,0,1,5,46.26
208,2025-01-19,X (Twitter),Retargeting Campaign,XT-250119-00208,Install today and unlock Retargeting Campaign.,App Installs,Carousel,55+,Germany,9617,7998,49,209,32,34,43,318,0,4,5,58.66
209,2025-01-20,Facebook,Brand Awareness Q3,FB-250120-00209,Don't miss out — Brand Awareness Q3 ends soon.,Conversions,Carousel,35-44,UAE,24143,20706,299,581,96,76,194,947,0,43,23,224.84
210,2025-01-20,Facebook,Product Demo Series,FB-250120-00210,This is more than a campaign — it's a movement. Product Demo Series,Awareness,Story,55+,USA,14361,10448,230,359,82,32,76,549,5295,14,13,96.11
211,2025-01-20,Instagram,New Feature Announcement,IG-250120-00211,Limited time only. Shop New Feature Announcement now.,Conversions,Reel,18-24,India,23103,14944,326,709,106,105,220,1140,9394,11,13,169.83
212,2025-01-20,Instagram,Product Demo Series,IG-250120-00212,Get the app. Get Product Demo Series.,App Installs,Reel,45-54,India,24056,18349,181,1365,270,98,236,1969,7289,24,4,225.96
213,2025-01-20,LinkedIn,Brand Awareness Q3,LI-250120-00213,Full details on our site — Brand Awareness Q3.,Traffic,Story,45-54,USA,11624,6571,51,204,44,32,60,340,4323,12,4,217.75
214,2025-01-20,LinkedIn,Holiday Promo,LI-250120-00214,Discover what makes Holiday Promo different. #NewLaunch,Awareness,Video,55+,Germany,7068,5381,62,68,12,8,24,112,3537,1,3,80.42
215,2025-01-20,LinkedIn,Retargeting Campaign,LI-250120-00215,Join thousands who've already signed up for Retargeting Campaign.,Lead Generation,Story,45-54,USA,5527,4861,47,109,22,9,41,181,2459,8,5,91.78
216,2025-01-20,X (Twitter),Brand Awareness Q3,XT-250120-00216,Your next favorite thing is one click away. Brand Awareness Q3,Conversions,Image,45-54,Germany,6278,3529,71,143,24,11,34,212,0,3,5,54.73
217,2025-01-20,X (Twitter),Influencer Collab,XT-250120-00217,Install today and unlock Influencer Collab.,App Installs,Story,35-44,UAE,10336,7857,136,147,19,15,47,228,2255,3,9,67.0
218,2025-01-20,X (Twitter),Lead Gen - Webinar,XT-250120-00218,Double tap if you agree! Lead Gen - Webinar,Engagement,Carousel,55+,UK,6952,5585,43,123,25,13,59,220,0,4,2,33.48
219,2025-01-20,X (Twitter),Summer Sale Launch,XT-250120-00219,We want to hear your story. Share below. Summer Sale Launch,Engagement,Reel,45-54,UAE,12307,6976,183,243,45,42,44,374,3640,15,5,69.44
220,2025-01-20,YouTube,Holiday Promo,YT-250120-00220,This is more than a campaign — it's a movement. Holiday Promo,Awareness,Video,35-44,India,17630,12432,123,424,85,44,112,665,6237,19,3,177.31
221,2025-01-20,YouTube,Lead Gen - Webinar,YT-250120-00221,"You asked, we delivered. Introducing Lead Gen - Webinar.",Awareness,Text,55+,UK,12450,8047,62,333,73,58,76,540,0,14,6,153.79
222,2025-01-20,YouTube,New Feature Announcement,YT-250120-00222,"You asked, we delivered. Introducing New Feature Announcement.",Awareness,Carousel,35-44,Germany,20693,15524,132,364,57,29,79,529,0,12,4,222.52
223,2025-01-21,Facebook,Influencer Collab,FB-250121-00223,Your next favorite thing is one click away. Influencer Collab,Conversions,Video,45-54,Brazil,19598,14437,314,300,39,47,64,450,11320,7,33,131.26
224,2025-01-21,Facebook,Lead Gen - Webinar,FB-250121-00224,Swipe up to explore Lead Gen - Webinar today.,Traffic,Image,35-44,UAE,10052,8928,123,205,28,26,63,322,0,8,8,85.82
225,2025-01-21,Facebook,Summer Sale Launch,FB-250121-00225,Tell us what you think in the comments! Summer Sale Launch,Engagement,Story,25-34,Brazil,28178,19287,168,321,48,27,133,529,8895,24,11,259.8
226,2025-01-21,Instagram,Brand Awareness Q3,IG-250121-00226,Limited time only. Shop Brand Awareness Q3 now.,Conversions,Text,35-44,Brazil,28109,19111,293,1359,221,128,373,2081,0,94,10,230.81
227,2025-01-21,Instagram,Lead Gen - Webinar,IG-250121-00227,Ready to dive in? Click through for Lead Gen - Webinar.,Traffic,Reel,55+,UAE,15339,13772,202,668,129,67,188,1052,5985,33,4,122.84
228,2025-01-21,Instagram,Summer Sale Launch,IG-250121-00228,Limited time only. Shop Summer Sale Launch now.,Conversions,Video,45-54,USA,27050,15058,249,1297,253,117,304,1971,14114,41,13,201.75
229,2025-01-21,LinkedIn,New Feature Announcement,LI-250121-00229,Limited time only. Shop New Feature Announcement now.,Conversions,Video,45-54,Brazil,8026,5438,41,208,43,20,67,338,3227,16,0,121.02
230,2025-01-21,LinkedIn,Product Demo Series,LI-250121-00230,Get exclusive access to Product Demo Series today.,Conversions,Carousel,35-44,Brazil,6982,4970,77,127,22,14,25,188,0,7,3,91.12
231,2025-01-21,TikTok,Brand Awareness Q3,TT-250121-00231,Get the app. Get Brand Awareness Q3.,App Installs,Carousel,45-54,India,11640,7811,109,319,61,36,78,494,0,11,6,52.39
232,2025-01-21,TikTok,New Feature Announcement,TT-250121-00232,Link in bio to learn more about New Feature Announcement.,Traffic,Story,35-44,Brazil,26494,16001,411,1618,337,196,286,2437,7361,29,18,144.92
233,2025-01-21,X (Twitter),Lead Gen - Webinar,XT-250121-00233,Tell us what you think in the comments! Lead Gen - Webinar,Engagement,Text,25-34,Brazil,1377,810,19,18,3,1,6,28,0,0,1,12.35
234,2025-01-21,YouTube,Retargeting Campaign,YT-250121-00234,Reserve your spot for Retargeting Campaign — seats are limited.,Lead Generation,Text,25-34,USA,18659,14200,157,557,138,72,173,940,0,29,8,171.92
235,2025-01-21,YouTube,Summer Sale Launch,YT-250121-00235,Sign up now for exclusive access to Summer Sale Launch.,Lead Generation,Story,45-54,Germany,16262,11746,110,522,81,80,67,750,9471,13,8,190.82
236,2025-01-22,Facebook,Product Demo Series,FB-250122-00236,Download now and experience Product Demo Series.,App Installs,Text,35-44,UK,19654,13793,324,454,56,64,81,655,0,23,19,154.14
237,2025-01-22,Instagram,Summer Sale Launch,IG-250122-00237,Get the app. Get Summer Sale Launch.,App Installs,Text,45-54,Brazil,24581,13986,292,655,137,63,336,1191,0,14,26,180.06
238,2025-01-22,LinkedIn,App Install Push,LI-250122-00238,This is more than a campaign — it's a movement. App Install Push,Awareness,Reel,18-24,UK,4010,3383,14,52,8,4,15,79,2153,1,0,55.36
239,2025-01-22,LinkedIn,Holiday Promo,LI-250122-00239,Discover what makes Holiday Promo different. #NewLaunch,Awareness,Story,18-24,Brazil,4652,3785,43,99,20,13,18,150,1074,3,2,51.4
240,2025-01-22,TikTok,Retargeting Campaign,TT-250122-00240,Get the app. Get Retargeting Campaign.,App Installs,Video,18-24,India,25135,18228,483,1511,230,212,758,2711,7852,114,20,136.74
241,2025-01-22,X (Twitter),Lead Gen - Webinar,XT-250122-00241,Download now and experience Lead Gen - Webinar.,App Installs,Reel,45-54,Germany,4877,3901,68,89,16,8,29,142,1944,3,3,41.21
242,2025-01-22,X (Twitter),Retargeting Campaign,XT-250122-00242,Limited time only. Shop Retargeting Campaign now.,Conversions,Text,18-24,Germany,13286,7878,196,180,35,27,51,293,0,5,17,67.78
243,2025-01-22,YouTube,Lead Gen - Webinar,YT-250122-00243,Full details on our site — Lead Gen - Webinar.,Traffic,Carousel,55+,UAE,13847,12119,78,394,74,43,148,659,0,22,9,151.06
244,2025-01-22,YouTube,Product Demo Series,YT-250122-00244,Double tap if you agree! Product Demo Series,Engagement,Reel,55+,Germany,16022,9993,149,171,31,26,17,245,7933,10,3,137.94
245,2025-01-22,YouTube,Summer Sale Launch,YT-250122-00245,Your next favorite thing is one click away. Summer Sale Launch,Conversions,Image,25-34,India,17267,11957,59,269,64,55,87,475,0,14,6,123.13
246,2025-01-23,Facebook,Brand Awareness Q3,FB-250123-00246,Swipe up to explore Brand Awareness Q3 today.,Traffic,Story,35-44,UK,10628,7129,176,195,44,31,45,315,2158,11,6,59.27
247,2025-01-23,Facebook,Lead Gen - Webinar,FB-250123-00247,Ready to dive in? Click through for Lead Gen - Webinar.,Traffic,Image,35-44,Germany,19219,15305,106,309,59,55,48,471,0,17,12,177.69
248,2025-01-23,Facebook,Product Demo Series,FB-250123-00248,Don't miss out — Product Demo Series ends soon.,Conversions,Story,18-24,UK,23345,16497,166,847,130,114,256,1347,7234,56,4,205.86
249,2025-01-23,Facebook,Retargeting Campaign,FB-250123-00249,Get the free guide: Retargeting Campaign.,Lead Generation,Story,55+,UAE,16008,10876,98,487,109,87,113,796,6225,35,8,101.86
250,2025-01-23,Instagram,Brand Awareness Q3,IG-250123-00250,Full details on our site — Brand Awareness Q3.,Traffic,Text,55+,UK,33927,27959,414,1193,198,106,461,1958,0,57,18,239.19
251,2025-01-23,LinkedIn,Brand Awareness Q3,LI-250123-00251,Swipe up to explore Brand Awareness Q3 today.,Traffic,Text,18-24,India,6213,4174,39,45,9,9,14,77,0,3,0,116.48
252,2025-01-23,LinkedIn,Summer Sale Launch,LI-250123-00252,Ready to dive in? Click through for Summer Sale Launch.,Traffic,Story,25-34,UK,4702,3872,39,39,9,5,12,65,1333,1,2,68.38
253,2025-01-23,TikTok,Brand Awareness Q3,TT-250123-00253,Full details on our site — Brand Awareness Q3.,Traffic,Text,45-54,UAE,47445,29346,434,3157,570,285,720,4732,0,120,36,360.9
254,2025-01-23,X (Twitter),App Install Push,XT-250123-00254,Get the free guide: App Install Push.,Lead Generation,Story,55+,UAE,5623,4844,45,58,9,9,29,105,1157,2,4,33.93
255,2025-01-23,X (Twitter),New Feature Announcement,XT-250123-00255,Discover what makes New Feature Announcement different. #NewLaunch,Awareness,Story,35-44,Brazil,8446,4816,131,183,41,24,27,275,2924,5,3,78.91
256,2025-01-23,YouTube,Holiday Promo,YT-250123-00256,Tell us what you think in the comments! Holiday Promo,Engagement,Video,25-34,USA,18520,14125,91,238,48,26,56,368,8987,6,5,202.57
257,2025-01-23,YouTube,Retargeting Campaign,YT-250123-00257,We want to hear your story. Share below. Retargeting Campaign,Engagement,Story,35-44,India,9779,8027,79,229,29,16,56,330,2426,6,7,115.11
258,2025-01-23,YouTube,Summer Sale Launch,YT-250123-00258,Tell us what you think in the comments! Summer Sale Launch,Engagement,Story,55+,UK,13799,9969,78,300,37,38,95,470,6499,10,5,180.18
259,2025-01-24,Facebook,Brand Awareness Q3,FB-250124-00259,Limited time only. Shop Brand Awareness Q3 now.,Conversions,Image,55+,Germany,9532,7758,158,348,57,57,85,547,0,13,12,62.6
260,2025-01-24,Facebook,Summer Sale Launch,FB-250124-00260,Reserve your spot for Summer Sale Launch — seats are limited.,Lead Generation,Reel,35-44,UK,15692,9021,99,559,97,95,143,894,7492,36,5,151.24
261,2025-01-24,Instagram,New Feature Announcement,IG-250124-00261,Double tap if you agree! New Feature Announcement,Engagement,Video,55+,Germany,27284,24044,363,1003,170,127,205,1505,7488,35,28,188.67
262,2025-01-24,TikTok,App Install Push,TT-250124-00262,Get the app. Get App Install Push.,App Installs,Story,35-44,UK,10108,8579,108,774,195,159,208,1336,4324,27,12,72.67
263,2025-01-24,TikTok,Influencer Collab,TT-250124-00263,Ready to dive in? Click through for Influencer Collab.,Traffic,Text,45-54,UK,25726,22707,410,1342,244,217,304,2107,0,96,22,138.57
264,2025-01-24,TikTok,Summer Sale Launch,TT-250124-00264,Tell us what you think in the comments! Summer Sale Launch,Engagement,Reel,35-44,UAE,15686,13992,292,540,113,58,159,870,4158,28,25,108.09
265,2025-01-24,X (Twitter),New Feature Announcement,XT-250124-00265,Get the app. Get New Feature Announcement.,App Installs,Text,25-34,UAE,8979,4976,45,114,15,15,22,166,0,7,2,52.23
266,2025-01-24,X (Twitter),Retargeting Campaign,XT-250124-00266,Available now on iOS and Android — Retargeting Campaign.,App Installs,Video,18-24,Germany,3949,3079,30,39,4,4,10,57,846,0,0,22.95
267,2025-01-24,X (Twitter),Summer Sale Launch,XT-250124-00267,Get the free guide: Summer Sale Launch.,Lead Generation,Text,18-24,Brazil,15891,11147,87,136,21,11,54,222,0,9,10,139.46
268,2025-01-24,YouTube,Lead Gen - Webinar,YT-250124-00268,"You asked, we delivered. Introducing Lead Gen - Webinar.",Awareness,Text,18-24,Germany,23201,18679,84,391,80,68,167,706,0,18,4,172.57
269,2025-01-24,YouTube,New Feature Announcement,YT-250124-00269,Join thousands who've already signed up for New Feature Announcement.,Lead Generation,Carousel,25-34,UAE,25627,14750,182,745,174,146,224,1289,0,39,21,331.24
270,2025-01-25,Facebook,App Install Push,FB-250125-00270,Your next favorite thing is one click away. App Install Push,Conversions,Text,35-44,UAE,27099,20087,466,333,69,58,73,533,0,17,46,167.77
271,2025-01-25,Facebook,Influencer Collab,FB-250125-00271,Sign up now for exclusive access to Influencer Collab.,Lead Generation,Reel,35-44,Brazil,24271,21661,385,750,135,132,122,1139,6437,47,22,190.66
272,2025-01-25,Instagram,Summer Sale Launch,IG-250125-00272,Your next favorite thing is one click away. Summer Sale Launch,Conversions,Image,25-34,USA,14327,12218,86,407,96,66,117,686,0,24,3,147.75
273,2025-01-25,LinkedIn,Holiday Promo,LI-250125-00273,Link in bio to learn more about Holiday Promo.,Traffic,Image,45-54,USA,4581,4079,24,58,9,4,28,99,0,1,2,80.41
274,2025-01-25,LinkedIn,Product Demo Series,LI-250125-00274,Tag a friend who needs to see this. Product Demo Series,Engagement,Text,18-24,UAE,4503,2516,44,37,8,4,8,57,0,2,3,56.45
275,2025-01-25,TikTok,Holiday Promo,TT-250125-00275,Available now on iOS and Android — Holiday Promo.,App Installs,Video,45-54,USA,41360,29431,876,2909,619,305,579,4412,13985,103,34,313.91
276,2025-01-25,TikTok,Summer Sale Launch,TT-250125-00276,Link in bio to learn more about Summer Sale Launch.,Traffic,Text,35-44,Brazil,45327,35416,372,2745,383,437,617,4182,0,48,42,301.51
277,2025-01-25,YouTube,Influencer Collab,YT-250125-00277,Tell us what you think in the comments! Influencer Collab,Engagement,Text,45-54,Brazil,17330,13502,69,508,80,64,154,806,0,32,2,119.57
278,2025-01-25,YouTube,Product Demo Series,YT-250125-00278,Don't miss out — Product Demo Series ends soon.,Conversions,Text,35-44,USA,5969,3837,41,100,20,8,25,153,0,3,2,60.09
279,2025-01-25,YouTube,Retargeting Campaign,YT-250125-00279,Ready to dive in? Click through for Retargeting Campaign.,Traffic,Reel,18-24,India,15179,11870,119,423,69,50,149,691,4138,17,12,172.87
280,2025-01-26,Facebook,Influencer Collab,FB-250126-00280,Available now on iOS and Android — Influencer Collab.,App Installs,Image,45-54,Brazil,8454,4817,84,312,61,45,65,483,0,19,5,53.22
281,2025-01-26,Facebook,New Feature Announcement,FB-250126-00281,Swipe up to explore New Feature Announcement today.,Traffic,Reel,35-44,USA,18436,11865,104,628,136,106,199,1069,5686,36,5,155.83
282,2025-01-26,Facebook,Retargeting Campaign,FB-250126-00282,Your next favorite thing is one click away. Retargeting Campaign,Conversions,Carousel,18-24,UAE,16146,10441,173,530,110,59,248,947,0,24,5,167.05
283,2025-01-26,Instagram,Retargeting Campaign,IG-250126-00283,Swipe up to explore Retargeting Campaign today.,Traffic,Video,45-54,India,17934,14495,205,597,107,68,221,993,5513,21,14,124.08
284,2025-01-26,LinkedIn,App Install Push,LI-250126-00284,Get the free guide: App Install Push.,Lead Generation,Text,25-34,India,8624,5751,78,118,28,14,52,212,0,4,6,125.42
285,2025-01-26,LinkedIn,Influencer Collab,LI-250126-00285,We want to hear your story. Share below. Influencer Collab,Engagement,Carousel,18-24,UAE,6435,4898,26,65,9,5,16,95,0,3,2,104.44
286,2025-01-26,TikTok,Brand Awareness Q3,TT-250126-00286,Your next favorite thing is one click away. Brand Awareness Q3,Conversions,Carousel,55+,India,27061,20298,536,1896,436,184,920,3436,0,76,26,176.04
287,2025-01-26,TikTok,Retargeting Campaign,TT-250126-00287,Limited time only. Shop Retargeting Campaign now.,Conversions,Carousel,25-34,USA,27743,20964,493,1785,236,265,635,2921,0,141,32,146.01
288,2025-01-27,Facebook,Brand Awareness Q3,FB-250127-00288,Discover what makes Brand Awareness Q3 different. #NewLaunch,Awareness,Text,18-24,India,13654,10683,220,460,61,49,135,705,0,21,9,93.89
289,2025-01-27,Facebook,Holiday Promo,FB-250127-00289,Get exclusive access to Holiday Promo today.,Conversions,Carousel,55+,Brazil,4487,3023,69,135,32,26,34,227,0,6,3,31.25
290,2025-01-27,Facebook,Lead Gen - Webinar,FB-250127-00290,Double tap if you agree! Lead Gen - Webinar,Engagement,Reel,18-24,Germany,19194,11170,151,689,84,70,200,1043,5739,13,7,122.37
291,2025-01-27,Facebook,New Feature Announcement,FB-250127-00291,Limited time only. Shop New Feature Announcement now.,Conversions,Text,18-24,USA,21823,12017,309,660,96,58,239,1053,0,48,11,116.76
292,2025-01-27,Instagram,App Install Push,IG-250127-00292,Tell us what you think in the comments! App Install Push,Engagement,Image,18-24,UK,19683,15074,233,941,127,113,318,1499,0,47,18,217.01
293,2025-01-27,Instagram,Retargeting Campaign,IG-250127-00293,Get the free guide: Retargeting Campaign.,Lead Generation,Image,55+,Germany,25234,17757,266,625,88,94,154,961,0,15,8,178.1
294,2025-01-27,LinkedIn,Product Demo Series,LI-250127-00294,Reserve your spot for Product Demo Series — seats are limited.,Lead Generation,Video,25-34,Germany,6664,4677,36,111,13,15,31,170,1977,6,3,109.12
295,2025-01-27,TikTok,Holiday Promo,TT-250127-00295,Big things are coming. Stay tuned for Holiday Promo.,Awareness,Story,55+,UK,35594,31301,729,1080,210,151,333,1774,16756,77,77,178.48
296,2025-01-27,X (Twitter),App Install Push,XT-250127-00296,Swipe up to explore App Install Push today.,Traffic,Image,25-34,Germany,4649,3613,71,35,5,4,9,53,0,1,3,22.61
297,2025-01-27,X (Twitter),Lead Gen - Webinar,XT-250127-00297,This is more than a campaign — it's a movement. Lead Gen - Webinar,Awareness,Carousel,25-34,Brazil,6524,5632,80,116,23,12,37,188,0,5,5,52.96
298,2025-01-27,X (Twitter),Product Demo Series,XT-250127-00298,This is more than a campaign — it's a movement. Product Demo Series,Awareness,Video,45-54,Brazil,8956,7831,55,154,31,17,51,253,2043,4,1,49.43
299,2025-01-27,X (Twitter),Retargeting Campaign,XT-250127-00299,Tell us what you think in the comments! Retargeting Campaign,Engagement,Video,55+,Germany,14370,10955,178,118,23,18,12,171,6002,3,20,124.69
300,2025-01-27,X (Twitter),Summer Sale Launch,XT-250127-00300,Limited time only. Shop Summer Sale Launch now.,Conversions,Story,45-54,UAE,6764,3969,50,96,14,8,33,151,1946,7,2,44.79
301,2025-01-27,YouTube,Influencer Collab,YT-250127-00301,Tell us what you think in the comments! Influencer Collab,Engagement,Image,55+,UK,16453,11347,140,233,53,20,52,358,0,4,8,110.32
302,2025-01-28,Facebook,App Install Push,FB-250128-00302,Swipe up to explore App Install Push today.,Traffic,Story,55+,Brazil,19768,16657,305,651,108,110,177,1046,10714,47,11,150.62
303,2025-01-28,Facebook,Lead Gen - Webinar,FB-250128-00303,Limited time only. Shop Lead Gen - Webinar now.,Conversions,Image,18-24,UAE,29079,20739,186,658,140,63,121,982,0,25,20,162.89
304,2025-01-28,Instagram,Summer Sale Launch,IG-250128-00304,Your next favorite thing is one click away. Summer Sale Launch,Conversions,Story,45-54,UAE,20391,11252,254,1011,135,165,289,1600,10209,67,24,185.36
305,2025-01-28,LinkedIn,App Install Push,LI-250128-00305,"You asked, we delivered. Introducing App Install Push.",Awareness,Video,35-44,Brazil,3357,2570,26,50,9,8,16,83,1342,2,0,58.0
306,2025-01-28,LinkedIn,Brand Awareness Q3,LI-250128-00306,Full details on our site — Brand Awareness Q3.,Traffic,Story,55+,Brazil,7940,4934,58,109,26,10,54,199,3583,7,4,118.81
307,2025-01-28,TikTok,Product Demo Series,TT-250128-00307,Get the app. Get Product Demo Series.,App Installs,Reel,25-34,India,35209,20185,597,1005,225,133,295,1658,11564,31,45,295.34
308,2025-01-28,X (Twitter),Product Demo Series,XT-250128-00308,Limited time only. Shop Product Demo Series now.,Conversions,Video,45-54,Germany,9139,6147,83,64,11,10,21,106,1858,1,7,72.07
309,2025-01-28,YouTube,Summer Sale Launch,YT-250128-00309,Available now on iOS and Android — Summer Sale Launch.,App Installs,Reel,55+,UAE,16721,12312,62,349,63,36,167,615,5965,28,2,188.15
310,2025-01-29,Instagram,Influencer Collab,IG-250129-00310,Ready to dive in? Click through for Influencer Collab.,Traffic,Text,18-24,India,18758,14877,125,738,158,134,222,1252,0,21,12,191.44
311,2025-01-29,Instagram,Summer Sale Launch,IG-250129-00311,Discover what makes Summer Sale Launch different. #NewLaunch,Awareness,Carousel,55+,Germany,17850,13983,137,1057,159,175,157,1548,0,67,14,204.52
312,2025-01-29,LinkedIn,Summer Sale Launch,LI-250129-00312,Big things are coming. Stay tuned for Summer Sale Launch.,Awareness,Story,18-24,UAE,6414,4868,54,159,31,15,46,251,1977,4,4,95.96
313,2025-01-29,TikTok,Lead Gen - Webinar,TT-250129-00313,Swipe up to explore Lead Gen - Webinar today.,Traffic,Text,45-54,UAE,32734,22223,447,828,115,156,308,1407,0,16,33,170.95
314,2025-01-29,TikTok,Product Demo Series,TT-250129-00314,Don't miss out — Product Demo Series ends soon.,Conversions,Image,18-24,USA,52156,38141,477,3502,718,337,889,5446,0,217,52,261.77
315,2025-01-29,X (Twitter),Influencer Collab,XT-250129-00315,Link in bio to learn more about Influencer Collab.,Traffic,Image,55+,Brazil,10478,6009,63,212,46,37,60,355,0,6,7,92.67
316,2025-01-29,X (Twitter),Retargeting Campaign,XT-250129-00316,Big things are coming. Stay tuned for Retargeting Campaign.,Awareness,Reel,55+,Brazil,12641,9870,173,136,20,24,28,208,3890,3,9,98.46
317,2025-01-29,YouTube,New Feature Announcement,YT-250129-00317,Install today and unlock New Feature Announcement.,App Installs,Carousel,25-34,Brazil,16634,10975,76,231,54,32,61,378,0,14,2,131.4
318,2025-01-30,Facebook,Influencer Collab,FB-250130-00318,Get the app. Get Influencer Collab.,App Installs,Reel,25-34,India,25011,21310,405,425,64,68,87,644,13979,22,9,262.25
319,2025-01-30,Facebook,Retargeting Campaign,FB-250130-00319,Tag a friend who needs to see this. Retargeting Campaign,Engagement,Carousel,35-44,Germany,21460,15561,297,649,99,61,194,1003,0,17,23,184.31
320,2025-01-30,Instagram,Lead Gen - Webinar,IG-250130-00320,Get the app. Get Lead Gen - Webinar.,App Installs,Text,35-44,USA,30612,24498,317,586,120,92,151,949,0,15,36,241.28
321,2025-01-30,Instagram,Summer Sale Launch,IG-250130-00321,Swipe up to explore Summer Sale Launch today.,Traffic,Reel,25-34,India,10176,5740,87,203,38,38,88,367,4698,7,4,91.48
322,2025-01-30,LinkedIn,Holiday Promo,LI-250130-00322,Install today and unlock Holiday Promo.,App Installs,Reel,18-24,Brazil,7322,5160,65,103,21,20,33,177,3009,3,3,143.37
323,2025-01-30,LinkedIn,New Feature Announcement,LI-250130-00323,Sign up now for exclusive access to New Feature Announcement.,Lead Generation,Text,45-54,USA,9821,8704,74,162,24,23,57,266,0,8,8,127.3
324,2025-01-30,TikTok,App Install Push,TT-250130-00324,Swipe up to explore App Install Push today.,Traffic,Image,25-34,UK,25824,20238,513,803,195,134,321,1453,0,61,53,184.34
325,2025-01-30,TikTok,Lead Gen - Webinar,TT-250130-00325,Double tap if you agree! Lead Gen - Webinar,Engagement,Text,18-24,USA,11739,6670,87,532,115,105,194,946,0,17,7,92.83
326,2025-01-30,X (Twitter),Retargeting Campaign,XT-250130-00326,Join thousands who've already signed up for Retargeting Campaign.,Lead Generation,Reel,55+,UAE,13204,7442,187,208,40,36,44,328,7873,13,14,99.74
327,2025-01-31,Facebook,Holiday Promo,FB-250131-00327,"You asked, we delivered. Introducing Holiday Promo.",Awareness,Image,45-54,UAE,14646,8501,179,519,71,75,111,776,0,34,7,93.85
328,2025-01-31,Facebook,Lead Gen - Webinar,FB-250131-00328,Double tap if you agree! Lead Gen - Webinar,Engagement,Carousel,35-44,Germany,28243,17695,217,873,213,173,214,1473,0,36,7,232.98
329,2025-01-31,Instagram,Brand Awareness Q3,IG-250131-00329,Get the app. Get Brand Awareness Q3.,App Installs,Story,45-54,Brazil,8892,7375,68,245,37,28,110,420,2000,7,5,69.18
330,2025-01-31,LinkedIn,Product Demo Series,LI-250131-00330,Tell us what you think in the comments! Product Demo Series,Engagement,Video,55+,USA,5929,5019,23,74,19,14,26,133,1387,3,2,111.49
331,2025-01-31,TikTok,Brand Awareness Q3,TT-250131-00331,Join thousands who've already signed up for Brand Awareness Q3.,Lead Generation,Image,35-44,India,32482,23612,299,1917,370,180,778,3245,0,139,15,199.12
332,2025-01-31,TikTok,Holiday Promo,TT-250131-00332,Download now and experience Holiday Promo.,App Installs,Image,35-44,India,34774,19990,356,1337,213,123,483,2156,0,105,12,170.51
333,2025-01-31,TikTok,Lead Gen - Webinar,TT-250131-00333,Get exclusive access to Lead Gen - Webinar today.,Conversions,Story,35-44,UK,25140,20945,232,1245,166,102,319,1832,10693,77,11,156.75
334,2025-01-31,TikTok,Product Demo Series,TT-250131-00334,Reserve your spot for Product Demo Series — seats are limited.,Lead Generation,Text,35-44,USA,42850,38406,886,1878,370,330,664,3242,0,141,60,268.62
335,2025-01-31,X (Twitter),Product Demo Series,XT-250131-00335,"You asked, we delivered. Introducing Product Demo Series.",Awareness,Video,35-44,UK,14998,10819,181,146,24,22,40,232,4111,4,13,81.47
336,2025-01-31,X (Twitter),Summer Sale Launch,XT-250131-00336,We want to hear your story. Share below. Summer Sale Launch,Engagement,Story,55+,USA,9430,6379,136,111,20,19,36,186,5474,3,5,50.54
337,2025-01-31,YouTube,Brand Awareness Q3,YT-250131-00337,Big things are coming. Stay tuned for Brand Awareness Q3.,Awareness,Carousel,55+,India,9419,5368,54,194,35,28,39,296,0,6,5,111.31
338,2025-02-01,Facebook,App Install Push,FB-250201-00338,Double tap if you agree! App Install Push,Engagement,Image,55+,UAE,15527,11774,113,557,103,60,183,903,0,36,9,119.91
339,2025-02-01,Facebook,New Feature Announcement,FB-250201-00339,"You asked, we delivered. Introducing New Feature Announcement.",Awareness,Story,18-24,Germany,13498,9720,224,153,24,17,64,258,5217,10,14,135.24
340,2025-02-01,Instagram,Lead Gen - Webinar,IG-250201-00340,Tag a friend who needs to see this. Lead Gen - Webinar,Engagement,Reel,45-54,UAE,18795,15609,157,823,194,96,335,1448,10744,36,12,180.96
341,2025-02-01,Instagram,Product Demo Series,IG-250201-00341,Limited time only. Shop Product Demo Series now.,Conversions,Text,18-24,India,31202,19887,221,584,116,80,79,859,0,24,7,313.47
342,2025-02-01,LinkedIn,Influencer Collab,LI-250201-00342,Get the app. Get Influencer Collab.,App Installs,Text,45-54,Germany,4741,3454,39,117,21,10,40,188,0,5,2,49.8
343,2025-02-01,LinkedIn,Lead Gen - Webinar,LI-250201-00343,Full details on our site — Lead Gen - Webinar.,Traffic,Image,45-54,USA,3626,2078,13,84,18,8,25,135,0,6,0,49.5
344,2025-02-01,LinkedIn,New Feature Announcement,LI-250201-00344,Double tap if you agree! New Feature Announcement,Engagement,Story,55+,India,7061,4539,57,138,32,26,35,231,2195,4,5,135.09
345,2025-02-01,TikTok,App Install Push,TT-250201-00345,Available now on iOS and Android — App Install Push.,App Installs,Carousel,25-34,Germany,12785,8568,253,958,175,190,336,1659,0,27,7,57.02
346,2025-02-01,TikTok,Retargeting Campaign,TT-250201-00346,Sign up now for exclusive access to Retargeting Campaign.,Lead Generation,Story,55+,India,27252,16462,395,1416,332,230,237,2215,7311,24,40,160.0
347,2025-02-01,X (Twitter),Retargeting Campaign,XT-250201-00347,Get the free guide: Retargeting Campaign.,Lead Generation,Image,45-54,Germany,9616,8531,49,171,32,31,27,261,0,3,2,60.05
348,2025-02-01,YouTube,Summer Sale Launch,YT-250201-00348,Big things are coming. Stay tuned for Summer Sale Launch.,Awareness,Story,18-24,Germany,9172,7738,37,89,14,7,35,145,4066,3,1,105.19
349,2025-02-02,Instagram,Holiday Promo,IG-250202-00349,We want to hear your story. Share below. Holiday Promo,Engagement,Text,18-24,UK,24714,18189,181,882,180,119,302,1483,0,47,5,165.18
350,2025-02-02,LinkedIn,Lead Gen - Webinar,LI-250202-00350,Ready to dive in? Click through for Lead Gen - Webinar.,Traffic,Video,25-34,Brazil,9194,7938,96,131,19,12,39,201,3420,8,5,110.55
351,2025-02-02,LinkedIn,Retargeting Campaign,LI-250202-00351,Tell us what you think in the comments! Retargeting Campaign,Engagement,Video,18-24,UK,6980,6048,68,136,19,15,75,245,2519,11,4,117.86
352,2025-02-02,TikTok,App Install Push,TT-250202-00352,Sign up now for exclusive access to App Install Push.,Lead Generation,Story,55+,UAE,34900,20470,554,1675,438,191,646,2950,17294,33,44,156.44
353,2025-02-02,X (Twitter),Lead Gen - Webinar,XT-250202-00353,Your next favorite thing is one click away. Lead Gen - Webinar,Conversions,Story,35-44,Germany,10419,8733,146,134,23,23,43,223,2436,6,5,65.87
354,2025-02-02,YouTube,App Install Push,YT-250202-00354,Get the app. Get App Install Push.,App Installs,Story,45-54,Brazil,12005,10394,63,321,72,53,50,496,6715,12,5,125.07
355,2025-02-02,YouTube,Brand Awareness Q3,YT-250202-00355,Ready to dive in? Click through for Brand Awareness Q3.,Traffic,Video,45-54,USA,14653,9841,48,161,27,16,43,247,6316,6,2,157.27
356,2025-02-02,YouTube,Lead Gen - Webinar,YT-250202-00356,Download now and experience Lead Gen - Webinar.,App Installs,Reel,35-44,UAE,17658,13782,115,190,39,23,78,330,10478,6,11,227.61
357,2025-02-03,Facebook,App Install Push,FB-250203-00357,Sign up now for exclusive access to App Install Push.,Lead Generation,Text,25-34,Germany,19073,16055,292,498,80,47,198,823,0,30,17,135.67
358,2025-02-03,Facebook,Holiday Promo,FB-250203-00358,Install today and unlock Holiday Promo.,App Installs,Image,55+,Brazil,25773,16170,260,893,141,108,184,1326,0,19,29,176.35
359,2025-02-03,Facebook,Product Demo Series,FB-250203-00359,Double tap if you agree! Product Demo Series,Engagement,Image,25-34,UAE,28280,19305,468,536,90,68,99,793,0,18,36,194.27
360,2025-02-03,LinkedIn,Brand Awareness Q3,LI-250203-00360,Available now on iOS and Android — Brand Awareness Q3.,App Installs,Image,55+,UAE,6424,5056,43,148,19,23,31,221,0,6,4,100.43
361,2025-02-03,LinkedIn,Lead Gen - Webinar,LI-250203-00361,Join thousands who've already signed up for Lead Gen - Webinar.,Lead Generation,Text,18-24,India,5280,3675,23,112,20,9,22,163,0,4,1,72.6
362,2025-02-03,LinkedIn,Product Demo Series,LI-250203-00362,Discover what makes Product Demo Series different. #NewLaunch,Awareness,Story,18-24,Germany,6429,4666,58,154,37,30,44,265,2905,6,4,125.05
363,2025-02-03,TikTok,App Install Push,TT-250203-00363,Join thousands who've already signed up for App Install Push.,Lead Generation,Story,45-54,Brazil,29320,25708,514,1481,302,209,677,2669,17253,86,44,143.0
364,2025-02-03,TikTok,Brand Awareness Q3,TT-250203-00364,Reserve your spot for Brand Awareness Q3 — seats are limited.,Lead Generation,Story,55+,UK,24166,16634,236,896,110,105,219,1330,10217,25,25,118.57
365,2025-02-03,TikTok,Lead Gen - Webinar,TT-250203-00365,Get the free guide: Lead Gen - Webinar.,Lead Generation,Video,35-44,Germany,34405,26190,590,2072,531,228,817,3648,11108,116,24,234.49
366,2025-02-03,TikTok,Summer Sale Launch,TT-250203-00366,Link in bio to learn more about Summer Sale Launch.,Traffic,Story,45-54,Germany,17801,10855,239,1373,172,155,306,2006,8271,68,5,82.26
367,2025-02-03,YouTube,Lead Gen - Webinar,YT-250203-00367,Install today and unlock Lead Gen - Webinar.,App Installs,Reel,18-24,UAE,13513,8203,61,144,31,12,27,214,7710,5,6,110.66
368,2025-02-03,YouTube,New Feature Announcement,YT-250203-00368,Limited time only. Shop New Feature Announcement now.,Conversions,Story,55+,Brazil,14504,11674,76,380,82,44,61,567,8646,6,3,172.0
369,2025-02-04,Facebook,App Install Push,FB-250204-00369,Swipe up to explore App Install Push today.,Traffic,Text,45-54,UK,26305,17001,370,521,80,67,92,760,0,32,23,145.09
370,2025-02-04,Facebook,Retargeting Campaign,FB-250204-00370,Get the free guide: Retargeting Campaign.,Lead Generation,Story,35-44,UK,22126,17996,135,520,87,65,172,844,9487,35,4,177.72
371,2025-02-04,Instagram,Influencer Collab,IG-250204-00371,We want to hear your story. Share below. Influencer Collab,Engagement,Video,25-34,UK,11881,8312,92,521,72,88,88,769,5019,31,9,115.19
372,2025-02-04,Instagram,Summer Sale Launch,IG-250204-00372,Download now and experience Summer Sale Launch.,App Installs,Carousel,55+,UK,25474,16028,289,703,144,71,174,1092,0,37,9,154.99
373,2025-02-04,LinkedIn,New Feature Announcement,LI-250204-00373,Available now on iOS and Android — New Feature Announcement.,App Installs,Text,55+,USA,4726,2846,26,67,14,5,24,110,0,4,1,49.63
374,2025-02-04,TikTok,Holiday Promo,TT-250204-00374,Big things are coming. Stay tuned for Holiday Promo.,Awareness,Reel,25-34,Germany,9951,5572,159,272,41,21,74,408,5866,12,9,66.38
375,2025-02-04,TikTok,Retargeting Campaign,TT-250204-00375,Link in bio to learn more about Retargeting Campaign.,Traffic,Image,35-44,Germany,40240,31611,792,1802,413,236,692,3143,0,41,37,282.46
376,2025-02-04,TikTok,Summer Sale Launch,TT-250204-00376,Double tap if you agree! Summer Sale Launch,Engagement,Video,35-44,India,35414,31780,333,3326,647,459,344,4776,11182,137,35,234.68
377,2025-02-04,X (Twitter),Influencer Collab,XT-250204-00377,Available now on iOS and Android — Influencer Collab.,App Installs,Text,45-54,Brazil,10436,6446,125,115,24,11,19,169,0,3,7,61.1
378,2025-02-04,X (Twitter),Product Demo Series,XT-250204-00378,Join thousands who've already signed up for Product Demo Series.,Lead Generation,Text,55+,USA,11836,7853,147,183,36,25,43,287,0,11,6,80.51
379,2025-02-04,X (Twitter),Retargeting Campaign,XT-250204-00379,Big things are coming. Stay tuned for Retargeting Campaign.,Awareness,Carousel,18-24,Brazil,14564,8092,203,108,23,11,17,159,0,3,19,83.9
380,2025-02-04,YouTube,New Feature Announcement,YT-250204-00380,Join thousands who've already signed up for New Feature Announcement.,Lead Generation,Text,18-24,Germany,11898,7485,99,325,64,42,145,576,0,10,2,148.01
381,2025-02-04,YouTube,Retargeting Campaign,YT-250204-00381,Get the free guide: Retargeting Campaign.,Lead Generation,Story,25-34,UK,10554,7572,96,176,22,15,71,284,4776,7,2,88.33
382,2025-02-05,Facebook,Product Demo Series,FB-250205-00382,Get the app. Get Product Demo Series.,App Installs,Story,35-44,Brazil,26044,17304,239,583,114,64,135,896,6545,29,19,154.94
383,2025-02-05,Instagram,Brand Awareness Q3,IG-250205-00383,Don't miss out — Brand Awareness Q3 ends soon.,Conversions,Carousel,45-54,Brazil,33059,27803,449,1315,251,234,526,2326,0,23,14,337.74
384,2025-02-05,LinkedIn,Brand Awareness Q3,LI-250205-00384,Join thousands who've already signed up for Brand Awareness Q3.,Lead Generation,Video,35-44,USA,8846,6745,57,98,17,9,50,174,3340,5,6,105.67
385,2025-02-05,TikTok,New Feature Announcement,TT-250205-00385,This is more than a campaign — it's a movement. New Feature Announcement,Awareness,Text,55+,USA,33549,26594,596,2565,433,381,389,3768,0,41,23,228.15
386,2025-02-05,X (Twitter),Holiday Promo,XT-250205-00386,Tag a friend who needs to see this. Holiday Promo,Engagement,Carousel,55+,India,12738,9651,65,209,44,31,66,350,0,4,2,81.41
387,2025-02-05,X (Twitter),New Feature Announcement,XT-250205-00387,Get the free guide: New Feature Announcement.,Lead Generation,Carousel,45-54,UK,6564,3816,76,81,12,7,19,119,0,3,3,53.58
388,2025-02-05,YouTube,App Install Push,YT-250205-00388,Join thousands who've already signed up for App Install Push.,Lead Generation,Video,35-44,India,15002,11915,134,424,83,75,70,652,4632,12,2,129.28
389,2025-02-05,YouTube,Brand Awareness Q3,YT-250205-00389,Sign up now for exclusive access to Brand Awareness Q3.,Lead Generation,Story,25-34,UK,10189,6511,31,237,51,31,32,351,4274,8,0,102.62
390,2025-02-05,YouTube,New Feature Announcement,YT-250205-00390,Ready to dive in? Click through for New Feature Announcement.,Traffic,Text,25-34,India,21560,15994,89,359,81,29,84,553,0,18,6,271.03
391,2025-02-06,Facebook,Lead Gen - Webinar,FB-250206-00391,Your next favorite thing is one click away. Lead Gen - Webinar,Conversions,Carousel,18-24,India,15104,11569,238,220,57,22,89,388,0,12,18,117.24
392,2025-02-06,Instagram,Brand Awareness Q3,IG-250206-00392,Tag a friend who needs to see this. Brand Awareness Q3,Engagement,Story,18-24,Germany,13590,8938,143,791,142,119,127,1179,5252,20,12,106.47
393,2025-02-06,Instagram,Lead Gen - Webinar,IG-250206-00393,Install today and unlock Lead Gen - Webinar.,App Installs,Reel,55+,India,16392,12261,221,522,79,53,225,879,3806,41,17,134.81
394,2025-02-06,Instagram,New Feature Announcement,IG-250206-00394,Double tap if you agree! New Feature Announcement,Engagement,Image,35-44,USA,28427,22616,284,998,118,104,234,1454,0,55,27,172.45
395,2025-02-06,Instagram,Summer Sale Launch,IG-250206-00395,Install today and unlock Summer Sale Launch.,App Installs,Video,45-54,India,14856,12763,127,511,87,75,115,788,8560,28,12,90.51
396,2025-02-06,LinkedIn,Brand Awareness Q3,LI-250206-00396,Install today and unlock Brand Awareness Q3.,App Installs,Text,35-44,UK,8569,5900,79,136,32,15,40,223,0,10,6,97.45
397,2025-02-06,LinkedIn,Lead Gen - Webinar,LI-250206-00397,We want to hear your story. Share below. Lead Gen - Webinar,Engagement,Image,35-44,India,3532,2409,14,50,7,7,16,80,0,1,0,71.62
398,2025-02-06,LinkedIn,Summer Sale Launch,LI-250206-00398,Reserve your spot for Summer Sale Launch — seats are limited.,Lead Generation,Image,18-24,USA,5497,4859,25,94,17,11,25,147,0,3,0,74.66
399,2025-02-06,YouTube,Holiday Promo,YT-250206-00399,This is more than a campaign — it's a movement. Holiday Promo,Awareness,Story,55+,Germany,5874,3407,19,70,12,7,21,110,1272,3,1,63.97
400,2025-02-06,YouTube,New Feature Announcement,YT-250206-00400,Swipe up to explore New Feature Announcement today.,Traffic,Video,25-34,Brazil,17656,11001,59,393,86,55,81,615,7346,8,5,157.98
401,2025-02-07,Facebook,Holiday Promo,FB-250207-00401,Tell us what you think in the comments! Holiday Promo,Engagement,Reel,45-54,UK,26481,20165,390,610,132,58,245,1045,7250,18,14,200.45
402,2025-02-07,Facebook,Influencer Collab,FB-250207-00402,Your next favorite thing is one click away. Influencer Collab,Conversions,Image,55+,Germany,20939,14551,357,539,80,78,145,842,0,10,13,172.77
403,2025-02-07,Instagram,Retargeting Campaign,IG-250207-00403,Big things are coming. Stay tuned for Retargeting Campaign.,Awareness,Text,55+,Brazil,16803,11828,182,493,107,100,184,884,0,24,7,133.41
404,2025-02-07,TikTok,Brand Awareness Q3,TT-250207-00404,Tell us what you think in the comments! Brand Awareness Q3,Engagement,Text,25-34,Germany,25767,14608,505,1961,321,325,467,3074,0,108,51,168.25
405,2025-02-07,TikTok,New Feature Announcement,TT-250207-00405,Swipe up to explore New Feature Announcement today.,Traffic,Image,55+,Brazil,28573,21454,449,2250,522,189,590,3551,0,61,10,131.77
406,2025-02-07,TikTok,Summer Sale Launch,TT-250207-00406,Big things are coming. Stay tuned for Summer Sale Launch.,Awareness,Story,55+,Brazil,45635,40607,443,2773,540,429,1246,4988,21398,145,50,302.96
407,2025-02-07,YouTube,App Install Push,YT-250207-00407,Get the app. Get App Install Push.,App Installs,Reel,45-54,USA,17654,14828,62,365,78,59,65,567,4408,25,7,149.93
408,2025-02-07,YouTube,Retargeting Campaign,YT-250207-00408,Get the app. Get Retargeting Campaign.,App Installs,Text,18-24,Brazil,12174,8390,77,239,54,23,78,394,0,5,2,121.9
409,2025-02-08,Facebook,Brand Awareness Q3,FB-250208-00409,Swipe up to explore Brand Awareness Q3 today.,Traffic,Reel,35-44,UAE,29152,19251,299,451,74,84,191,800,11370,37,22,256.75
410,2025-02-08,Facebook,Product Demo Series,FB-250208-00410,Discover what makes Product Demo Series different. #NewLaunch,Awareness,Text,45-54,USA,12987,9032,157,280,66,26,74,446,0,6,9,114.24
411,2025-02-08,Instagram,Influencer Collab,IG-250208-00411,Discover what makes Influencer Collab different. #NewLaunch,Awareness,Text,25-34,Germany,17907,13604,171,458,95,58,222,833,0,27,3,178.29
412,2025-02-08,LinkedIn,Holiday Promo,LI-250208-00412,Don't miss out — Holiday Promo ends soon.,Conversions,Text,25-34,UK,5250,4684,25,114,25,15,37,191,0,8,2,84.11
413,2025-02-08,LinkedIn,Lead Gen - Webinar,LI-250208-00413,Install today and unlock Lead Gen - Webinar.,App Installs,Text,18-24,Brazil,7252,4612,45,199,44,18,44,305,0,3,3,101.74
414,2025-02-08,LinkedIn,New Feature Announcement,LI-250208-00414,Download now and experience New Feature Announcement.,App Installs,Carousel,25-34,USA,3661,2640,24,28,4,2,14,48,0,1,1,72.71
415,2025-02-08,TikTok,Lead Gen - Webinar,TT-250208-00415,Get exclusive access to Lead Gen - Webinar today.,Conversions,Reel,45-54,Germany,11808,9718,185,502,91,81,94,768,4667,11,14,86.05
416,2025-02-08,TikTok,Retargeting Campaign,TT-250208-00416,We want to hear your story. Share below. Retargeting Campaign,Engagement,Text,45-54,UAE,28076,18880,534,2226,536,410,626,3798,0,100,32,144.41
417,2025-02-08,X (Twitter),App Install Push,XT-250208-00417,Swipe up to explore App Install Push today.,Traffic,Video,18-24,UK,10336,6259,159,220,47,20,34,321,4067,8,13,66.69
418,2025-02-08,YouTube,App Install Push,YT-250208-00418,This is more than a campaign — it's a movement. App Install Push,Awareness,Carousel,35-44,Brazil,20999,15779,85,424,80,43,124,671,0,16,1,243.3
419,2025-02-08,YouTube,Lead Gen - Webinar,YT-250208-00419,Full details on our site — Lead Gen - Webinar.,Traffic,Image,35-44,UK,26044,14739,240,701,100,73,306,1180,0,36,7,195.18
420,2025-02-08,YouTube,New Feature Announcement,YT-250208-00420,Full details on our site — New Feature Announcement.,Traffic,Image,35-44,Germany,6768,5952,28,121,26,19,50,216,0,9,2,63.34
421,2025-02-09,LinkedIn,Brand Awareness Q3,LI-250209-00421,Swipe up to explore Brand Awareness Q3 today.,Traffic,Carousel,45-54,Brazil,5522,3641,36,71,12,11,9,103,0,4,3,73.05
422,2025-02-09,LinkedIn,Summer Sale Launch,LI-250209-00422,Don't miss out — Summer Sale Launch ends soon.,Conversions,Image,45-54,Brazil,2872,1864,18,57,13,10,25,105,0,1,2,52.43
423,2025-02-09,TikTok,Holiday Promo,TT-250209-00423,Limited time only. Shop Holiday Promo now.,Conversions,Carousel,45-54,USA,27016,18691,301,1064,229,121,181,1595,0,69,33,198.71
424,2025-02-09,TikTok,Influencer Collab,TT-250209-00424,Tell us what you think in the comments! Influencer Collab,Engagement,Reel,35-44,Germany,30988,18711,639,1652,329,253,369,2603,15124,55,76,251.42
425,2025-02-09,TikTok,Lead Gen - Webinar,TT-250209-00425,Join thousands who've already signed up for Lead Gen - Webinar.,Lead Generation,Carousel,18-24,UAE,41280,26270,483,2457,423,358,613,3851,0,64,13,187.52
426,2025-02-09,TikTok,Retargeting Campaign,TT-250209-00426,Get the app. Get Retargeting Campaign.,App Installs,Story,25-34,UAE,19649,15426,358,1086,215,134,435,1870,9786,36,30,117.8
427,2025-02-09,YouTube,Product Demo Series,YT-250209-00427,"You asked, we delivered. Introducing Product Demo Series.",Awareness,Image,35-44,UAE,16764,10723,74,226,38,32,38,334,0,13,7,138.13
428,2025-02-09,YouTube,Retargeting Campaign,YT-250209-00428,We want to hear your story. Share below. Retargeting Campaign,Engagement,Story,45-54,Germany,16202,13961,112,439,94,81,101,715,4982,12,4,169.39
429,2025-02-10,Facebook,App Install Push,FB-250210-00429,Tell us what you think in the comments! App Install Push,Engagement,Reel,35-44,India,14397,9973,233,194,35,26,25,280,8304,6,10,96.03
430,2025-02-10,Facebook,Holiday Promo,FB-250210-00430,Swipe up to explore Holiday Promo today.,Traffic,Story,18-24,Brazil,29381,20899,456,1008,134,167,228,1537,10142,69,40,257.75
431,2025-02-10,Instagram,Brand Awareness Q3,IG-250210-00431,Discover what makes Brand Awareness Q3 different. #NewLaunch,Awareness,Video,18-24,India,14337,10456,114,481,97,43,127,748,4202,9,13,85.22
432,2025-02-10,Instagram,New Feature Announcement,IG-250210-00432,Get exclusive access to New Feature Announcement today.,Conversions,Reel,18-24,Brazil,16393,10811,213,388,78,57,70,593,4385,7,22,117.84
433,2025-02-10,LinkedIn,Lead Gen - Webinar,LI-250210-00433,Reserve your spot for Lead Gen - Webinar — seats are limited.,Lead Generation,Carousel,45-54,UK,6304,3467,66,157,21,13,47,238,0,11,6,68.31
434,2025-02-10,LinkedIn,Summer Sale Launch,LI-250210-00434,We want to hear your story. Share below. Summer Sale Launch,Engagement,Text,35-44,Germany,5243,4356,53,60,8,8,11,87,0,4,5,93.23
435,2025-02-10,TikTok,App Install Push,TT-250210-00435,Big things are coming. Stay tuned for App Install Push.,Awareness,Video,55+,UAE,14164,8099,205,419,72,76,147,714,7697,31,10,111.57
436,2025-02-10,TikTok,Influencer Collab,TT-250210-00436,Join thousands who've already signed up for Influencer Collab.,Lead Generation,Story,55+,USA,39896,27739,538,2666,632,439,865,4602,12074,184,35,237.77
437,2025-02-10,TikTok,Lead Gen - Webinar,TT-250210-00437,Full details on our site — Lead Gen - Webinar.,Traffic,Carousel,45-54,UK,8805,6679,196,495,74,38,113,720,0,13,12,44.53
438,2025-02-10,X (Twitter),App Install Push,XT-250210-00438,We want to hear your story. Share below. App Install Push,Engagement,Text,45-54,Germany,8358,7080,77,79,13,7,18,117,0,3,5,68.44
439,2025-02-10,X (Twitter),Holiday Promo,XT-250210-00439,Don't miss out — Holiday Promo ends soon.,Conversions,Image,25-34,USA,5355,4378,35,98,18,10,16,142,0,4,2,38.25
440,2025-02-10,X (Twitter),Retargeting Campaign,XT-250210-00440,Full details on our site — Retargeting Campaign.,Traffic,Text,35-44,UK,10047,8252,93,73,15,15,31,134,0,3,5,65.48
441,2025-02-10,YouTube,App Install Push,YT-250210-00441,This is more than a campaign — it's a movement. App Install Push,Awareness,Image,25-34,India,708,607,4,13,3,1,6,23,0,0,0,5.05
442,2025-02-11,Facebook,App Install Push,FB-250211-00442,Your next favorite thing is one click away. App Install Push,Conversions,Story,55+,USA,19004,11033,191,368,65,77,152,662,4128,11,10,194.92
443,2025-02-11,Facebook,Lead Gen - Webinar,FB-250211-00443,Reserve your spot for Lead Gen - Webinar — seats are limited.,Lead Generation,Video,18-24,UK,17859,11982,99,359,84,45,127,615,5770,12,1,171.35
444,2025-02-11,LinkedIn,Brand Awareness Q3,LI-250211-00444,Double tap if you agree! Brand Awareness Q3,Engagement,Text,25-34,Germany,6582,4733,73,135,27,27,42,231,0,8,2,124.1
445,2025-02-11,TikTok,App Install Push,TT-250211-00445,This is more than a campaign — it's a movement. App Install Push,Awareness,Image,35-44,India,25087,22005,526,2033,279,208,457,2977,0,76,30,135.81
446,2025-02-11,TikTok,Product Demo Series,TT-250211-00446,Swipe up to explore Product Demo Series today.,Traffic,Reel,55+,Germany,16079,10518,186,653,153,66,265,1137,3669,52,6,110.41
447,2025-02-11,X (Twitter),Influencer Collab,XT-250211-00447,Double tap if you agree! Influencer Collab,Engagement,Video,45-54,USA,9741,6350,93,126,26,15,18,185,5663,2,2,61.68
448,2025-02-11,X (Twitter),Retargeting Campaign,XT-250211-00448,Get exclusive access to Retargeting Campaign today.,Conversions,Reel,25-34,Brazil,10527,7796,61,203,48,21,74,346,4260,14,1,92.9
449,2025-02-11,YouTube,New Feature Announcement,YT-250211-00449,Download now and experience New Feature Announcement.,App Installs,Text,45-54,Brazil,8609,6817,35,140,30,22,33,225,0,7,1,94.21
450,2025-02-11,YouTube,Summer Sale Launch,YT-250211-00450,Get the free guide: Summer Sale Launch.,Lead Generation,Reel,35-44,Germany,14047,8659,45,273,42,33,60,408,7649,18,3,156.52
451,2025-02-12,Facebook,App Install Push,FB-250212-00451,"You asked, we delivered. Introducing App Install Push.",Awareness,Reel,25-34,Germany,11888,9020,182,226,37,26,109,398,5235,15,15,81.13
452,2025-02-12,Facebook,New Feature Announcement,FB-250212-00452,Get the free guide: New Feature Announcement.,Lead Generation,Text,25-34,Brazil,19873,14024,226,440,76,66,59,641,0,17,12,189.03
453,2025-02-12,LinkedIn,Brand Awareness Q3,LI-250212-00453,Double tap if you agree! Brand Awareness Q3,Engagement,Video,35-44,UAE,5165,3496,50,59,13,6,18,96,1741,3,5,58.18
454,2025-02-12,LinkedIn,Product Demo Series,LI-250212-00454,Double tap if you agree! Product Demo Series,Engagement,Carousel,55+,Germany,5232,3994,28,70,11,8,37,126,0,1,3,57.87
455,2025-02-12,LinkedIn,Retargeting Campaign,LI-250212-00455,Sign up now for exclusive access to Retargeting Campaign.,Lead Generation,Carousel,25-34,UAE,6293,4638,31,75,11,8,16,110,0,5,1,112.41
456,2025-02-12,TikTok,App Install Push,TT-250212-00456,Swipe up to explore App Install Push today.,Traffic,Reel,55+,USA,40459,32701,655,2808,493,415,1323,5039,22967,135,61,208.5
457,2025-02-12,TikTok,Product Demo Series,TT-250212-00457,Reserve your spot for Product Demo Series — seats are limited.,Lead Generation,Text,55+,UK,35851,21489,672,1260,192,188,168,1808,0,31,55,202.16
458,2025-02-12,X (Twitter),Influencer Collab,XT-250212-00458,"You asked, we delivered. Introducing Influencer Collab.",Awareness,Carousel,25-34,UAE,8523,6131,54,101,13,17,17,148,0,4,5,48.92
459,2025-02-12,X (Twitter),Lead Gen - Webinar,XT-250212-00459,We want to hear your story. Share below. Lead Gen - Webinar,Engagement,Story,55+,USA,8577,5155,131,187,33,29,25,274,2791,9,7,43.65
460,2025-02-13,Facebook,Brand Awareness Q3,FB-250213-00460,Swipe up to explore Brand Awareness Q3 today.,Traffic,Story,25-34,Germany,15497,11870,267,512,99,68,65,744,6963,25,23,96.98
461,2025-02-13,Facebook,Lead Gen - Webinar,FB-250213-00461,Reserve your spot for Lead Gen - Webinar — seats are limited.,Lead Generation,Reel,18-24,Germany,11055,7975,131,218,32,37,61,348,4140,12,3,68.82
462,2025-02-13,Facebook,Product Demo Series,FB-250213-00462,Link in bio to learn more about Product Demo Series.,Traffic,Text,35-44,UAE,14148,10393,122,183,24,19,52,278,0,9,9,113.83
463,2025-02-13,Instagram,Brand Awareness Q3,IG-250213-00463,We want to hear your story. Share below. Brand Awareness Q3,Engagement,Reel,45-54,Brazil,34851,24661,415,1147,165,182,285,1779,11039,71,16,309.21
464,2025-02-13,Instagram,Summer Sale Launch,IG-250213-00464,Install today and unlock Summer Sale Launch.,App Installs,Reel,35-44,UAE,21216,17969,171,1171,209,172,143,1695,7595,20,17,219.82
465,2025-02-13,TikTok,Holiday Promo,TT-250213-00465,Your next favorite thing is one click away. Holiday Promo,Conversions,Story,45-54,India,32063,27393,267,2487,340,294,552,3673,13278,130,24,156.95
466,2025-02-13,X (Twitter),Holiday Promo,XT-250213-00466,Join thousands who've already signed up for Holiday Promo.,Lead Generation,Carousel,35-44,India,5806,4101,36,47,7,10,22,86,0,3,3,34.33
467,2025-02-13,X (Twitter),Product Demo Series,XT-250213-00467,Get exclusive access to Product Demo Series today.,Conversions,Image,18-24,UK,7200,6221,45,86,15,9,18,128,0,3,4,50.5
468,2025-02-13,X (Twitter),Retargeting Campaign,XT-250213-00468,Download now and experience Retargeting Campaign.,App Installs,Image,45-54,UAE,6030,4335,44,131,29,15,25,200,0,6,4,42.34
469,2025-02-13,X (Twitter),Summer Sale Launch,XT-250213-00469,Tag a friend who needs to see this. Summer Sale Launch,Engagement,Carousel,55+,UK,7170,4047,61,114,21,13,20,168,0,7,5,66.66
470,2025-02-13,YouTube,Brand Awareness Q3,YT-250213-00470,We want to hear your story. Share below. Brand Awareness Q3,Engagement,Text,45-54,Germany,19451,14446,78,512,105,83,101,801,0,18,6,255.52
471,2025-02-13,YouTube,Summer Sale Launch,YT-250213-00471,We want to hear your story. Share below. Summer Sale Launch,Engagement,Story,18-24,Germany,6131,4569,32,204,34,21,38,297,2390,6,0,70.82
472,2025-02-14,Facebook,Holiday Promo,FB-250214-00472,Discover what makes Holiday Promo different. #NewLaunch,Awareness,Story,55+,India,14738,10422,184,366,62,35,148,611,7466,29,5,105.76
473,2025-02-14,Facebook,Retargeting Campaign,FB-250214-00473,Get exclusive access to Retargeting Campaign today.,Conversions,Carousel,45-54,USA,7947,4702,47,105,13,8,30,156,0,3,4,59.99
474,2025-02-14,Instagram,Brand Awareness Q3,IG-250214-00474,Full details on our site — Brand Awareness Q3.,Traffic,Image,45-54,USA,18566,12330,169,482,65,40,104,691,0,18,16,128.26
475,2025-02-14,Instagram,Retargeting Campaign,IG-250214-00475,Sign up now for exclusive access to Retargeting Campaign.,Lead Generation,Text,35-44,UK,18371,16022,84,776,133,65,201,1175,0,40,6,208.0
476,2025-02-14,Instagram,Summer Sale Launch,IG-250214-00476,Double tap if you agree! Summer Sale Launch,Engagement,Story,55+,India,21230,14865,111,494,70,46,122,732,4772,24,10,183.39
477,2025-02-14,TikTok,New Feature Announcement,TT-250214-00477,Get the free guide: New Feature Announcement.,Lead Generation,Image,18-24,India,19293,14539,362,1039,191,172,122,1524,0,34,11,131.55
478,2025-02-14,TikTok,Product Demo Series,TT-250214-00478,Join thousands who've already signed up for Product Demo Series.,Lead Generation,Reel,25-34,Germany,31187,23324,228,832,185,151,182,1350,17629,34,16,142.34
479,2025-02-14,TikTok,Retargeting Campaign,TT-250214-00479,This is more than a campaign — it's a movement. Retargeting Campaign,Awareness,Image,35-44,India,35427,20182,512,2900,534,305,782,4521,0,146,53,199.87
480,2025-02-14,TikTok,Summer Sale Launch,TT-250214-00480,Tag a friend who needs to see this. Summer Sale Launch,Engagement,Video,55+,Germany,29075,25862,590,1859,283,267,430,2839,14627,60,40,177.76
481,2025-02-14,X (Twitter),Holiday Promo,XT-250214-00481,Join thousands who've already signed up for Holiday Promo.,Lead Generation,Text,45-54,Germany,8302,6061,50,59,9,7,11,86,0,4,4,42.67
482,2025-02-14,YouTube,New Feature Announcement,YT-250214-00482,Tag a friend who needs to see this. New Feature Announcement,Engagement,Carousel,35-44,India,16083,9981,144,443,68,42,128,681,0,12,9,187.86
483,2025-02-15,Facebook,App Install Push,FB-250215-00483,Ready to dive in? Click through for App Install Push.,Traffic,Reel,35-44,UK,19019,15554,318,332,65,27,72,496,6120,24,15,138.51
484,2025-02-15,Facebook,Influencer Collab,FB-250215-00484,This is more than a campaign — it's a movement. Influencer Collab,Awareness,Carousel,35-44,UAE,24188,13392,356,817,156,110,247,1330,0,60,38,176.41
485,2025-02-15,Instagram,New Feature Announcement,IG-250215-00485,Full details on our site — New Feature Announcement.,Traffic,Video,45-54,Brazil,34615,19871,344,1297,179,205,223,1904,20379,58,8,309.5
486,2025-02-15,LinkedIn,Brand Awareness Q3,LI-250215-00486,Tell us what you think in the comments! Brand Awareness Q3,Engagement,Text,35-44,India,3567,2033,28,79,16,13,31,139,0,3,2,51.39
487,2025-02-15,LinkedIn,Lead Gen - Webinar,LI-250215-00487,Join thousands who've already signed up for Lead Gen - Webinar.,Lead Generation,Image,18-24,USA,7861,5406,64,134,19,10,40,203,0,3,4,103.72
488,2025-02-15,LinkedIn,New Feature Announcement,LI-250215-00488,Get the free guide: New Feature Announcement.,Lead Generation,Video,35-44,Brazil,7299,6052,74,118,20,22,31,191,3979,5,2,125.73
489,2025-02-15,TikTok,Retargeting Campaign,TT-250215-00489,We want to hear your story. Share below. Retargeting Campaign,Engagement,Reel,55+,India,44186,39405,565,3179,728,323,938,5168,14602,208,23,361.45
490,2025-02-15,TikTok,Summer Sale Launch,TT-250215-00490,Tag a friend who needs to see this. Summer Sale Launch,Engagement,Image,45-54,Germany,28111,24664,522,2387,386,423,468,3664,0,139,27,150.6
491,2025-02-15,X (Twitter),Holiday Promo,XT-250215-00491,Install today and unlock Holiday Promo.,App Installs,Carousel,55+,Germany,8153,6932,68,67,12,12,28,119,0,1,2,57.11
492,2025-02-15,X (Twitter),Influencer Collab,XT-250215-00492,Reserve your spot for Influencer Collab — seats are limited.,Lead Generation,Reel,55+,India,3215,2142,49,40,6,3,9,58,1555,2,3,28.94
493,2025-02-15,YouTube,Holiday Promo,YT-250215-00493,Sign up now for exclusive access to Holiday Promo.,Lead Generation,Story,25-34,Brazil,6171,4483,18,159,20,18,49,246,2473,11,1,81.21
494,2025-02-15,YouTube,Summer Sale Launch,YT-250215-00494,Install today and unlock Summer Sale Launch.,App Installs,Reel,35-44,India,9896,6081,32,103,13,12,28,156,2086,6,2,105.68
495,2025-02-16,Facebook,Brand Awareness Q3,FB-250216-00495,Tell us what you think in the comments! Brand Awareness Q3,Engagement,Story,25-34,India,27513,20053,299,1015,224,95,264,1598,11919,61,31,226.66
496,2025-02-16,TikTok,Brand Awareness Q3,TT-250216-00496,Discover what makes Brand Awareness Q3 different. #NewLaunch,Awareness,Reel,45-54,UK,27308,24257,588,1252,283,99,336,1970,6459,32,67,207.67
497,2025-02-16,TikTok,New Feature Announcement,TT-250216-00497,Join thousands who've already signed up for New Feature Announcement.,Lead Generation,Story,35-44,UAE,41521,36306,905,2279,367,432,611,3689,12996,78,70,199.29
498,2025-02-16,X (Twitter),App Install Push,XT-250216-00498,"You asked, we delivered. Introducing App Install Push.",Awareness,Story,35-44,India,8732,7229,99,106,15,10,28,159,1778,5,4,62.53
499,2025-02-16,X (Twitter),Brand Awareness Q3,XT-250216-00499,Join thousands who've already signed up for Brand Awareness Q3.,Lead Generation,Reel,25-34,UAE,4068,2813,65,29,3,2,12,46,1234,1,4,27.88
500,2025-02-16,X (Twitter),New Feature Announcement,XT-250216-00500,Reserve your spot for New Feature Announcement — seats are limited.,Lead Generation,Text,18-24,UK,16183,11818,257,241,53,24,81,399,0,10,14,106.65
501,2025-02-16,YouTube,Brand Awareness Q3,YT-250216-00501,Tell us what you think in the comments! Brand Awareness Q3,Engagement,Text,25-34,USA,25438,17602,104,865,146,117,148,1276,0,48,7,207.61
502,2025-02-16,YouTube,Lead Gen - Webinar,YT-250216-00502,Get the free guide: Lead Gen - Webinar.,Lead Generation,Text,55+,India,12175,10790,79,110,20,18,40,188,0,4,9,140.32
503,2025-02-17,Facebook,Holiday Promo,FB-250217-00503,Join thousands who've already signed up for Holiday Promo.,Lead Generation,Carousel,25-34,Germany,16686,10424,174,457,82,60,186,785,0,32,20,173.14
504,2025-02-17,Facebook,New Feature Announcement,FB-250217-00504,Available now on iOS and Android — New Feature Announcement.,App Installs,Story,35-44,India,12375,6848,129,253,51,27,56,387,4684,15,6,117.7
505,2025-02-17,Instagram,App Install Push,IG-250217-00505,"You asked, we delivered. Introducing App Install Push.",Awareness,Reel,55+,India,13116,9827,141,451,77,68,213,809,5268,18,5,98.64
506,2025-02-17,LinkedIn,Holiday Promo,LI-250217-00506,Full details on our site — Holiday Promo.,Traffic,Reel,35-44,UAE,5796,3838,28,87,13,10,16,126,1719,4,3,92.75
507,2025-02-17,LinkedIn,New Feature Announcement,LI-250217-00507,Your next favorite thing is one click away. New Feature Announcement,Conversions,Carousel,25-34,Germany,5476,3267,58,137,18,21,34,210,0,3,5,100.49
508,2025-02-17,LinkedIn,Retargeting Campaign,LI-250217-00508,Ready to dive in? Click through for Retargeting Campaign.,Traffic,Reel,35-44,Germany,7430,5671,78,84,15,8,20,127,3207,5,4,111.19
509,2025-02-17,TikTok,Product Demo Series,TT-250217-00509,This is more than a campaign — it's a movement. Product Demo Series,Awareness,Carousel,18-24,Germany,12434,9640,246,767,132,103,184,1186,0,15,20,54.02
510,2025-02-17,X (Twitter),Holiday Promo,XT-250217-00510,Ready to dive in? Click through for Holiday Promo.,Traffic,Video,45-54,Brazil,8251,5818,70,121,18,18,29,186,2925,4,1,41.3
511,2025-02-17,YouTube,App Install Push,YT-250217-00511,Install today and unlock App Install Push.,App Installs,Story,55+,India,11025,7830,61,298,75,59,77,509,6154,24,3,91.47
512,2025-02-17,YouTube,Brand Awareness Q3,YT-250217-00512,Your next favorite thing is one click away. Brand Awareness Q3,Conversions,Video,25-34,Germany,7208,4301,66,73,13,11,29,126,2276,2,2,74.05
513,2025-02-17,YouTube,Product Demo Series,YT-250217-00513,Download now and experience Product Demo Series.,App Installs,Text,35-44,Brazil,4530,3626,31,53,6,7,16,82,0,3,1,52.4
514,2025-02-17,YouTube,Summer Sale Launch,YT-250217-00514,Full details on our site — Summer Sale Launch.,Traffic,Text,25-34,UAE,9029,6564,73,280,43,40,51,414,0,15,1,78.83
515,2025-02-18,Instagram,App Install Push,IG-250218-00515,Link in bio to learn more about App Install Push.,Traffic,Text,45-54,USA,25752,19998,148,1264,260,146,143,1813,0,78,8,153.72
516,2025-02-18,Instagram,Holiday Promo,IG-250218-00516,Download now and experience Holiday Promo.,App Installs,Video,18-24,Brazil,30253,24067,273,577,106,108,150,941,12407,11,13,284.98
517,2025-02-18,Instagram,Influencer Collab,IG-250218-00517,Get the free guide: Influencer Collab.,Lead Generation,Video,25-34,USA,17795,12697,98,851,172,117,112,1252,3909,25,3,109.83
518,2025-02-18,Instagram,New Feature Announcement,IG-250218-00518,Get the app. Get New Feature Announcement.,App Installs,Video,35-44,Germany,23771,18046,311,1266,230,113,442,2051,7080,55,31,227.97
519,2025-02-18,LinkedIn,Holiday Promo,LI-250218-00519,Tell us what you think in the comments! Holiday Promo,Engagement,Image,18-24,India,4704,4229,26,67,8,9,14,98,0,4,2,82.38
520,2025-02-18,LinkedIn,Influencer Collab,LI-250218-00520,Tell us what you think in the comments! Influencer Collab,Engagement,Story,45-54,India,5856,4200,36,125,25,13,30,193,2706,2,1,78.2
521,2025-02-18,LinkedIn,New Feature Announcement,LI-250218-00521,Link in bio to learn more about New Feature Announcement.,Traffic,Text,18-24,USA,6652,4106,28,177,35,14,38,264,0,6,1,124.48
522,2025-02-18,X (Twitter),Lead Gen - Webinar,XT-250218-00522,Tag a friend who needs to see this. Lead Gen - Webinar,Engagement,Image,55+,UAE,3512,2602,22,62,8,5,18,93,0,2,2,19.15
523,2025-02-18,X (Twitter),New Feature Announcement,XT-250218-00523,Get the app. Get New Feature Announcement.,App Installs,Reel,25-34,Brazil,4027,2985,24,72,10,7,24,113,1752,4,0,22.7
524,2025-02-18,YouTube,Brand Awareness Q3,YT-250218-00524,Download now and experience Brand Awareness Q3.,App Installs,Text,18-24,UK,21655,14386,114,466,64,80,179,789,0,31,8,234.1
525,2025-02-18,YouTube,Product Demo Series,YT-250218-00525,Get the app. Get Product Demo Series.,App Installs,Reel,25-34,UAE,12867,8810,118,320,61,27,67,475,5862,11,5,148.53
526,2025-02-19,Facebook,Product Demo Series,FB-250219-00526,Don't miss out — Product Demo Series ends soon.,Conversions,Video,55+,India,25832,14509,323,415,58,42,117,632,7354,9,36,202.66
527,2025-02-19,Facebook,Summer Sale Launch,FB-250219-00527,Swipe up to explore Summer Sale Launch today.,Traffic,Image,45-54,UAE,19365,16819,196,522,94,61,174,851,0,40,22,179.15
528,2025-02-19,Instagram,Product Demo Series,IG-250219-00528,Full details on our site — Product Demo Series.,Traffic,Story,55+,Brazil,36377,29956,416,1676,397,329,601,3003,11846,145,34,268.55
529,2025-02-19,LinkedIn,App Install Push,LI-250219-00529,Tell us what you think in the comments! App Install Push,Engagement,Text,45-54,UAE,9406,6508,104,118,20,17,45,200,0,4,11,119.56
530,2025-02-19,TikTok,Brand Awareness Q3,TT-250219-00530,"You asked, we delivered. Introducing Brand Awareness Q3.",Awareness,Video,25-34,India,26814,16388,548,1746,251,204,769,2970,13096,60,45,215.35
531,2025-02-19,TikTok,Influencer Collab,TT-250219-00531,Full details on our site — Influencer Collab.,Traffic,Video,18-24,Germany,30040,26108,278,1792,278,299,695,3064,9726,85,26,201.07
532,2025-02-19,TikTok,Summer Sale Launch,TT-250219-00532,Available now on iOS and Android — Summer Sale Launch.,App Installs,Video,25-34,Brazil,24879,19394,380,1704,323,179,406,2612,13842,85,24,108.57
533,2025-02-19,YouTube,Influencer Collab,YT-250219-00533,Ready to dive in? Click through for Influencer Collab.,Traffic,Text,25-34,USA,18624,11343,174,403,74,41,65,583,0,7,8,147.17
534,2025-02-19,YouTube,New Feature Announcement,YT-250219-00534,Reserve your spot for New Feature Announcement — seats are limited.,Lead Generation,Reel,18-24,Germany,16515,12986,71,259,40,44,114,457,7453,7,8,204.12
535,2025-02-19,YouTube,Product Demo Series,YT-250219-00535,Download now and experience Product Demo Series.,App Installs,Carousel,35-44,Brazil,16394,9842,60,331,44,29,91,495,0,6,2,179.17
536,2025-02-19,YouTube,Retargeting Campaign,YT-250219-00536,Get the app. Get Retargeting Campaign.,App Installs,Story,45-54,Brazil,20640,17365,197,281,54,51,45,431,6139,18,17,272.54
537,2025-02-20,Facebook,Summer Sale Launch,FB-250220-00537,Available now on iOS and Android — Summer Sale Launch.,App Installs,Carousel,25-34,USA,9015,7544,158,139,29,27,42,237,0,9,11,90.67
538,2025-02-20,Instagram,Influencer Collab,IG-250220-00538,Download now and experience Influencer Collab.,App Installs,Image,45-54,Germany,17407,11229,218,514,94,108,197,913,0,15,13,162.83
539,2025-02-20,Instagram,New Feature Announcement,IG-250220-00539,Tell us what you think in the comments! New Feature Announcement,Engagement,Video,45-54,UK,16353,13206,125,571,146,109,169,995,8257,15,7,174.95
540,2025-02-20,Instagram,Retargeting Campaign,IG-250220-00540,Available now on iOS and Android — Retargeting Campaign.,App Installs,Reel,18-24,Germany,33163,19935,419,923,154,130,219,1426,18698,29,9,210.81
541,2025-02-20,LinkedIn,Brand Awareness Q3,LI-250220-00541,Full details on our site — Brand Awareness Q3.,Traffic,Carousel,55+,UK,5032,4204,34,116,25,14,28,183,0,4,2,81.94
542,2025-02-20,TikTok,Brand Awareness Q3,TT-250220-00542,Get exclusive access to Brand Awareness Q3 today.,Conversions,Text,55+,India,20683,17262,332,728,154,134,229,1245,0,55,15,122.97
543,2025-02-20,TikTok,Holiday Promo,TT-250220-00543,Don't miss out — Holiday Promo ends soon.,Conversions,Text,55+,Germany,22967,12701,167,1367,257,111,477,2212,0,61,15,137.23
544,2025-02-20,TikTok,Retargeting Campaign,TT-250220-00544,Tell us what you think in the comments! Retargeting Campaign,Engagement,Story,55+,UAE,26858,24042,527,1008,151,105,536,1800,10708,78,59,178.32
545,2025-02-20,X (Twitter),Brand Awareness Q3,XT-250220-00545,Reserve your spot for Brand Awareness Q3 — seats are limited.,Lead Generation,Text,25-34,UK,11431,8964,113,143,30,18,57,248,0,7,7,108.59
546,2025-02-20,YouTube,New Feature Announcement,YT-250220-00546,Link in bio to learn more about New Feature Announcement.,Traffic,Text,18-24,UAE,24324,19608,100,439,57,51,134,681,0,19,11,248.26
547,2025-02-21,Facebook,App Install Push,FB-250221-00547,Available now on iOS and Android — App Install Push.,App Installs,Video,55+,USA,17761,13292,298,543,65,70,129,807,4065,30,20,136.1
548,2025-02-21,Facebook,Holiday Promo,FB-250221-00548,Limited time only. Shop Holiday Promo now.,Conversions,Image,35-44,India,12529,8723,198,377,57,45,190,669,0,25,6,123.32
549,2025-02-21,Facebook,Influencer Collab,FB-250221-00549,Discover what makes Influencer Collab different. #NewLaunch,Awareness,Reel,18-24,USA,18121,13942,155,624,137,79,88,928,4584,29,14,138.42
550,2025-02-21,Facebook,Lead Gen - Webinar,FB-250221-00550,Double tap if you agree! Lead Gen - Webinar,Engagement,Text,55+,India,15030,8842,258,241,36,37,59,373,0,12,22,140.2
551,2025-02-21,LinkedIn,Brand Awareness Q3,LI-250221-00551,Get exclusive access to Brand Awareness Q3 today.,Conversions,Video,55+,India,4343,3725,47,58,7,9,24,98,1145,4,1,80.47
552,2025-02-21,LinkedIn,Retargeting Campaign,LI-250221-00552,Big things are coming. Stay tuned for Retargeting Campaign.,Awareness,Reel,45-54,USA,3534,3165,22,78,11,8,24,121,1038,1,1,45.96
553,2025-02-21,TikTok,Lead Gen - Webinar,TT-250221-00553,Discover what makes Lead Gen - Webinar different. #NewLaunch,Awareness,Story,35-44,USA,30853,17507,287,1798,353,144,531,2826,7936,29,7,254.03
554,2025-02-21,X (Twitter),Product Demo Series,XT-250221-00554,Get the free guide: Product Demo Series.,Lead Generation,Video,25-34,Germany,9405,8307,102,149,21,18,48,236,3562,9,8,49.21
555,2025-02-21,X (Twitter),Summer Sale Launch,XT-250221-00555,Discover what makes Summer Sale Launch different. #NewLaunch,Awareness,Story,35-44,UAE,14016,10089,93,206,50,33,69,358,5709,4,10,77.2
556,2025-02-21,YouTube,App Install Push,YT-250221-00556,Get exclusive access to App Install Push today.,Conversions,Reel,18-24,Brazil,12459,9567,62,234,48,27,43,352,6338,10,3,161.33
557,2025-02-21,YouTube,Holiday Promo,YT-250221-00557,Join thousands who've already signed up for Holiday Promo.,Lead Generation,Reel,25-34,Brazil,19273,16002,115,502,90,49,146,787,10907,18,5,187.63
558,2025-02-21,YouTube,Lead Gen - Webinar,YT-250221-00558,Sign up now for exclusive access to Lead Gen - Webinar.,Lead Generation,Story,18-24,UAE,12030,8327,109,299,56,27,106,488,3779,16,9,158.77
559,2025-02-21,YouTube,Summer Sale Launch,YT-250221-00559,Get exclusive access to Summer Sale Launch today.,Conversions,Text,35-44,UAE,15649,13522,140,195,38,29,21,283,0,12,14,124.97
560,2025-02-22,Facebook,New Feature Announcement,FB-250222-00560,Available now on iOS and Android — New Feature Announcement.,App Installs,Text,55+,UK,19645,11678,209,311,63,27,75,476,0,22,21,155.34
561,2025-02-22,TikTok,Lead Gen - Webinar,TT-250222-00561,Get exclusive access to Lead Gen - Webinar today.,Conversions,Carousel,25-34,Germany,29697,17185,297,2700,412,444,322,3878,0,147,13,192.68
562,2025-02-22,TikTok,New Feature Announcement,TT-250222-00562,Reserve your spot for New Feature Announcement — seats are limited.,Lead Generation,Story,25-34,UK,33953,25373,344,2106,527,241,902,3776,16605,85,19,267.29
563,2025-02-22,TikTok,Retargeting Campaign,TT-250222-00563,We want to hear your story. Share below. Retargeting Campaign,Engagement,Text,18-24,USA,16050,12528,356,683,87,60,220,1050,0,44,42,67.67
564,2025-02-22,X (Twitter),Lead Gen - Webinar,XT-250222-00564,Reserve your spot for Lead Gen - Webinar — seats are limited.,Lead Generation,Story,55+,UK,7931,5287,82,110,25,15,38,188,2343,9,2,50.36
565,2025-02-22,YouTube,App Install Push,YT-250222-00565,Your next favorite thing is one click away. App Install Push,Conversions,Story,45-54,USA,15513,9081,110,288,41,40,62,431,8523,6,10,127.47
566,2025-02-22,YouTube,Brand Awareness Q3,YT-250222-00566,Install today and unlock Brand Awareness Q3.,App Installs,Video,18-24,USA,21125,13874,86,397,55,48,167,667,7237,18,6,216.92
567,2025-02-22,YouTube,Lead Gen - Webinar,YT-250222-00567,Full details on our site — Lead Gen - Webinar.,Traffic,Story,55+,India,14479,9272,66,302,42,45,66,455,7389,10,4,98.32
568,2025-02-22,YouTube,New Feature Announcement,YT-250222-00568,Install today and unlock New Feature Announcement.,App Installs,Carousel,18-24,UK,20371,14865,188,425,97,58,118,698,0,30,12,199.39
569,2025-02-23,Facebook,App Install Push,FB-250223-00569,Get the free guide: App Install Push.,Lead Generation,Reel,25-34,UAE,20462,11901,347,348,62,31,139,580,7374,13,11,160.76
570,2025-02-23,Facebook,Brand Awareness Q3,FB-250223-00570,Get the free guide: Brand Awareness Q3.,Lead Generation,Reel,35-44,UK,14634,12332,171,367,53,37,123,580,4156,8,13,101.32
571,2025-02-23,Facebook,Holiday Promo,FB-250223-00571,Swipe up to explore Holiday Promo today.,Traffic,Text,25-34,India,23636,13805,216,630,151,57,209,1047,0,37,17,192.26
572,2025-02-23,Facebook,Product Demo Series,FB-250223-00572,Link in bio to learn more about Product Demo Series.,Traffic,Text,45-54,India,20652,16062,330,781,98,100,157,1136,0,38,31,188.71
573,2025-02-23,Facebook,Retargeting Campaign,FB-250223-00573,Available now on iOS and Android — Retargeting Campaign.,App Installs,Story,55+,India,22226,13417,220,422,100,73,142,737,5385,25,12,138.9
574,2025-02-23,Instagram,App Install Push,IG-250223-00574,Get exclusive access to App Install Push today.,Conversions,Carousel,35-44,USA,23320,14098,161,1126,164,192,455,1937,0,69,18,187.74
575,2025-02-23,Instagram,Retargeting Campaign,IG-250223-00575,Swipe up to explore Retargeting Campaign today.,Traffic,Video,55+,UK,23162,20603,109,1245,187,110,322,1864,10587,77,9,152.31
576,2025-02-23,LinkedIn,Brand Awareness Q3,LI-250223-00576,We want to hear your story. Share below. Brand Awareness Q3,Engagement,Carousel,45-54,UK,8103,4929,78,155,31,17,73,276,0,7,1,110.0
577,2025-02-23,TikTok,New Feature Announcement,TT-250223-00577,Get exclusive access to New Feature Announcement today.,Conversions,Video,55+,UK,45642,31660,975,3095,520,347,656,4618,23426,77,104,212.48
578,2025-02-23,X (Twitter),Holiday Promo,XT-250223-00578,Big things are coming. Stay tuned for Holiday Promo.,Awareness,Video,55+,Germany,731,561,11,10,1,0,6,17,363,0,0,4.13
579,2025-02-23,X (Twitter),New Feature Announcement,XT-250223-00579,Sign up now for exclusive access to New Feature Announcement.,Lead Generation,Story,25-34,UK,15756,12324,223,135,33,14,57,239,6307,11,23,148.1
580,2025-02-23,X (Twitter),Product Demo Series,XT-250223-00580,This is more than a campaign — it's a movement. Product Demo Series,Awareness,Carousel,45-54,Brazil,10901,6458,172,190,37,35,51,313,0,7,6,80.64
581,2025-02-23,X (Twitter),Retargeting Campaign,XT-250223-00581,Double tap if you agree! Retargeting Campaign,Engagement,Text,18-24,India,9159,5999,61,93,20,13,28,154,0,2,1,46.97
582,2025-02-23,YouTube,App Install Push,YT-250223-00582,Tag a friend who needs to see this. App Install Push,Engagement,Text,55+,Germany,28382,16961,241,346,56,44,137,583,0,15,16,236.81
583,2025-02-24,Facebook,New Feature Announcement,FB-250224-00583,Install today and unlock New Feature Announcement.,App Installs,Text,55+,UK,15888,8947,225,398,61,65,113,637,0,18,8,97.44
584,2025-02-24,Instagram,Retargeting Campaign,IG-250224-00584,"You asked, we delivered. Introducing Retargeting Campaign.",Awareness,Video,25-34,UAE,15606,11413,76,698,150,89,78,1015,7326,12,8,130.62
585,2025-02-24,LinkedIn,New Feature Announcement,LI-250224-00585,Ready to dive in? Click through for New Feature Announcement.,Traffic,Video,35-44,UAE,4446,3758,22,104,22,16,23,165,2432,4,1,54.49
586,2025-02-24,LinkedIn,Retargeting Campaign,LI-250224-00586,Big things are coming. Stay tuned for Retargeting Campaign.,Awareness,Image,25-34,Brazil,6176,4498,47,80,13,16,34,143,0,1,3,88.31
587,2025-02-24,TikTok,New Feature Announcement,TT-250224-00587,Big things are coming. Stay tuned for New Feature Announcement.,Awareness,Story,35-44,USA,15986,14200,223,522,125,62,149,858,5436,11,24,125.43
588,2025-02-24,TikTok,Retargeting Campaign,TT-250224-00588,Your next favorite thing is one click away. Retargeting Campaign,Conversions,Video,35-44,Germany,19698,15282,335,1437,199,162,549,2347,9531,24,26,163.81
589,2025-02-24,YouTube,Influencer Collab,YT-250224-00589,Get the free guide: Influencer Collab.,Lead Generation,Text,25-34,USA,10067,8295,59,217,34,26,49,326,0,10,3,92.13
590,2025-02-24,YouTube,New Feature Announcement,YT-250224-00590,Link in bio to learn more about New Feature Announcement.,Traffic,Story,55+,Brazil,20876,17391,112,459,69,49,130,707,8994,25,10,268.41
591,2025-02-25,Instagram,App Install Push,IG-250225-00591,Tag a friend who needs to see this. App Install Push,Engagement,Image,35-44,Brazil,10023,6455,47,417,91,66,179,753,0,9,3,113.27
592,2025-02-25,Instagram,Retargeting Campaign,IG-250225-00592,Link in bio to learn more about Retargeting Campaign.,Traffic,Reel,45-54,India,9576,8587,69,346,64,63,105,578,2694,25,7,92.57
593,2025-02-25,LinkedIn,Holiday Promo,LI-250225-00593,Get the app. Get Holiday Promo.,App Installs,Carousel,35-44,Germany,5459,4203,42,111,22,10,46,189,0,7,3,78.33
594,2025-02-25,X (Twitter),New Feature Announcement,XT-250225-00594,This is more than a campaign — it's a movement. New Feature Announcement,Awareness,Text,45-54,Germany,5167,3767,79,34,7,4,12,57,0,1,4,29.49
595,2025-02-25,X (Twitter),Product Demo Series,XT-250225-00595,We want to hear your story. Share below. Product Demo Series,Engagement,Carousel,35-44,India,5467,4758,73,83,13,6,18,120,0,1,4,32.85
596,2025-02-25,YouTube,Holiday Promo,YT-250225-00596,Swipe up to explore Holiday Promo today.,Traffic,Story,45-54,Brazil,13895,12078,60,150,31,26,21,228,5725,2,4,174.62
597,2025-02-25,YouTube,Product Demo Series,YT-250225-00597,Get exclusive access to Product Demo Series today.,Conversions,Video,55+,Germany,6631,4737,39,143,21,20,54,238,2223,11,3,80.7
598,2025-02-25,YouTube,Summer Sale Launch,YT-250225-00598,This is more than a campaign — it's a movement. Summer Sale Launch,Awareness,Reel,25-34,UAE,18200,14605,167,533,114,75,128,850,4558,26,5,187.92
599,2025-02-26,Instagram,Holiday Promo,IG-250226-00599,This is more than a campaign — it's a movement. Holiday Promo,Awareness,Image,18-24,USA,33929,19611,312,537,130,99,189,955,0,35,32,372.98
600,2025-02-26,Instagram,Lead Gen - Webinar,IG-250226-00600,Download now and experience Lead Gen - Webinar.,App Installs,Video,18-24,UK,25492,14615,366,501,78,80,83,742,14542,7,40,227.48
601,2025-02-26,Instagram,Retargeting Campaign,IG-250226-00601,Download now and experience Retargeting Campaign.,App Installs,Story,18-24,USA,15213,8649,182,806,141,86,344,1377,5210,52,6,137.7
602,2025-02-26,Instagram,Summer Sale Launch,IG-250226-00602,Double tap if you agree! Summer Sale Launch,Engagement,Reel,18-24,Brazil,27767,18176,237,807,103,88,164,1162,14221,20,9,163.5
603,2025-02-26,LinkedIn,App Install Push,LI-250226-00603,Reserve your spot for App Install Push — seats are limited.,Lead Generation,Reel,45-54,USA,8948,6675,57,142,18,12,52,224,4319,10,1,170.86
604,2025-02-26,TikTok,Holiday Promo,TT-250226-00604,Get exclusive access to Holiday Promo today.,Conversions,Video,25-34,USA,34122,24839,361,2723,614,251,545,4133,17641,72,14,175.65
605,2025-02-26,TikTok,New Feature Announcement,TT-250226-00605,Tag a friend who needs to see this. New Feature Announcement,Engagement,Text,35-44,UK,37414,31366,634,3269,720,428,559,4976,0,75,46,175.53
606,2025-02-26,TikTok,Retargeting Campaign,TT-250226-00606,Get the free guide: Retargeting Campaign.,Lead Generation,Story,35-44,USA,28694,22503,593,1547,224,256,387,2414,11418,32,27,237.09
607,2025-02-26,TikTok,Summer Sale Launch,TT-250226-00607,Double tap if you agree! Summer Sale Launch,Engagement,Text,55+,India,42502,32189,613,2338,397,357,1148,4240,0,114,35,348.18
608,2025-02-26,X (Twitter),Brand Awareness Q3,XT-250226-00608,Join thousands who've already signed up for Brand Awareness Q3.,Lead Generation,Text,35-44,Germany,12794,11500,124,155,21,21,29,226,0,5,2,85.61
609,2025-02-26,X (Twitter),Summer Sale Launch,XT-250226-00609,Get the free guide: Summer Sale Launch.,Lead Generation,Text,55+,India,8334,6214,87,69,11,9,23,112,0,4,1,62.9
610,2025-02-26,YouTube,Brand Awareness Q3,YT-250226-00610,Get exclusive access to Brand Awareness Q3 today.,Conversions,Text,45-54,India,15958,10258,120,462,107,42,173,784,0,37,3,163.23
611,2025-02-27,Facebook,Brand Awareness Q3,FB-250227-00611,Double tap if you agree! Brand Awareness Q3,Engagement,Text,25-34,Germany,12148,9512,143,323,77,49,89,538,0,21,9,69.22
612,2025-02-27,Instagram,New Feature Announcement,IG-250227-00612,Double tap if you agree! New Feature Announcement,Engagement,Reel,55+,Germany,29700,22534,241,1507,211,141,539,2398,9603,107,27,262.0
613,2025-02-27,LinkedIn,Influencer Collab,LI-250227-00613,Full details on our site — Influencer Collab.,Traffic,Carousel,45-54,USA,11118,9088,60,85,19,9,38,151,0,5,4,154.74
614,2025-02-27,LinkedIn,Lead Gen - Webinar,LI-250227-00614,Available now on iOS and Android — Lead Gen - Webinar.,App Installs,Image,18-24,USA,5943,5129,33,100,20,14,13,147,0,6,0,112.14
615,2025-02-27,LinkedIn,Retargeting Campaign,LI-250227-00615,Available now on iOS and Android — Retargeting Campaign.,App Installs,Story,25-34,USA,4346,3255,44,116,15,17,29,177,954,3,2,62.21
616,2025-02-27,TikTok,Summer Sale Launch,TT-250227-00616,Ready to dive in? Click through for Summer Sale Launch.,Traffic,Story,45-54,Brazil,27639,19893,423,1886,447,322,621,3276,10082,50,38,180.61
617,2025-02-27,X (Twitter),New Feature Announcement,XT-250227-00617,Don't miss out — New Feature Announcement ends soon.,Conversions,Story,45-54,Brazil,13587,8997,94,130,20,15,48,213,5827,5,4,73.4
618,2025-02-27,YouTube,Brand Awareness Q3,YT-250227-00618,Discover what makes Brand Awareness Q3 different. #NewLaunch,Awareness,Reel,25-34,UK,7679,6348,46,120,27,20,31,198,2309,9,1,64.97
619,2025-02-28,Facebook,Holiday Promo,FB-250228-00619,"You asked, we delivered. Introducing Holiday Promo.",Awareness,Reel,18-24,UK,25891,22336,379,538,73,48,155,814,7729,10,38,182.91
620,2025-02-28,Facebook,Lead Gen - Webinar,FB-250228-00620,Double tap if you agree! Lead Gen - Webinar,Engagement,Reel,25-34,UAE,16934,9843,182,273,61,25,101,460,7424,6,11,162.48
621,2025-02-28,Facebook,Summer Sale Launch,FB-250228-00621,Link in bio to learn more about Summer Sale Launch.,Traffic,Image,18-24,UAE,25013,13898,250,509,68,84,146,807,0,33,21,159.92
622,2025-02-28,Instagram,Brand Awareness Q3,IG-250228-00622,"You asked, we delivered. Introducing Brand Awareness Q3.",Awareness,Video,35-44,USA,32185,28177,318,1569,198,151,372,2290,17470,60,32,315.71
623,2025-02-28,LinkedIn,App Install Push,LI-250228-00623,Don't miss out — App Install Push ends soon.,Conversions,Image,35-44,UK,4620,4095,44,70,17,8,26,121,0,5,3,54.44
624,2025-02-28,LinkedIn,Summer Sale Launch,LI-250228-00624,Reserve your spot for Summer Sale Launch — seats are limited.,Lead Generation,Video,55+,India,5453,3006,29,127,19,19,56,221,3259,8,1,103.05
625,2025-02-28,TikTok,Holiday Promo,TT-250228-00625,Install today and unlock Holiday Promo.,App Installs,Video,18-24,Brazil,22678,13740,216,1021,218,180,108,1527,7513,22,23,117.37
626,2025-02-28,X (Twitter),App Install Push,XT-250228-00626,Double tap if you agree! App Install Push,Engagement,Text,55+,India,6546,3902,94,97,19,14,35,165,0,7,4,51.58
627,2025-02-28,X (Twitter),Lead Gen - Webinar,XT-250228-00627,Available now on iOS and Android — Lead Gen - Webinar.,App Installs,Reel,35-44,India,3930,2928,32,25,5,5,12,47,1236,0,3,29.41
628,2025-02-28,X (Twitter),New Feature Announcement,XT-250228-00628,Link in bio to learn more about New Feature Announcement.,Traffic,Reel,55+,UAE,5556,4148,73,86,19,10,28,143,1953,3,6,41.55
629,2025-02-28,X (Twitter),Summer Sale Launch,XT-250228-00629,Get the app. Get Summer Sale Launch.,App Installs,Carousel,18-24,USA,10060,6113,97,111,18,20,20,169,0,4,5,50.51
630,2025-03-01,Facebook,App Install Push,FB-250301-00630,Ready to dive in? Click through for App Install Push.,Traffic,Reel,45-54,India,7718,5507,69,266,38,38,104,446,2220,12,2,42.83
631,2025-03-01,Facebook,Brand Awareness Q3,FB-250301-00631,"You asked, we delivered. Introducing Brand Awareness Q3.",Awareness,Video,18-24,UK,13185,10792,105,252,59,47,50,408,3424,12,5,83.54
632,2025-03-01,Instagram,Lead Gen - Webinar,IG-250301-00632,Ready to dive in? Click through for Lead Gen - Webinar.,Traffic,Story,45-54,UK,29044,21088,221,1495,319,233,149,2196,15403,48,16,308.51
633,2025-03-01,TikTok,Holiday Promo,TT-250301-00633,Tag a friend who needs to see this. Holiday Promo,Engagement,Text,55+,UAE,20498,14382,395,1396,235,164,480,2275,0,23,9,152.73
634,2025-03-01,TikTok,Influencer Collab,TT-250301-00634,Ready to dive in? Click through for Influencer Collab.,Traffic,Image,18-24,USA,34793,26855,282,3070,378,386,593,4427,0,76,16,190.46
635,2025-03-01,TikTok,Product Demo Series,TT-250301-00635,Link in bio to learn more about Product Demo Series.,Traffic,Story,35-44,Germany,27369,20590,595,1358,298,178,582,2416,7584,42,37,213.34
636,2025-03-01,X (Twitter),App Install Push,XT-250301-00636,Don't miss out — App Install Push ends soon.,Conversions,Story,55+,Brazil,11759,8363,175,230,43,42,65,380,3857,10,3,101.13
637,2025-03-01,X (Twitter),Holiday Promo,XT-250301-00637,Ready to dive in? Click through for Holiday Promo.,Traffic,Video,45-54,UAE,7740,5934,52,176,23,15,43,257,2147,6,5,39.99
638,2025-03-01,X (Twitter),Product Demo Series,XT-250301-00638,Limited time only. Shop Product Demo Series now.,Conversions,Image,55+,Germany,8648,5152,65,190,36,23,31,280,0,13,7,62.58
639,2025-03-01,YouTube,App Install Push,YT-250301-00639,Tell us what you think in the comments! App Install Push,Engagement,Text,18-24,USA,22569,14113,188,289,63,39,107,498,0,15,5,289.89
640,2025-03-01,YouTube,Lead Gen - Webinar,YT-250301-00640,Available now on iOS and Android — Lead Gen - Webinar.,App Installs,Video,45-54,Germany,9591,6781,66,98,24,19,27,168,3172,5,1,113.61
641,2025-03-02,Facebook,Brand Awareness Q3,FB-250302-00641,Reserve your spot for Brand Awareness Q3 — seats are limited.,Lead Generation,Video,45-54,UK,20015,15320,119,446,88,65,90,689,7422,10,3,138.76
642,2025-03-02,Facebook,Lead Gen - Webinar,FB-250302-00642,We want to hear your story. Share below. Lead Gen - Webinar,Engagement,Carousel,35-44,Germany,9136,8054,102,186,32,20,43,281,0,10,10,86.91
643,2025-03-02,Facebook,Retargeting Campaign,FB-250302-00643,Download now and experience Retargeting Campaign.,App Installs,Reel,25-34,Brazil,14111,8751,114,241,44,47,87,419,8096,5,6,119.67
644,2025-03-02,Facebook,Summer Sale Launch,FB-250302-00644,Limited time only. Shop Summer Sale Launch now.,Conversions,Carousel,45-54,UAE,3795,2191,37,117,25,21,22,185,0,5,2,35.72
645,2025-03-02,LinkedIn,New Feature Announcement,LI-250302-00645,Your next favorite thing is one click away. New Feature Announcement,Conversions,Carousel,45-54,Germany,4766,3221,36,102,22,13,19,156,0,5,4,67.71
646,2025-03-02,TikTok,App Install Push,TT-250302-00646,Get exclusive access to App Install Push today.,Conversions,Video,18-24,UK,30902,25251,281,1306,155,196,257,1914,6268,81,18,191.28
647,2025-03-02,TikTok,New Feature Announcement,TT-250302-00647,Full details on our site — New Feature Announcement.,Traffic,Story,45-54,USA,22796,12839,385,828,142,157,359,1486,8353,72,26,177.27
648,2025-03-02,TikTok,Product Demo Series,TT-250302-00648,We want to hear your story. Share below. Product Demo Series,Engagement,Carousel,18-24,India,38838,30428,817,1828,235,179,600,2842,0,68,78,298.71
649,2025-03-02,TikTok,Retargeting Campaign,TT-250302-00649,Ready to dive in? Click through for Retargeting Campaign.,Traffic,Reel,45-54,Germany,36448,20049,390,1284,298,152,452,2186,19910,42,27,182.4
650,2025-03-02,X (Twitter),Product Demo Series,XT-250302-00650,Tag a friend who needs to see this. Product Demo Series,Engagement,Text,45-54,Brazil,7788,5471,103,154,19,14,45,232,0,10,11,56.96
651,2025-03-02,YouTube,Brand Awareness Q3,YT-250302-00651,Sign up now for exclusive access to Brand Awareness Q3.,Lead Generation,Video,45-54,USA,12461,8726,76,142,37,17,61,257,7120,8,2,102.75
652,2025-03-02,YouTube,Lead Gen - Webinar,YT-250302-00652,Your next favorite thing is one click away. Lead Gen - Webinar,Conversions,Image,35-44,Germany,11264,9516,60,270,40,40,86,436,0,13,3,79.45
653,2025-03-03,Facebook,New Feature Announcement,FB-250303-00653,Install today and unlock New Feature Announcement.,App Installs,Text,45-54,Brazil,11349,8890,101,304,53,51,69,477,0,15,6,75.37
654,2025-03-03,Instagram,Holiday Promo,IG-250303-00654,Limited time only. Shop Holiday Promo now.,Conversions,Text,25-34,India,13354,10920,117,513,64,75,141,793,0,10,5,124.07
655,2025-03-03,Instagram,Product Demo Series,IG-250303-00655,Link in bio to learn more about Product Demo Series.,Traffic,Video,35-44,UAE,22591,19605,281,470,86,81,82,719,12465,18,20,145.55
656,2025-03-03,LinkedIn,Holiday Promo,LI-250303-00656,Full details on our site — Holiday Promo.,Traffic,Text,18-24,India,4416,2980,35,91,15,18,41,165,0,7,1,45.23
657,2025-03-03,TikTok,Brand Awareness Q3,TT-250303-00657,We want to hear your story. Share below. Brand Awareness Q3,Engagement,Carousel,45-54,Germany,26286,20562,501,1324,185,235,303,2047,0,22,46,152.69
658,2025-03-03,TikTok,Influencer Collab,TT-250303-00658,Tell us what you think in the comments! Influencer Collab,Engagement,Text,45-54,India,15463,11113,125,617,150,71,193,1031,0,16,10,94.88
659,2025-03-03,TikTok,Product Demo Series,TT-250303-00659,Limited time only. Shop Product Demo Series now.,Conversions,Carousel,18-24,Brazil,29332,25148,443,2360,433,221,777,3791,0,174,19,222.08
660,2025-03-03,TikTok,Summer Sale Launch,TT-250303-00660,Reserve your spot for Summer Sale Launch — seats are limited.,Lead Generation,Story,55+,Brazil,28975,23580,300,1536,320,136,399,2391,8928,102,32,238.81
661,2025-03-03,X (Twitter),New Feature Announcement,XT-250303-00661,Get the app. Get New Feature Announcement.,App Installs,Reel,18-24,UAE,7494,5255,88,55,8,7,18,88,3711,2,6,58.41
662,2025-03-03,X (Twitter),Product Demo Series,XT-250303-00662,Double tap if you agree! Product Demo Series,Engagement,Reel,55+,UK,4429,3847,68,64,13,5,17,99,1767,1,1,33.75
663,2025-03-03,YouTube,Brand Awareness Q3,YT-250303-00663,Discover what makes Brand Awareness Q3 different. #NewLaunch,Awareness,Story,55+,India,24008,20488,171,533,137,55,213,938,13767,36,7,283.33
664,2025-03-03,YouTube,Retargeting Campaign,YT-250303-00664,Get the app. Get Retargeting Campaign.,App Installs,Story,25-34,UAE,17008,13005,80,164,28,33,71,296,9648,7,7,160.14
665,2025-03-04,Facebook,Lead Gen - Webinar,FB-250304-00665,Discover what makes Lead Gen - Webinar different. #NewLaunch,Awareness,Image,25-34,Germany,20507,11593,291,436,69,71,165,741,0,9,29,107.7
666,2025-03-04,Facebook,Product Demo Series,FB-250304-00666,Full details on our site — Product Demo Series.,Traffic,Video,55+,UAE,22150,16073,283,565,104,56,183,908,5591,36,20,210.8
667,2025-03-04,Facebook,Retargeting Campaign,FB-250304-00667,Swipe up to explore Retargeting Campaign today.,Traffic,Carousel,45-54,UK,15177,10922,148,326,58,24,62,470,0,10,15,113.96
668,2025-03-04,Instagram,Brand Awareness Q3,IG-250304-00668,This is more than a campaign — it's a movement. Brand Awareness Q3,Awareness,Carousel,18-24,UAE,21570,16690,124,712,171,63,259,1205,0,26,12,236.94
669,2025-03-04,Instagram,Retargeting Campaign,IG-250304-00669,Join thousands who've already signed up for Retargeting Campaign.,Lead Generation,Story,35-44,India,12645,7373,151,542,71,51,189,853,5078,27,6,117.77
670,2025-03-04,LinkedIn,Influencer Collab,LI-250304-00670,Get exclusive access to Influencer Collab today.,Conversions,Image,18-24,USA,4519,3278,23,74,15,7,16,112,0,2,1,88.17
671,2025-03-04,TikTok,App Install Push,TT-250304-00671,Big things are coming. Stay tuned for App Install Push.,Awareness,Story,45-54,Germany,31212,26369,565,838,169,90,385,1482,12328,36,20,259.33
672,2025-03-04,TikTok,Lead Gen - Webinar,TT-250304-00672,Join thousands who've already signed up for Lead Gen - Webinar.,Lead Generation,Reel,55+,UAE,20012,14637,174,1498,253,203,640,2594,7655,43,17,116.26
673,2025-03-04,TikTok,New Feature Announcement,TT-250304-00673,Available now on iOS and Android — New Feature Announcement.,App Installs,Text,45-54,Germany,44271,28415,474,2611,407,391,414,3823,0,189,32,203.94
674,2025-03-04,X (Twitter),App Install Push,XT-250304-00674,Limited time only. Shop App Install Push now.,Conversions,Image,35-44,India,11698,7100,163,244,35,40,37,356,0,4,12,73.54
675,2025-03-04,X (Twitter),New Feature Announcement,XT-250304-00675,Download now and experience New Feature Announcement.,App Installs,Reel,18-24,Brazil,300,198,3,4,0,0,4,8,163,0,0,2.44
676,2025-03-04,X (Twitter),Product Demo Series,XT-250304-00676,Reserve your spot for Product Demo Series — seats are limited.,Lead Generation,Video,35-44,USA,6652,4446,67,111,20,13,20,164,1649,5,7,57.61
677,2025-03-04,YouTube,New Feature Announcement,YT-250304-00677,Reserve your spot for New Feature Announcement — seats are limited.,Lead Generation,Video,45-54,Germany,13205,8497,83,171,32,26,39,268,7638,5,9,170.16
678,2025-03-04,YouTube,Retargeting Campaign,YT-250304-00678,Your next favorite thing is one click away. Retargeting Campaign,Conversions,Story,55+,UAE,12900,11136,121,335,86,47,124,592,2817,18,7,86.58
679,2025-03-05,Facebook,Brand Awareness Q3,FB-250305-00679,Sign up now for exclusive access to Brand Awareness Q3.,Lead Generation,Video,55+,UK,18185,11932,179,257,30,35,46,368,5426,11,20,137.74
680,2025-03-05,Facebook,Retargeting Campaign,FB-250305-00680,Get the app. Get Retargeting Campaign.,App Installs,Text,45-54,India,22397,16336,195,508,106,94,111,819,0,24,4,156.31
681,2025-03-05,Instagram,Brand Awareness Q3,IG-250305-00681,Don't miss out — Brand Awareness Q3 ends soon.,Conversions,Reel,45-54,India,23297,16728,190,890,130,158,221,1399,5586,47,15,223.88
682,2025-03-05,Instagram,Retargeting Campaign,IG-250305-00682,Swipe up to explore Retargeting Campaign today.,Traffic,Text,18-24,Brazil,27268,24310,199,978,123,161,250,1512,0,18,9,240.5
683,2025-03-05,TikTok,Holiday Promo,TT-250305-00683,Link in bio to learn more about Holiday Promo.,Traffic,Reel,45-54,India,35424,25463,631,954,156,167,371,1648,10134,73,48,176.92
684,2025-03-05,X (Twitter),Influencer Collab,XT-250305-00684,"You asked, we delivered. Introducing Influencer Collab.",Awareness,Text,55+,UK,5041,4114,79,95,23,16,30,164,0,7,5,34.89
685,2025-03-05,X (Twitter),Lead Gen - Webinar,XT-250305-00685,Tell us what you think in the comments! Lead Gen - Webinar,Engagement,Story,25-34,UK,9091,6121,68,59,12,8,22,101,4341,2,4,84.12
686,2025-03-05,YouTube,Product Demo Series,YT-250305-00686,This is more than a campaign — it's a movement. Product Demo Series,Awareness,Text,25-34,UK,2214,1673,7,38,9,5,15,67,0,0,0,24.84
687,2025-03-06,Facebook,Influencer Collab,FB-250306-00687,We want to hear your story. Share below. Influencer Collab,Engagement,Carousel,25-34,Brazil,7358,4145,117,174,32,27,54,287,0,7,12,39.12
688,2025-03-06,Instagram,Holiday Promo,IG-250306-00688,Join thousands who've already signed up for Holiday Promo.,Lead Generation,Image,25-34,Germany,15100,11139,133,436,96,81,69,682,0,12,8,139.35
689,2025-03-06,Instagram,Product Demo Series,IG-250306-00689,Get the free guide: Product Demo Series.,Lead Generation,Story,55+,USA,23872,14769,270,778,143,96,254,1271,11112,46,13,150.81
690,2025-03-06,LinkedIn,Influencer Collab,LI-250306-00690,Download now and experience Influencer Collab.,App Installs,Carousel,55+,India,7723,5861,52,117,27,16,40,200,0,3,2,120.99
691,2025-03-06,LinkedIn,Product Demo Series,LI-250306-00691,"You asked, we delivered. Introducing Product Demo Series.",Awareness,Video,35-44,USA,5699,3867,60,81,14,14,25,134,1901,5,4,95.49
692,2025-03-06,TikTok,Lead Gen - Webinar,TT-250306-00692,Ready to dive in? Click through for Lead Gen - Webinar.,Traffic,Carousel,45-54,Brazil,25062,16294,353,853,119,165,330,1467,0,31,15,127.44
693,2025-03-06,TikTok,Product Demo Series,TT-250306-00693,Double tap if you agree! Product Demo Series,Engagement,Text,35-44,Brazil,33516,19315,303,2052,442,304,617,3415,0,50,25,176.81
694,2025-03-06,YouTube,Retargeting Campaign,YT-250306-00694,Full details on our site — Retargeting Campaign.,Traffic,Text,45-54,Brazil,9208,5275,69,199,34,21,73,327,0,5,8,102.24
695,2025-03-07,Facebook,New Feature Announcement,FB-250307-00695,Limited time only. Shop New Feature Announcement now.,Conversions,Reel,18-24,Germany,22057,15335,208,653,131,113,51,948,9788,40,6,118.41
696,2025-03-07,Instagram,Product Demo Series,IG-250307-00696,Get the app. Get Product Demo Series.,App Installs,Story,45-54,UK,26087,22982,223,1150,230,151,326,1857,10733,78,15,177.99
697,2025-03-07,LinkedIn,App Install Push,LI-250307-00697,Big things are coming. Stay tuned for App Install Push.,Awareness,Reel,18-24,UK,7802,6299,67,81,14,13,16,124,4121,1,1,152.04
698,2025-03-07,LinkedIn,Influencer Collab,LI-250307-00698,Reserve your spot for Influencer Collab — seats are limited.,Lead Generation,Carousel,25-34,India,1477,1016,5,14,2,1,6,23,0,0,0,25.95
699,2025-03-07,LinkedIn,Summer Sale Launch,LI-250307-00699,Get exclusive access to Summer Sale Launch today.,Conversions,Story,45-54,India,10686,7390,69,109,23,23,40,195,5469,3,1,126.56
700,2025-03-07,TikTok,New Feature Announcement,TT-250307-00700,Tell us what you think in the comments! New Feature Announcement,Engagement,Reel,25-34,India,20615,14509,301,1057,177,190,199,1623,5024,42,30,138.47
701,2025-03-07,TikTok,Retargeting Campaign,TT-250307-00701,Don't miss out — Retargeting Campaign ends soon.,Conversions,Reel,55+,UAE,43067,33341,473,1176,198,176,522,2072,22206,49,42,332.9
702,2025-03-07,X (Twitter),App Install Push,XT-250307-00702,Swipe up to explore App Install Push today.,Traffic,Image,35-44,UK,11160,6716,147,65,13,11,24,113,0,4,13,101.82
703,2025-03-07,X (Twitter),Lead Gen - Webinar,XT-250307-00703,Get the free guide: Lead Gen - Webinar.,Lead Generation,Text,45-54,Brazil,10370,8334,153,92,12,6,22,132,0,4,7,98.6
704,2025-03-07,X (Twitter),Product Demo Series,XT-250307-00704,Swipe up to explore Product Demo Series today.,Traffic,Video,25-34,Germany,7777,5194,87,133,20,26,59,238,3244,10,7,44.9
705,2025-03-07,X (Twitter),Summer Sale Launch,XT-250307-00705,Discover what makes Summer Sale Launch different. #NewLaunch,Awareness,Story,25-34,UK,9258,6016,70,149,28,22,68,267,3165,9,6,68.76
706,2025-03-08,Facebook,Influencer Collab,FB-250308-00706,Limited time only. Shop Influencer Collab now.,Conversions,Image,25-34,Germany,15517,9493,194,514,109,54,183,860,0,15,10,132.36
707,2025-03-08,Facebook,Product Demo Series,FB-250308-00707,Reserve your spot for Product Demo Series — seats are limited.,Lead Generation,Video,35-44,UAE,22551,14428,285,834,139,125,183,1281,13500,51,13,159.12
708,2025-03-08,Instagram,App Install Push,IG-250308-00708,Your next favorite thing is one click away. App Install Push,Conversions,Image,35-44,UAE,20747,18190,204,737,103,137,315,1292,0,60,17,129.52
709,2025-03-08,Instagram,New Feature Announcement,IG-250308-00709,Double tap if you agree! New Feature Announcement,Engagement,Text,55+,UAE,19553,12989,208,337,68,44,161,610,0,10,9,161.43
710,2025-03-08,LinkedIn,Brand Awareness Q3,LI-250308-00710,Full details on our site — Brand Awareness Q3.,Traffic,Carousel,55+,Germany,3193,1811,11,61,10,10,11,92,0,1,0,33.49
711,2025-03-08,LinkedIn,Influencer Collab,LI-250308-00711,Limited time only. Shop Influencer Collab now.,Conversions,Video,55+,UK,7722,6183,66,133,17,19,38,207,2648,4,4,139.35
712,2025-03-08,TikTok,Lead Gen - Webinar,TT-250308-00712,We want to hear your story. Share below. Lead Gen - Webinar,Engagement,Video,18-24,Brazil,38581,29899,681,2867,638,425,839,4769,15704,157,49,305.1
713,2025-03-08,X (Twitter),Summer Sale Launch,XT-250308-00713,Big things are coming. Stay tuned for Summer Sale Launch.,Awareness,Story,35-44,Germany,6032,5221,56,58,9,9,19,95,3283,3,3,56.6
714,2025-03-08,YouTube,App Install Push,YT-250308-00714,Full details on our site — App Install Push.,Traffic,Text,55+,UAE,15612,12352,99,206,42,19,79,346,0,14,2,119.13
715,2025-03-08,YouTube,Brand Awareness Q3,YT-250308-00715,Get the free guide: Brand Awareness Q3.,Lead Generation,Text,18-24,UK,22017,15556,76,633,156,86,211,1086,0,51,5,290.71
716,2025-03-08,YouTube,Holiday Promo,YT-250308-00716,Full details on our site — Holiday Promo.,Traffic,Reel,35-44,Brazil,15258,11675,94,186,37,20,37,280,3493,12,9,132.54
717,2025-03-08,YouTube,New Feature Announcement,YT-250308-00717,This is more than a campaign — it's a movement. New Feature Announcement,Awareness,Story,18-24,UK,12123,7334,91,262,57,32,54,405,4793,13,8,153.27
718,2025-03-09,Facebook,New Feature Announcement,FB-250309-00718,Link in bio to learn more about New Feature Announcement.,Traffic,Text,45-54,India,12526,9793,92,330,63,39,149,581,0,26,4,114.98
719,2025-03-09,Instagram,Retargeting Campaign,IG-250309-00719,Limited time only. Shop Retargeting Campaign now.,Conversions,Image,18-24,India,30191,26028,194,1156,220,205,472,2053,0,43,15,287.57
720,2025-03-09,Instagram,Summer Sale Launch,IG-250309-00720,Join thousands who've already signed up for Summer Sale Launch.,Lead Generation,Text,35-44,UAE,15660,12553,148,683,119,85,276,1163,0,48,8,92.2
721,2025-03-09,TikTok,Influencer Collab,TT-250309-00721,Double tap if you agree! Influencer Collab,Engagement,Story,35-44,Germany,20360,14416,411,1596,317,150,596,2659,5751,119,25,102.65
722,2025-03-09,TikTok,Product Demo Series,TT-250309-00722,Get the free guide: Product Demo Series.,Lead Generation,Image,18-24,UAE,30668,22759,318,1612,325,124,428,2489,0,48,11,249.48
723,2025-03-09,X (Twitter),Influencer Collab,XT-250309-00723,Sign up now for exclusive access to Influencer Collab.,Lead Generation,Story,25-34,India,8500,5359,90,93,19,12,12,136,3100,5,5,54.8
724,2025-03-09,X (Twitter),New Feature Announcement,XT-250309-00724,Limited time only. Shop New Feature Announcement now.,Conversions,Video,55+,UAE,6255,3897,77,47,6,7,14,74,2750,1,5,38.74
725,2025-03-09,YouTube,Retargeting Campaign,YT-250309-00725,Don't miss out — Retargeting Campaign ends soon.,Conversions,Text,35-44,USA,13048,8379,42,176,25,14,38,253,0,11,3,96.05
726,2025-03-09,YouTube,Summer Sale Launch,YT-250309-00726,Link in bio to learn more about Summer Sale Launch.,Traffic,Story,45-54,Germany,13672,11813,87,237,60,21,111,429,4604,20,5,176.81
727,2025-03-10,Facebook,Holiday Promo,FB-250310-00727,Get the free guide: Holiday Promo.,Lead Generation,Video,55+,UAE,20270,16629,152,701,128,77,148,1054,8187,35,4,134.35
728,2025-03-10,Facebook,New Feature Announcement,FB-250310-00728,Discover what makes New Feature Announcement different. #NewLaunch,Awareness,Carousel,25-34,USA,30945,21211,412,334,67,52,146,599,0,25,12,306.7
729,2025-03-10,Facebook,Product Demo Series,FB-250310-00729,Don't miss out — Product Demo Series ends soon.,Conversions,Image,18-24,UAE,15566,10541,206,494,91,51,225,861,0,40,19,132.79
730,2025-03-10,Facebook,Retargeting Campaign,FB-250310-00730,Full details on our site — Retargeting Campaign.,Traffic,Image,45-54,UAE,4106,2659,69,52,6,9,15,82,0,3,5,32.98
731,2025-03-10,LinkedIn,App Install Push,LI-250310-00731,Install today and unlock App Install Push.,App Installs,Video,45-54,UAE,6980,5037,38,173,25,18,56,272,4165,4,0,127.75
732,2025-03-10,LinkedIn,New Feature Announcement,LI-250310-00732,Available now on iOS and Android — New Feature Announcement.,App Installs,Video,35-44,UK,303,210,1,2,0,0,3,5,98,0,0,3.1
733,2025-03-10,LinkedIn,Product Demo Series,LI-250310-00733,Don't miss out — Product Demo Series ends soon.,Conversions,Image,18-24,USA,7557,4583,79,120,30,21,40,211,0,3,7,132.83
734,2025-03-10,TikTok,Holiday Promo,TT-250310-00734,Get exclusive access to Holiday Promo today.,Conversions,Image,45-54,UK,17293,13230,342,857,122,107,425,1511,0,32,33,123.33
735,2025-03-10,TikTok,Summer Sale Launch,TT-250310-00735,This is more than a campaign — it's a movement. Summer Sale Launch,Awareness,Image,25-34,India,28351,21603,500,1480,260,175,261,2176,0,93,33,127.08
736,2025-03-10,X (Twitter),App Install Push,XT-250310-00736,Tell us what you think in the comments! App Install Push,Engagement,Story,18-24,UK,7858,4676,79,105,18,9,59,191,4660,6,8,53.13
737,2025-03-10,X (Twitter),Influencer Collab,XT-250310-00737,We want to hear your story. Share below. Influencer Collab,Engagement,Story,18-24,UK,6618,3903,63,111,15,9,34,169,3582,7,2,61.13
738,2025-03-10,X (Twitter),Summer Sale Launch,XT-250310-00738,Ready to dive in? Click through for Summer Sale Launch.,Traffic,Image,35-44,Germany,8529,5269,75,87,21,8,42,158,0,4,8,78.77
739,2025-03-10,YouTube,Influencer Collab,YT-250310-00739,This is more than a campaign — it's a movement. Influencer Collab,Awareness,Text,18-24,USA,19147,15865,107,426,68,54,78,626,0,12,2,133.6
740,2025-03-10,YouTube,Lead Gen - Webinar,YT-250310-00740,Your next favorite thing is one click away. Lead Gen - Webinar,Conversions,Text,35-44,UAE,18058,11259,101,290,43,40,103,476,0,14,6,216.35
741,2025-03-11,Facebook,New Feature Announcement,FB-250311-00741,Ready to dive in? Click through for New Feature Announcement.,Traffic,Text,25-34,UAE,5731,4669,49,148,37,21,61,267,0,9,2,49.24
742,2025-03-11,Instagram,Summer Sale Launch,IG-250311-00742,Sign up now for exclusive access to Summer Sale Launch.,Lead Generation,Reel,55+,Germany,11026,9732,129,232,47,27,35,341,4552,15,15,100.37
743,2025-03-11,TikTok,Brand Awareness Q3,TT-250311-00743,Reserve your spot for Brand Awareness Q3 — seats are limited.,Lead Generation,Text,25-34,India,19278,12727,169,741,142,144,249,1276,0,47,15,89.43
744,2025-03-11,TikTok,Lead Gen - Webinar,TT-250311-00744,Big things are coming. Stay tuned for Lead Gen - Webinar.,Awareness,Reel,55+,USA,36985,23186,508,2840,475,448,492,4255,10776,89,43,285.61
745,2025-03-11,TikTok,Retargeting Campaign,TT-250311-00745,Install today and unlock Retargeting Campaign.,App Installs,Video,45-54,Brazil,40273,33035,575,2473,570,339,617,3999,14667,76,57,311.54
746,2025-03-11,X (Twitter),Influencer Collab,XT-250311-00746,Install today and unlock Influencer Collab.,App Installs,Image,25-34,Brazil,10966,8277,99,141,21,15,60,237,0,8,8,57.71
747,2025-03-11,X (Twitter),Lead Gen - Webinar,XT-250311-00747,Ready to dive in? Click through for Lead Gen - Webinar.,Traffic,Video,25-34,Germany,10965,6087,112,121,23,15,38,197,5201,8,10,73.85
748,2025-03-11,YouTube,App Install Push,YT-250311-00748,Install today and unlock App Install Push.,App Installs,Story,25-34,USA,21278,13398,137,564,116,62,194,936,5097,19,13,156.96
749,2025-03-11,YouTube,Holiday Promo,YT-250311-00749,Discover what makes Holiday Promo different. #NewLaunch,Awareness,Video,18-24,Brazil,13192,11203,69,459,65,34,101,659,3170,25,4,149.58
750,2025-03-11,YouTube,Retargeting Campaign,YT-250311-00750,Install today and unlock Retargeting Campaign.,App Installs,Story,35-44,India,20110,13859,104,293,55,44,79,471,5387,22,11,168.12
751,2025-03-12,Facebook,Brand Awareness Q3,FB-250312-00751,Limited time only. Shop Brand Awareness Q3 now.,Conversions,Text,55+,USA,8938,6478,82,338,56,36,91,521,0,8,3,81.23
752,2025-03-12,Facebook,Holiday Promo,FB-250312-00752,Big things are coming. Stay tuned for Holiday Promo.,Awareness,Reel,25-34,UK,4997,2968,63,114,21,20,42,197,2094,7,1,41.72
753,2025-03-12,Instagram,App Install Push,IG-250312-00753,Ready to dive in? Click through for App Install Push.,Traffic,Reel,25-34,India,24807,19242,203,1238,226,256,519,2239,10262,96,9,188.09
754,2025-03-12,Instagram,Holiday Promo,IG-250312-00754,Available now on iOS and Android — Holiday Promo.,App Installs,Text,55+,India,16101,10213,221,601,140,77,177,995,0,24,9,123.38
755,2025-03-12,Instagram,Retargeting Campaign,IG-250312-00755,Sign up now for exclusive access to Retargeting Campaign.,Lead Generation,Carousel,45-54,Brazil,27806,23007,298,685,133,53,173,1044,0,38,15,225.32
756,2025-03-12,LinkedIn,Lead Gen - Webinar,LI-250312-00756,This is more than a campaign — it's a movement. Lead Gen - Webinar,Awareness,Story,55+,Germany,3865,2783,22,72,11,12,27,122,783,1,0,40.81
757,2025-03-12,LinkedIn,Retargeting Campaign,LI-250312-00757,Discover what makes Retargeting Campaign different. #NewLaunch,Awareness,Image,55+,USA,4571,2679,49,95,21,12,38,166,0,8,4,65.06
758,2025-03-12,TikTok,Brand Awareness Q3,TT-250312-00758,We want to hear your story. Share below. Brand Awareness Q3,Engagement,Story,55+,India,32734,26921,535,2642,556,237,925,4360,13603,93,62,191.96
759,2025-03-12,TikTok,Influencer Collab,TT-250312-00759,Get exclusive access to Influencer Collab today.,Conversions,Text,45-54,USA,25156,16624,438,1085,144,108,368,1705,0,42,49,148.7
760,2025-03-12,TikTok,Summer Sale Launch,TT-250312-00760,Download now and experience Summer Sale Launch.,App Installs,Reel,55+,Brazil,17318,10294,136,688,110,123,279,1200,6092,36,10,73.89
761,2025-03-12,X (Twitter),Lead Gen - Webinar,XT-250312-00761,Tag a friend who needs to see this. Lead Gen - Webinar,Engagement,Carousel,18-24,Germany,11548,8626,97,130,27,12,28,197,0,4,10,60.33
762,2025-03-12,X (Twitter),New Feature Announcement,XT-250312-00762,Your next favorite thing is one click away. New Feature Announcement,Conversions,Story,18-24,UK,15482,12937,245,166,40,27,66,299,7693,12,17,88.33
763,2025-03-12,X (Twitter),Product Demo Series,XT-250312-00763,This is more than a campaign — it's a movement. Product Demo Series,Awareness,Carousel,25-34,USA,8319,5975,76,86,19,12,38,155,0,6,7,47.31
764,2025-03-12,X (Twitter),Retargeting Campaign,XT-250312-00764,Join thousands who've already signed up for Retargeting Campaign.,Lead Generation,Image,35-44,Germany,3224,2482,20,48,6,4,24,82,0,1,2,29.67
765,2025-03-13,Facebook,App Install Push,FB-250313-00765,Sign up now for exclusive access to App Install Push.,Lead Generation,Reel,35-44,UK,18123,16116,251,214,49,40,68,371,3830,16,21,153.92
766,2025-03-13,Facebook,Holiday Promo,FB-250313-00766,Don't miss out — Holiday Promo ends soon.,Conversions,Reel,35-44,USA,21023,15004,361,693,84,85,170,1032,4618,45,37,181.74
767,2025-03-13,Facebook,Lead Gen - Webinar,FB-250313-00767,Double tap if you agree! Lead Gen - Webinar,Engagement,Carousel,18-24,Brazil,19391,15847,211,631,86,59,206,982,0,39,12,146.29
768,2025-03-13,Instagram,Retargeting Campaign,IG-250313-00768,Get the app. Get Retargeting Campaign.,App Installs,Reel,18-24,India,31378,22000,385,1257,207,149,207,1820,13235,31,39,321.51
769,2025-03-13,LinkedIn,Summer Sale Launch,LI-250313-00769,Ready to dive in? Click through for Summer Sale Launch.,Traffic,Reel,18-24,Germany,5627,4466,28,80,19,8,37,144,2171,5,2,108.69
770,2025-03-13,TikTok,Brand Awareness Q3,TT-250313-00770,Full details on our site — Brand Awareness Q3.,Traffic,Video,35-44,UAE,21574,17817,237,1356,192,149,633,2330,7925,70,12,106.8
771,2025-03-13,X (Twitter),Influencer Collab,XT-250313-00771,This is more than a campaign — it's a movement. Influencer Collab,Awareness,Text,25-34,UAE,13112,10405,114,92,20,14,39,165,0,4,8,108.74
772,2025-03-13,X (Twitter),Lead Gen - Webinar,XT-250313-00772,Discover what makes Lead Gen - Webinar different. #NewLaunch,Awareness,Carousel,25-34,USA,4684,3582,64,32,7,2,15,56,0,2,1,40.51
773,2025-03-13,X (Twitter),New Feature Announcement,XT-250313-00773,Discover what makes New Feature Announcement different. #NewLaunch,Awareness,Image,35-44,India,3484,1951,40,39,9,6,13,67,0,1,2,30.81
774,2025-03-13,YouTube,Brand Awareness Q3,YT-250313-00774,Get the app. Get Brand Awareness Q3.,App Installs,Text,18-24,UK,5338,3254,24,116,22,11,41,190,0,3,2,59.03
775,2025-03-13,YouTube,Holiday Promo,YT-250313-00775,"You asked, we delivered. Introducing Holiday Promo.",Awareness,Story,55+,Brazil,17302,15046,143,580,67,77,109,833,5203,41,15,162.56
776,2025-03-13,YouTube,Influencer Collab,YT-250313-00776,Big things are coming. Stay tuned for Influencer Collab.,Awareness,Video,45-54,Germany,6707,4623,21,126,25,13,17,181,2525,1,2,70.82
777,2025-03-13,YouTube,Summer Sale Launch,YT-250313-00777,Limited time only. Shop Summer Sale Launch now.,Conversions,Reel,25-34,Germany,7747,5121,37,147,24,28,65,264,2954,8,1,58.35
778,2025-03-14,Facebook,Product Demo Series,FB-250314-00778,Full details on our site — Product Demo Series.,Traffic,Carousel,18-24,Brazil,24063,13265,202,568,104,111,153,936,0,14,13,170.58
779,2025-03-14,Facebook,Summer Sale Launch,FB-250314-00779,Link in bio to learn more about Summer Sale Launch.,Traffic,Video,45-54,UAE,22294,16863,243,827,137,137,92,1193,8511,21,17,185.32
780,2025-03-14,Instagram,Product Demo Series,IG-250314-00780,Swipe up to explore Product Demo Series today.,Traffic,Reel,45-54,UK,27982,25127,279,647,118,77,241,1083,7312,42,32,205.69
781,2025-03-14,Instagram,Retargeting Campaign,IG-250314-00781,Discover what makes Retargeting Campaign different. #NewLaunch,Awareness,Video,25-34,Brazil,25162,16557,145,652,86,112,172,1022,9562,11,6,283.3
782,2025-03-14,Instagram,Summer Sale Launch,IG-250314-00782,Install today and unlock Summer Sale Launch.,App Installs,Reel,25-34,India,29207,16999,280,720,170,74,285,1249,8012,61,31,246.22
783,2025-03-14,LinkedIn,Holiday Promo,LI-250314-00783,Link in bio to learn more about Holiday Promo.,Traffic,Carousel,35-44,USA,9772,7678,42,200,47,19,59,325,0,15,2,162.95
784,2025-03-14,LinkedIn,Lead Gen - Webinar,LI-250314-00784,Get the app. Get Lead Gen - Webinar.,App Installs,Text,45-54,UK,8789,6345,96,125,17,18,37,197,0,7,11,97.2
785,2025-03-14,LinkedIn,New Feature Announcement,LI-250314-00785,This is more than a campaign — it's a movement. New Feature Announcement,Awareness,Story,18-24,UK,6979,4943,47,73,14,6,27,120,3294,4,4,102.3
786,2025-03-14,TikTok,Lead Gen - Webinar,TT-250314-00786,Get the free guide: Lead Gen - Webinar.,Lead Generation,Story,18-24,Germany,32428,28067,362,2656,371,306,465,3798,6683,71,17,207.04
787,2025-03-14,TikTok,Retargeting Campaign,TT-250314-00787,Double tap if you agree! Retargeting Campaign,Engagement,Carousel,55+,Germany,29106,18880,402,1118,212,91,221,1642,0,79,34,201.72
788,2025-03-14,YouTube,Holiday Promo,YT-250314-00788,Install today and unlock Holiday Promo.,App Installs,Reel,25-34,UK,13751,8455,100,365,57,37,100,559,5265,24,11,178.86
789,2025-03-14,YouTube,Influencer Collab,YT-250314-00789,Full details on our site — Influencer Collab.,Traffic,Image,55+,UAE,22952,13827,155,323,44,32,154,553,0,27,4,199.83
790,2025-03-14,YouTube,Retargeting Campaign,YT-250314-00790,This is more than a campaign — it's a movement. Retargeting Campaign,Awareness,Story,18-24,India,9230,5948,40,217,32,34,72,355,2279,14,4,96.06
791,2025-03-15,Facebook,Retargeting Campaign,FB-250315-00791,Get the app. Get Retargeting Campaign.,App Installs,Carousel,35-44,India,9583,5387,100,190,38,23,33,284,0,12,8,80.82
792,2025-03-15,Facebook,Summer Sale Launch,FB-250315-00792,Install today and unlock Summer Sale Launch.,App Installs,Carousel,45-54,UAE,8049,5953,133,274,44,34,93,445,0,9,6,58.64
793,2025-03-15,Instagram,App Install Push,IG-250315-00793,Swipe up to explore App Install Push today.,Traffic,Video,18-24,UK,9370,6022,91,329,46,53,107,535,3421,10,3,65.28
794,2025-03-15,LinkedIn,Retargeting Campaign,LI-250315-00794,We want to hear your story. Share below. Retargeting Campaign,Engagement,Reel,18-24,UK,4849,3657,30,78,11,7,29,125,1769,1,1,92.55
795,2025-03-15,TikTok,App Install Push,TT-250315-00795,Tag a friend who needs to see this. App Install Push,Engagement,Story,45-54,USA,45060,33320,540,1633,270,266,222,2391,23508,86,47,300.13
796,2025-03-15,TikTok,Brand Awareness Q3,TT-250315-00796,Swipe up to explore Brand Awareness Q3 today.,Traffic,Carousel,45-54,UAE,30111,25502,220,1745,414,206,586,2951,0,55,19,213.32
797,2025-03-15,TikTok,Holiday Promo,TT-250315-00797,Discover what makes Holiday Promo different. #NewLaunch,Awareness,Reel,18-24,Brazil,19976,13395,158,875,186,86,169,1316,10975,53,10,122.79
798,2025-03-15,TikTok,Retargeting Campaign,TT-250315-00798,Available now on iOS and Android — Retargeting Campaign.,App Installs,Video,25-34,Germany,7390,6334,99,657,82,62,140,941,1766,9,11,60.54
799,2025-03-15,X (Twitter),App Install Push,XT-250315-00799,We want to hear your story. Share below. App Install Push,Engagement,Text,35-44,USA,9896,6821,105,175,30,16,68,289,0,10,3,90.19
800,2025-03-15,X (Twitter),New Feature Announcement,XT-250315-00800,Big things are coming. Stay tuned for New Feature Announcement.,Awareness,Video,55+,India,3590,2828,20,57,12,5,13,87,1984,2,1,32.42
801,2025-03-15,X (Twitter),Retargeting Campaign,XT-250315-00801,Get the free guide: Retargeting Campaign.,Lead Generation,Reel,18-24,India,9914,7726,95,182,24,21,42,269,2973,9,8,66.45
802,2025-03-15,YouTube,Lead Gen - Webinar,YT-250315-00802,Tell us what you think in the comments! Lead Gen - Webinar,Engagement,Text,45-54,USA,17720,12928,131,444,87,91,184,806,0,25,9,205.08
803,2025-03-16,Facebook,Influencer Collab,FB-250316-00803,Get the free guide: Influencer Collab.,Lead Generation,Image,35-44,Germany,7127,5230,98,242,39,39,69,389,0,17,5,45.65
804,2025-03-16,Instagram,Brand Awareness Q3,IG-250316-00804,Double tap if you agree! Brand Awareness Q3,Engagement,Story,35-44,India,44938,33505,516,1035,240,204,283,1762,12837,21,35,293.01
805,2025-03-16,LinkedIn,Brand Awareness Q3,LI-250316-00805,Full details on our site — Brand Awareness Q3.,Traffic,Image,18-24,UK,5766,3828,26,122,17,9,46,194,0,6,0,105.82
806,2025-03-16,LinkedIn,Influencer Collab,LI-250316-00806,Tag a friend who needs to see this. Influencer Collab,Engagement,Image,45-54,India,4599,2875,28,55,12,6,23,96,0,4,1,67.88
807,2025-03-16,LinkedIn,Product Demo Series,LI-250316-00807,Install today and unlock Product Demo Series.,App Installs,Carousel,55+,USA,7948,5249,33,87,16,14,35,152,0,4,0,101.95
808,2025-03-16,TikTok,App Install Push,TT-250316-00808,Join thousands who've already signed up for App Install Push.,Lead Generation,Text,55+,UK,46341,31830,381,1438,274,178,363,2253,0,69,9,278.68
809,2025-03-16,TikTok,New Feature Announcement,TT-250316-00809,Available now on iOS and Android — New Feature Announcement.,App Installs,Video,35-44,India,30337,24585,447,928,192,99,191,1410,16856,61,28,212.04
810,2025-03-16,TikTok,Product Demo Series,TT-250316-00810,Double tap if you agree! Product Demo Series,Engagement,Carousel,25-34,USA,11409,8693,249,683,132,126,160,1101,0,21,13,87.61
811,2025-03-17,Facebook,Holiday Promo,FB-250317-00811,This is more than a campaign — it's a movement. Holiday Promo,Awareness,Story,45-54,UK,15997,9267,280,204,51,25,85,365,5704,7,14,138.6
812,2025-03-17,Facebook,Influencer Collab,FB-250317-00812,Get exclusive access to Influencer Collab today.,Conversions,Image,25-34,Brazil,19453,11560,219,567,109,115,173,964,0,25,22,172.25
813,2025-03-17,Facebook,New Feature Announcement,FB-250317-00813,Big things are coming. Stay tuned for New Feature Announcement.,Awareness,Carousel,18-24,USA,15420,12087,251,175,39,24,69,307,0,9,8,113.62
814,2025-03-17,Facebook,Retargeting Campaign,FB-250317-00814,Swipe up to explore Retargeting Campaign today.,Traffic,Text,18-24,Brazil,18101,12030,145,381,87,59,163,690,0,29,5,180.43
815,2025-03-17,Facebook,Summer Sale Launch,FB-250317-00815,Don't miss out — Summer Sale Launch ends soon.,Conversions,Text,45-54,India,16423,11343,258,340,68,47,71,526,0,12,20,117.02
816,2025-03-17,LinkedIn,Product Demo Series,LI-250317-00816,We want to hear your story. Share below. Product Demo Series,Engagement,Video,25-34,India,3496,2049,15,34,5,3,12,54,1894,1,1,41.64
817,2025-03-17,YouTube,Lead Gen - Webinar,YT-250317-00817,"You asked, we delivered. Introducing Lead Gen - Webinar.",Awareness,Video,45-54,UK,16509,10412,133,256,62,32,99,449,6417,13,10,182.12
818,2025-03-17,YouTube,Retargeting Campaign,YT-250317-00818,Join thousands who've already signed up for Retargeting Campaign.,Lead Generation,Carousel,18-24,USA,13072,9013,53,185,37,24,69,315,0,15,1,169.31
819,2025-03-18,Facebook,Product Demo Series,FB-250318-00819,Limited time only. Shop Product Demo Series now.,Conversions,Carousel,55+,Brazil,13267,11677,131,493,98,68,81,740,0,26,10,113.31
820,2025-03-18,Instagram,App Install Push,IG-250318-00820,Double tap if you agree! App Install Push,Engagement,Text,35-44,India,14314,11481,136,714,148,116,307,1285,0,42,3,157.77
821,2025-03-18,Instagram,New Feature Announcement,IG-250318-00821,This is more than a campaign — it's a movement. New Feature Announcement,Awareness,Carousel,45-54,UK,18306,14488,169,380,55,58,160,653,0,27,11,170.44
822,2025-03-18,Instagram,Product Demo Series,IG-250318-00822,Get exclusive access to Product Demo Series today.,Conversions,Reel,45-54,USA,8492,7207,58,400,95,83,146,724,1850,33,3,80.78
823,2025-03-18,Instagram,Summer Sale Launch,IG-250318-00823,Install today and unlock Summer Sale Launch.,App Installs,Carousel,45-54,Brazil,16827,11086,92,516,113,64,72,765,0,17,3,97.52
824,2025-03-18,LinkedIn,Brand Awareness Q3,LI-250318-00824,Get the app. Get Brand Awareness Q3.,App Installs,Reel,18-24,India,5418,3688,27,99,13,11,39,162,2654,6,2,99.56
825,2025-03-18,X (Twitter),Holiday Promo,XT-250318-00825,Full details on our site — Holiday Promo.,Traffic,Story,35-44,UK,9437,7019,149,173,36,16,35,260,3827,11,10,48.68
826,2025-03-18,YouTube,Brand Awareness Q3,YT-250318-00826,Discover what makes Brand Awareness Q3 different. #NewLaunch,Awareness,Carousel,55+,UK,25755,18916,83,644,87,87,138,956,0,14,3,272.94
827,2025-03-18,YouTube,Retargeting Campaign,YT-250318-00827,Don't miss out — Retargeting Campaign ends soon.,Conversions,Video,55+,UK,14841,12634,104,149,25,20,35,229,8412,3,5,162.75
828,2025-03-18,YouTube,Summer Sale Launch,YT-250318-00828,Big things are coming. Stay tuned for Summer Sale Launch.,Awareness,Carousel,18-24,India,6466,5774,36,85,18,13,33,149,0,6,1,70.67
829,2025-03-19,Facebook,Holiday Promo,FB-250319-00829,Discover what makes Holiday Promo different. #NewLaunch,Awareness,Video,55+,UAE,15582,9815,127,278,56,42,28,404,6010,8,8,113.93
830,2025-03-19,Facebook,Retargeting Campaign,FB-250319-00830,Get exclusive access to Retargeting Campaign today.,Conversions,Reel,35-44,UK,25903,17332,291,486,70,91,128,775,14646,24,32,150.67
831,2025-03-19,Instagram,Brand Awareness Q3,IG-250319-00831,Sign up now for exclusive access to Brand Awareness Q3.,Lead Generation,Video,55+,UK,27635,21364,275,510,82,90,98,780,8314,14,21,288.38
832,2025-03-19,Instagram,Lead Gen - Webinar,IG-250319-00832,This is more than a campaign — it's a movement. Lead Gen - Webinar,Awareness,Text,35-44,Brazil,8709,6608,62,175,33,20,57,285,0,6,5,86.0
833,2025-03-19,Instagram,New Feature Announcement,IG-250319-00833,Sign up now for exclusive access to New Feature Announcement.,Lead Generation,Video,25-34,Germany,7126,5713,39,391,56,35,111,593,2157,16,4,53.84
834,2025-03-19,Instagram,Retargeting Campaign,IG-250319-00834,Don't miss out — Retargeting Campaign ends soon.,Conversions,Image,18-24,USA,18328,14121,144,552,99,78,139,868,0,11,8,135.36
835,2025-03-19,LinkedIn,Influencer Collab,LI-250319-00835,Install today and unlock Influencer Collab.,App Installs,Video,35-44,USA,5823,4367,63,109,19,8,27,163,3378,7,4,77.72
836,2025-03-19,TikTok,App Install Push,TT-250319-00836,Tag a friend who needs to see this. App Install Push,Engagement,Reel,45-54,Germany,13500,9609,175,1143,167,183,166,1659,4027,54,19,101.01
837,2025-03-19,X (Twitter),Brand Awareness Q3,XT-250319-00837,Link in bio to learn more about Brand Awareness Q3.,Traffic,Text,35-44,Brazil,9450,6687,48,142,26,22,30,220,0,3,1,70.68
838,2025-03-19,X (Twitter),Retargeting Campaign,XT-250319-00838,We want to hear your story. Share below. Retargeting Campaign,Engagement,Reel,25-34,USA,14282,8116,111,95,23,8,42,168,7835,4,5,112.78
839,2025-03-19,YouTube,App Install Push,YT-250319-00839,Double tap if you agree! App Install Push,Engagement,Video,25-34,Brazil,10105,6528,85,97,15,11,30,153,4483,6,8,110.53
840,2025-03-19,YouTube,Product Demo Series,YT-250319-00840,Get the free guide: Product Demo Series.,Lead Generation,Story,18-24,Germany,15920,10884,107,212,33,22,37,304,8490,8,6,181.06
841,2025-03-20,Facebook,App Install Push,FB-250320-00841,Join thousands who've already signed up for App Install Push.,Lead Generation,Carousel,25-34,UAE,19269,14157,231,425,80,65,140,710,0,31,26,200.91
842,2025-03-20,Facebook,Influencer Collab,FB-250320-00842,Link in bio to learn more about Influencer Collab.,Traffic,Video,25-34,UAE,18033,14478,143,354,58,58,101,571,6484,28,4,125.85
843,2025-03-20,LinkedIn,Retargeting Campaign,LI-250320-00843,Your next favorite thing is one click away. Retargeting Campaign,Conversions,Text,45-54,UAE,7150,5016,28,127,22,21,24,194,0,9,0,93.54
844,2025-03-20,TikTok,Influencer Collab,TT-250320-00844,Join thousands who've already signed up for Influencer Collab.,Lead Generation,Story,55+,USA,27856,16634,407,890,227,144,305,1566,15699,55,24,194.15
845,2025-03-20,TikTok,Lead Gen - Webinar,TT-250320-00845,Ready to dive in? Click through for Lead Gen - Webinar.,Traffic,Video,55+,UAE,15935,10873,252,1106,240,109,393,1848,8357,34,8,86.42
846,2025-03-20,X (Twitter),Retargeting Campaign,XT-250320-00846,We want to hear your story. Share below. Retargeting Campaign,Engagement,Text,18-24,UAE,6341,3927,98,93,15,10,23,141,0,4,5,42.47
847,2025-03-20,YouTube,App Install Push,YT-250320-00847,Sign up now for exclusive access to App Install Push.,Lead Generation,Image,35-44,Germany,12367,7372,109,318,60,39,103,520,0,21,10,143.16
848,2025-03-20,YouTube,Lead Gen - Webinar,YT-250320-00848,Sign up now for exclusive access to Lead Gen - Webinar.,Lead Generation,Video,45-54,Germany,15519,13364,94,410,64,70,56,600,7509,28,7,146.11
849,2025-03-20,YouTube,Summer Sale Launch,YT-250320-00849,Get the app. Get Summer Sale Launch.,App Installs,Text,35-44,UK,19269,14110,91,523,104,60,140,827,0,21,7,189.81
850,2025-03-21,Facebook,Retargeting Campaign,FB-250321-00850,Your next favorite thing is one click away. Retargeting Campaign,Conversions,Story,45-54,Germany,13117,7301,88,328,51,49,74,502,5207,23,7,116.98
851,2025-03-21,Instagram,Lead Gen - Webinar,IG-250321-00851,Get the app. Get Lead Gen - Webinar.,App Installs,Image,35-44,Germany,25089,21990,131,991,205,137,186,1519,0,19,14,274.9
852,2025-03-21,LinkedIn,App Install Push,LI-250321-00852,Sign up now for exclusive access to App Install Push.,Lead Generation,Story,18-24,India,8872,6398,61,97,13,15,38,163,4509,3,3,112.43
853,2025-03-21,TikTok,Product Demo Series,TT-250321-00853,Full details on our site — Product Demo Series.,Traffic,Carousel,25-34,UAE,28024,17373,296,2072,262,261,672,3267,0,121,9,165.71
854,2025-03-21,X (Twitter),App Install Push,XT-250321-00854,Discover what makes App Install Push different. #NewLaunch,Awareness,Text,18-24,USA,7976,5306,86,171,22,14,47,254,0,5,6,60.34
855,2025-03-21,X (Twitter),Holiday Promo,XT-250321-00855,Discover what makes Holiday Promo different. #NewLaunch,Awareness,Carousel,25-34,UK,10375,6044,136,222,41,39,40,342,0,9,10,71.26
856,2025-03-21,X (Twitter),Product Demo Series,XT-250321-00856,We want to hear your story. Share below. Product Demo Series,Engagement,Carousel,18-24,UK,18820,15417,170,417,86,38,80,621,0,12,8,113.86
857,2025-03-21,X (Twitter),Summer Sale Launch,XT-250321-00857,Don't miss out — Summer Sale Launch ends soon.,Conversions,Story,45-54,UK,8790,7601,133,117,18,17,20,172,5020,4,4,61.75
858,2025-03-21,YouTube,Retargeting Campaign,YT-250321-00858,Big things are coming. Stay tuned for Retargeting Campaign.,Awareness,Text,35-44,India,13148,10462,102,298,79,57,108,542,0,25,2,166.47
859,2025-03-22,Facebook,App Install Push,FB-250322-00859,Sign up now for exclusive access to App Install Push.,Lead Generation,Text,55+,Germany,9997,8331,139,305,64,38,89,496,0,24,11,63.57
860,2025-03-22,Facebook,Brand Awareness Q3,FB-250322-00860,Sign up now for exclusive access to Brand Awareness Q3.,Lead Generation,Story,25-34,USA,20766,15201,322,422,72,62,173,729,10726,24,32,166.95
861,2025-03-22,Facebook,Product Demo Series,FB-250322-00861,Available now on iOS and Android — Product Demo Series.,App Installs,Carousel,35-44,UK,15521,12197,187,545,69,98,109,821,0,29,19,142.79
862,2025-03-22,Facebook,Retargeting Campaign,FB-250322-00862,Tell us what you think in the comments! Retargeting Campaign,Engagement,Image,18-24,UK,7194,4549,102,132,19,19,70,240,0,8,2,56.21
863,2025-03-22,Instagram,Brand Awareness Q3,IG-250322-00863,Double tap if you agree! Brand Awareness Q3,Engagement,Image,18-24,Germany,24320,14778,194,658,141,82,212,1093,0,46,5,217.11
864,2025-03-22,Instagram,Influencer Collab,IG-250322-00864,Ready to dive in? Click through for Influencer Collab.,Traffic,Text,55+,India,27172,18519,266,1592,228,190,309,2319,0,115,30,241.62
865,2025-03-22,Instagram,Lead Gen - Webinar,IG-250322-00865,Available now on iOS and Android — Lead Gen - Webinar.,App Installs,Video,55+,India,23861,21002,130,669,149,91,164,1073,7181,42,4,239.41
866,2025-03-22,LinkedIn,Brand Awareness Q3,LI-250322-00866,We want to hear your story. Share below. Brand Awareness Q3,Engagement,Video,45-54,UAE,9045,7271,46,226,38,22,67,353,2561,8,4,178.32
867,2025-03-22,TikTok,Product Demo Series,TT-250322-00867,Swipe up to explore Product Demo Series today.,Traffic,Image,45-54,USA,38748,31900,385,1182,148,116,290,1736,0,78,23,275.9
868,2025-03-22,TikTok,Summer Sale Launch,TT-250322-00868,"You asked, we delivered. Introducing Summer Sale Launch.",Awareness,Image,45-54,Brazil,9953,8457,86,497,68,40,125,730,0,12,8,74.75
869,2025-03-22,X (Twitter),Influencer Collab,XT-250322-00869,Get exclusive access to Influencer Collab today.,Conversions,Text,18-24,India,3300,2762,31,31,5,4,10,50,0,2,3,24.58
870,2025-03-22,X (Twitter),Lead Gen - Webinar,XT-250322-00870,Tag a friend who needs to see this. Lead Gen - Webinar,Engagement,Text,18-24,Brazil,7377,4780,48,73,14,11,26,124,0,2,4,48.5
871,2025-03-22,X (Twitter),Summer Sale Launch,XT-250322-00871,"You asked, we delivered. Introducing Summer Sale Launch.",Awareness,Carousel,25-34,India,6917,5680,44,90,18,13,23,144,0,3,1,59.62
872,2025-03-22,YouTube,Holiday Promo,YT-250322-00872,"You asked, we delivered. Introducing Holiday Promo.",Awareness,Carousel,55+,Brazil,16865,9415,59,349,66,28,63,506,0,17,5,207.07
873,2025-03-23,Facebook,Influencer Collab,FB-250323-00873,Link in bio to learn more about Influencer Collab.,Traffic,Video,35-44,Brazil,14114,10113,85,540,84,59,139,822,3649,14,7,107.33
874,2025-03-23,Facebook,Lead Gen - Webinar,FB-250323-00874,Get exclusive access to Lead Gen - Webinar today.,Conversions,Carousel,25-34,India,6782,5982,101,134,21,21,23,199,0,7,3,64.9
875,2025-03-23,LinkedIn,App Install Push,LI-250323-00875,Don't miss out — App Install Push ends soon.,Conversions,Reel,45-54,Brazil,6047,3417,37,69,12,9,18,108,1728,3,4,87.63
876,2025-03-23,LinkedIn,Holiday Promo,LI-250323-00876,This is more than a campaign — it's a movement. Holiday Promo,Awareness,Carousel,45-54,India,9155,5966,53,128,18,9,40,195,0,2,1,159.39
877,2025-03-23,TikTok,Brand Awareness Q3,TT-250323-00877,"You asked, we delivered. Introducing Brand Awareness Q3.",Awareness,Video,18-24,USA,15846,13481,173,824,153,89,146,1212,7831,35,3,112.06
878,2025-03-23,TikTok,Influencer Collab,TT-250323-00878,Get the app. Get Influencer Collab.,App Installs,Carousel,55+,India,6421,4576,113,465,115,85,136,801,0,16,12,53.37
879,2025-03-23,TikTok,Summer Sale Launch,TT-250323-00879,Join thousands who've already signed up for Summer Sale Launch.,Lead Generation,Story,25-34,Germany,11450,9318,99,544,118,66,244,972,6523,31,7,73.46
880,2025-03-23,X (Twitter),App Install Push,XT-250323-00880,Available now on iOS and Android — App Install Push.,App Installs,Carousel,18-24,UAE,10617,6957,72,122,24,13,50,209,0,7,2,76.23
881,2025-03-23,YouTube,Lead Gen - Webinar,YT-250323-00881,Join thousands who've already signed up for Lead Gen - Webinar.,Lead Generation,Video,55+,USA,16025,9408,59,261,55,46,46,408,4399,5,1,173.04
882,2025-03-24,Facebook,Lead Gen - Webinar,FB-250324-00882,Ready to dive in? Click through for Lead Gen - Webinar.,Traffic,Text,18-24,USA,24666,14489,286,735,159,63,196,1153,0,29,20,218.94
883,2025-03-24,Facebook,Product Demo Series,FB-250324-00883,Discover what makes Product Demo Series different. #NewLaunch,Awareness,Text,55+,Brazil,12117,7430,126,262,45,23,63,393,0,8,7,110.62
884,2025-03-24,Instagram,Retargeting Campaign,IG-250324-00884,We want to hear your story. Share below. Retargeting Campaign,Engagement,Video,18-24,India,22470,17641,117,889,112,155,145,1301,12883,31,3,251.39
885,2025-03-24,LinkedIn,Holiday Promo,LI-250324-00885,Available now on iOS and Android — Holiday Promo.,App Installs,Reel,25-34,USA,1217,982,9,29,5,2,13,49,321,1,0,19.88
886,2025-03-24,LinkedIn,Lead Gen - Webinar,LI-250324-00886,Reserve your spot for Lead Gen - Webinar — seats are limited.,Lead Generation,Story,18-24,India,5910,3960,31,79,19,8,38,144,3011,6,2,62.62
887,2025-03-24,LinkedIn,Retargeting Campaign,LI-250324-00887,Sign up now for exclusive access to Retargeting Campaign.,Lead Generation,Image,18-24,Brazil,6243,3849,43,55,12,7,17,91,0,4,3,84.3
888,2025-03-24,TikTok,Brand Awareness Q3,TT-250324-00888,Install today and unlock Brand Awareness Q3.,App Installs,Video,55+,Germany,41996,28009,363,1257,255,264,490,2266,20718,80,41,196.79
889,2025-03-24,TikTok,Influencer Collab,TT-250324-00889,Your next favorite thing is one click away. Influencer Collab,Conversions,Reel,45-54,Brazil,34940,23378,578,2738,604,342,702,4386,7705,110,15,161.77
890,2025-03-24,X (Twitter),Influencer Collab,XT-250324-00890,Big things are coming. Stay tuned for Influencer Collab.,Awareness,Carousel,55+,Germany,9720,5507,89,87,11,12,24,134,0,6,3,59.51
891,2025-03-24,X (Twitter),Summer Sale Launch,XT-250324-00891,Get exclusive access to Summer Sale Launch today.,Conversions,Video,25-34,UK,6474,5142,76,58,12,8,16,94,2875,4,3,43.0
892,2025-03-24,YouTube,Influencer Collab,YT-250324-00892,Double tap if you agree! Influencer Collab,Engagement,Video,55+,Brazil,2622,1894,11,70,10,12,16,108,1426,4,1,19.26
893,2025-03-24,YouTube,New Feature Announcement,YT-250324-00893,This is more than a campaign — it's a movement. New Feature Announcement,Awareness,Text,45-54,UK,13579,9563,97,323,70,36,153,582,0,16,5,121.54
894,2025-03-24,YouTube,Summer Sale Launch,YT-250324-00894,Ready to dive in? Click through for Summer Sale Launch.,Traffic,Carousel,55+,India,21564,17466,71,292,58,29,116,495,0,20,8,162.61
895,2025-03-25,Facebook,Product Demo Series,FB-250325-00895,Swipe up to explore Product Demo Series today.,Traffic,Text,45-54,Brazil,12177,7795,100,286,43,31,98,458,0,18,9,74.78
896,2025-03-25,Instagram,Influencer Collab,IG-250325-00896,We want to hear your story. Share below. Influencer Collab,Engagement,Reel,55+,UAE,21661,12077,201,784,117,100,310,1311,8930,44,19,207.92
897,2025-03-25,Instagram,New Feature Announcement,IG-250325-00897,We want to hear your story. Share below. New Feature Announcement,Engagement,Story,45-54,Brazil,19564,13976,239,961,192,76,272,1501,3985,16,20,147.31
898,2025-03-25,Instagram,Product Demo Series,IG-250325-00898,Download now and experience Product Demo Series.,App Installs,Image,25-34,India,35842,28945,210,2201,308,206,556,3271,0,130,7,231.59
899,2025-03-25,LinkedIn,App Install Push,LI-250325-00899,Get the app. Get App Install Push.,App Installs,Story,35-44,Germany,8728,6191,77,120,22,19,49,210,3517,4,2,172.58
900,2025-03-25,LinkedIn,Holiday Promo,LI-250325-00900,We want to hear your story. Share below. Holiday Promo,Engagement,Carousel,45-54,Germany,7468,6198,46,72,14,9,37,132,0,5,1,117.86
901,2025-03-25,TikTok,Influencer Collab,TT-250325-00901,Ready to dive in? Click through for Influencer Collab.,Traffic,Image,55+,UK,34671,22289,610,2398,332,463,831,4024,0,119,18,195.88
902,2025-03-25,TikTok,Retargeting Campaign,TT-250325-00902,Available now on iOS and Android — Retargeting Campaign.,App Installs,Story,18-24,India,26424,16388,301,861,140,126,340,1467,7351,52,34,173.43
903,2025-03-25,X (Twitter),Lead Gen - Webinar,XT-250325-00903,Ready to dive in? Click through for Lead Gen - Webinar.,Traffic,Text,25-34,USA,9777,6249,77,63,14,5,24,106,0,4,6,56.74
904,2025-03-25,X (Twitter),Product Demo Series,XT-250325-00904,Link in bio to learn more about Product Demo Series.,Traffic,Story,18-24,UK,9024,6348,84,167,32,18,56,273,4725,11,6,74.89
905,2025-03-25,X (Twitter),Summer Sale Launch,XT-250325-00905,This is more than a campaign — it's a movement. Summer Sale Launch,Awareness,Carousel,35-44,Germany,7605,5015,106,109,17,12,39,177,0,8,10,50.07
906,2025-03-26,Facebook,Brand Awareness Q3,FB-250326-00906,Ready to dive in? Click through for Brand Awareness Q3.,Traffic,Carousel,25-34,Germany,22371,15509,365,380,48,27,89,544,0,21,16,221.98
907,2025-03-26,Facebook,New Feature Announcement,FB-250326-00907,Download now and experience New Feature Announcement.,App Installs,Image,18-24,UK,18944,14698,199,715,100,63,193,1071,0,44,15,166.67
908,2025-03-26,LinkedIn,Lead Gen - Webinar,LI-250326-00908,Link in bio to learn more about Lead Gen - Webinar.,Traffic,Text,25-34,Germany,3419,2523,38,53,8,6,16,83,0,2,4,58.84
909,2025-03-26,LinkedIn,Retargeting Campaign,LI-250326-00909,Full details on our site — Retargeting Campaign.,Traffic,Story,55+,India,7532,6742,57,80,11,12,16,119,3302,3,5,149.62
910,2025-03-26,TikTok,Brand Awareness Q3,TT-250326-00910,Double tap if you agree! Brand Awareness Q3,Engagement,Video,25-34,USA,38932,31883,405,1503,383,163,515,2564,10073,125,45,257.62
911,2025-03-26,TikTok,Influencer Collab,TT-250326-00911,Swipe up to explore Influencer Collab today.,Traffic,Story,55+,India,27591,17214,406,679,134,59,284,1156,11843,54,28,146.54
912,2025-03-26,X (Twitter),Summer Sale Launch,XT-250326-00912,Double tap if you agree! Summer Sale Launch,Engagement,Story,55+,Brazil,13384,9068,118,223,43,21,51,338,5223,10,11,95.18
913,2025-03-26,YouTube,Summer Sale Launch,YT-250326-00913,Tag a friend who needs to see this. Summer Sale Launch,Engagement,Image,45-54,USA,18030,14718,171,257,40,24,66,387,0,11,16,170.42
914,2025-03-27,Facebook,Brand Awareness Q3,FB-250327-00914,Swipe up to explore Brand Awareness Q3 today.,Traffic,Reel,35-44,UAE,18772,16475,115,587,117,54,101,859,4387,36,10,127.72
915,2025-03-27,Facebook,Holiday Promo,FB-250327-00915,Your next favorite thing is one click away. Holiday Promo,Conversions,Carousel,45-54,Germany,23864,20787,244,695,116,65,388,1264,0,17,27,166.4
916,2025-03-27,Facebook,Lead Gen - Webinar,FB-250327-00916,"You asked, we delivered. Introducing Lead Gen - Webinar.",Awareness,Story,25-34,UAE,18361,13450,308,616,75,75,176,942,4954,20,34,115.43
917,2025-03-27,Instagram,App Install Push,IG-250327-00917,Discover what makes App Install Push different. #NewLaunch,Awareness,Image,55+,UAE,21474,16899,282,1141,138,84,289,1652,0,33,13,204.78
918,2025-03-27,Instagram,Brand Awareness Q3,IG-250327-00918,Tell us what you think in the comments! Brand Awareness Q3,Engagement,Story,35-44,UAE,14300,12562,81,328,65,41,159,593,6372,18,6,153.49
919,2025-03-27,Instagram,Lead Gen - Webinar,IG-250327-00919,Ready to dive in? Click through for Lead Gen - Webinar.,Traffic,Reel,55+,Brazil,14434,9610,103,544,102,85,153,884,3846,21,4,114.93
920,2025-03-27,TikTok,Retargeting Campaign,TT-250327-00920,Install today and unlock Retargeting Campaign.,App Installs,Text,35-44,India,40251,23550,726,2857,351,218,810,4236,0,136,25,232.11
921,2025-03-27,TikTok,Summer Sale Launch,TT-250327-00921,Tell us what you think in the comments! Summer Sale Launch,Engagement,Reel,18-24,UK,11913,7427,193,322,61,58,137,578,5078,14,12,77.79
922,2025-03-27,X (Twitter),Influencer Collab,XT-250327-00922,Big things are coming. Stay tuned for Influencer Collab.,Awareness,Carousel,35-44,UAE,11552,6796,153,85,22,17,29,153,0,2,9,58.31
923,2025-03-27,X (Twitter),Lead Gen - Webinar,XT-250327-00923,Swipe up to explore Lead Gen - Webinar today.,Traffic,Carousel,18-24,India,11709,9173,88,179,32,24,47,282,0,10,6,83.14
924,2025-03-27,X (Twitter),New Feature Announcement,XT-250327-00924,Limited time only. Shop New Feature Announcement now.,Conversions,Reel,18-24,UAE,15987,14236,89,258,43,21,58,380,4188,16,4,118.75
925,2025-03-27,X (Twitter),Summer Sale Launch,XT-250327-00925,Get the free guide: Summer Sale Launch.,Lead Generation,Reel,45-54,Brazil,15909,9261,157,364,76,58,42,540,3201,11,6,83.53
926,2025-03-27,YouTube,New Feature Announcement,YT-250327-00926,Available now on iOS and Android — New Feature Announcement.,App Installs,Video,35-44,UAE,21124,17614,183,635,138,62,235,1070,7331,35,19,197.62
927,2025-03-28,Instagram,Holiday Promo,IG-250328-00927,Install today and unlock Holiday Promo.,App Installs,Video,55+,UAE,19040,14191,229,760,104,134,303,1301,7312,60,23,216.96
928,2025-03-28,Instagram,Influencer Collab,IG-250328-00928,Swipe up to explore Influencer Collab today.,Traffic,Text,25-34,UAE,21560,12110,271,738,139,132,224,1233,0,56,28,139.18
929,2025-03-28,Instagram,New Feature Announcement,IG-250328-00929,"You asked, we delivered. Introducing New Feature Announcement.",Awareness,Reel,45-54,UAE,31898,28156,343,1038,165,184,235,1622,10523,35,26,342.46
930,2025-03-28,Instagram,Retargeting Campaign,IG-250328-00930,Swipe up to explore Retargeting Campaign today.,Traffic,Image,45-54,UK,25425,22730,183,640,87,123,189,1039,0,37,13,231.82
931,2025-03-28,Instagram,Summer Sale Launch,IG-250328-00931,Your next favorite thing is one click away. Summer Sale Launch,Conversions,Text,35-44,Brazil,18135,12575,175,659,143,92,175,1069,0,12,8,137.06
932,2025-03-28,LinkedIn,Retargeting Campaign,LI-250328-00932,Ready to dive in? Click through for Retargeting Campaign.,Traffic,Video,55+,UK,2967,1785,25,64,11,10,12,97,1347,2,2,58.31
933,2025-03-28,TikTok,Brand Awareness Q3,TT-250328-00933,Reserve your spot for Brand Awareness Q3 — seats are limited.,Lead Generation,Video,35-44,UAE,25199,19788,178,2310,483,325,272,3390,7978,110,19,142.33
934,2025-03-28,X (Twitter),Lead Gen - Webinar,XT-250328-00934,Big things are coming. Stay tuned for Lead Gen - Webinar.,Awareness,Text,45-54,Germany,8584,5373,78,88,18,12,36,154,0,5,1,76.23
935,2025-03-28,YouTube,Retargeting Campaign,YT-250328-00935,Install today and unlock Retargeting Campaign.,App Installs,Image,55+,UAE,13558,8297,43,356,85,39,167,647,0,23,4,172.41
936,2025-03-28,YouTube,Summer Sale Launch,YT-250328-00936,Ready to dive in? Click through for Summer Sale Launch.,Traffic,Story,45-54,India,18019,14722,144,557,122,61,105,845,3653,16,3,180.12
937,2025-03-29,Facebook,Lead Gen - Webinar,FB-250329-00937,Available now on iOS and Android — Lead Gen - Webinar.,App Installs,Video,18-24,India,300,214,3,5,1,0,3,9,76,0,0,2.95
938,2025-03-29,Instagram,Influencer Collab,IG-250329-00938,Download now and experience Influencer Collab.,App Installs,Carousel,45-54,Germany,18036,13785,209,658,95,64,175,992,0,43,11,120.24
939,2025-03-29,Instagram,Lead Gen - Webinar,IG-250329-00939,Full details on our site — Lead Gen - Webinar.,Traffic,Text,25-34,Germany,19994,17499,231,902,149,134,371,1556,0,35,11,134.52
940,2025-03-29,Instagram,Product Demo Series,IG-250329-00940,Discover what makes Product Demo Series different. #NewLaunch,Awareness,Text,45-54,Brazil,21812,16326,217,400,93,50,102,645,0,26,21,203.44
941,2025-03-29,LinkedIn,New Feature Announcement,LI-250329-00941,Get the app. Get New Feature Announcement.,App Installs,Reel,55+,Brazil,3879,2261,18,38,5,6,11,60,2157,2,0,40.18
942,2025-03-29,TikTok,App Install Push,TT-250329-00942,Get the app. Get App Install Push.,App Installs,Image,18-24,India,33891,20533,344,2254,321,368,978,3921,0,57,18,281.27
943,2025-03-29,TikTok,Holiday Promo,TT-250329-00943,We want to hear your story. Share below. Holiday Promo,Engagement,Video,35-44,India,30651,25804,475,1887,326,346,479,3038,10354,90,29,144.9
944,2025-03-29,X (Twitter),Influencer Collab,XT-250329-00944,Ready to dive in? Click through for Influencer Collab.,Traffic,Story,18-24,UK,12628,8675,186,117,16,21,45,199,3696,9,7,85.18
945,2025-03-29,X (Twitter),Lead Gen - Webinar,XT-250329-00945,Sign up now for exclusive access to Lead Gen - Webinar.,Lead Generation,Story,25-34,Germany,12955,7759,137,117,17,21,49,204,6361,7,11,88.02
946,2025-03-29,YouTube,Brand Awareness Q3,YT-250329-00946,Full details on our site — Brand Awareness Q3.,Traffic,Carousel,55+,Germany,14982,12581,82,356,52,33,101,542,0,26,6,196.48
947,2025-03-29,YouTube,Holiday Promo,YT-250329-00947,Discover what makes Holiday Promo different. #NewLaunch,Awareness,Story,25-34,Brazil,21348,16230,160,633,133,89,228,1083,5287,38,3,147.56
948,2025-03-29,YouTube,Product Demo Series,YT-250329-00948,Ready to dive in? Click through for Product Demo Series.,Traffic,Video,25-34,Brazil,19540,16109,138,324,44,50,96,514,5943,5,16,224.16
949,2025-03-29,YouTube,Retargeting Campaign,YT-250329-00949,Limited time only. Shop Retargeting Campaign now.,Conversions,Image,45-54,USA,21635,13584,102,432,66,49,176,723,0,21,9,149.02
950,2025-03-30,Facebook,Lead Gen - Webinar,FB-250330-00950,This is more than a campaign — it's a movement. Lead Gen - Webinar,Awareness,Story,55+,Brazil,32636,27432,321,709,123,133,196,1161,7938,31,9,313.37
951,2025-03-30,Facebook,New Feature Announcement,FB-250330-00951,Ready to dive in? Click through for New Feature Announcement.,Traffic,Video,18-24,USA,15662,9154,203,231,29,26,82,368,9261,16,13,137.91
952,2025-03-30,Instagram,Brand Awareness Q3,IG-250330-00952,Your next favorite thing is one click away. Brand Awareness Q3,Conversions,Image,18-24,Brazil,23153,17155,266,1067,181,158,438,1844,0,53,28,176.83
953,2025-03-30,LinkedIn,App Install Push,LI-250330-00953,We want to hear your story. Share below. App Install Push,Engagement,Text,35-44,USA,6754,5542,40,148,29,16,59,252,0,5,2,101.15
954,2025-03-30,LinkedIn,Holiday Promo,LI-250330-00954,Big things are coming. Stay tuned for Holiday Promo.,Awareness,Reel,55+,UK,7840,6747,85,166,32,32,72,302,3469,7,6,108.72
955,2025-03-30,LinkedIn,Summer Sale Launch,LI-250330-00955,Sign up now for exclusive access to Summer Sale Launch.,Lead Generation,Reel,55+,Germany,5723,4966,33,141,35,12,51,239,2238,4,2,99.29
956,2025-03-30,TikTok,Influencer Collab,TT-250330-00956,Don't miss out — Influencer Collab ends soon.,Conversions,Image,25-34,UK,39725,23608,624,1396,305,171,258,2130,0,65,70,248.28
957,2025-03-30,X (Twitter),App Install Push,XT-250330-00957,Get exclusive access to App Install Push today.,Conversions,Text,25-34,Germany,6138,4563,47,111,18,13,60,202,0,5,2,41.31
958,2025-03-30,X (Twitter),Holiday Promo,XT-250330-00958,Link in bio to learn more about Holiday Promo.,Traffic,Carousel,45-54,UAE,7661,6480,115,129,34,15,49,227,0,4,12,62.88
959,2025-03-30,X (Twitter),Influencer Collab,XT-250330-00959,Available now on iOS and Android — Influencer Collab.,App Installs,Video,25-34,UAE,7784,5609,88,116,28,16,46,206,2730,2,8,39.73
960,2025-03-30,YouTube,App Install Push,YT-250330-00960,Get the app. Get App Install Push.,App Installs,Carousel,35-44,UK,14083,10067,79,227,39,29,73,368,0,17,2,185.36
961,2025-03-30,YouTube,Holiday Promo,YT-250330-00961,Download now and experience Holiday Promo.,App Installs,Image,25-34,UK,15164,11001,132,178,34,26,35,273,0,3,13,195.87
962,2025-03-30,YouTube,Lead Gen - Webinar,YT-250330-00962,Full details on our site — Lead Gen - Webinar.,Traffic,Reel,25-34,USA,22004,19549,89,664,77,94,118,953,7946,45,2,183.33
963,2025-03-30,YouTube,Summer Sale Launch,YT-250330-00963,Your next favorite thing is one click away. Summer Sale Launch,Conversions,Carousel,25-34,UK,18171,15542,139,366,83,40,162,651,0,17,6,215.86
964,2025-03-31,Facebook,Product Demo Series,FB-250331-00964,Full details on our site — Product Demo Series.,Traffic,Story,25-34,UK,14882,9688,250,508,66,61,141,776,5644,26,9,121.83
965,2025-03-31,Instagram,Influencer Collab,IG-250331-00965,Sign up now for exclusive access to Influencer Collab.,Lead Generation,Carousel,55+,Brazil,16210,12756,149,994,221,163,130,1508,0,42,15,177.06
966,2025-03-31,TikTok,Lead Gen - Webinar,TT-250331-00966,Reserve your spot for Lead Gen - Webinar — seats are limited.,Lead Generation,Reel,18-24,Brazil,33237,28802,490,1967,322,175,348,2812,16975,116,49,211.22
967,2025-03-31,TikTok,Retargeting Campaign,TT-250331-00967,Download now and experience Retargeting Campaign.,App Installs,Text,18-24,Germany,41544,35069,497,2831,694,303,1178,5006,0,144,41,188.95
968,2025-03-31,X (Twitter),App Install Push,XT-250331-00968,Limited time only. Shop App Install Push now.,Conversions,Text,18-24,UAE,6871,5962,61,72,12,8,24,116,0,5,5,55.4
969,2025-03-31,X (Twitter),Lead Gen - Webinar,XT-250331-00969,Big things are coming. Stay tuned for Lead Gen - Webinar.,Awareness,Image,18-24,India,11699,9081,128,86,15,12,18,131,0,2,8,83.68
970,2025-03-31,YouTube,Lead Gen - Webinar,YT-250331-00970,Get exclusive access to Lead Gen - Webinar today.,Conversions,Story,18-24,Brazil,10995,6800,103,132,27,20,46,225,5652,4,10,84.37
971,2025-03-31,YouTube,Summer Sale Launch,YT-250331-00971,Discover what makes Summer Sale Launch different. #NewLaunch,Awareness,Text,18-24,UAE,9683,8247,86,120,31,23,38,212,0,6,9,121.91
972,2025-04-01,Facebook,Influencer Collab,FB-250401-00972,Limited time only. Shop Influencer Collab now.,Conversions,Video,18-24,Brazil,18701,15127,262,486,105,59,96,746,8097,9,25,138.71
973,2025-04-01,Facebook,New Feature Announcement,FB-250401-00973,Tag a friend who needs to see this. New Feature Announcement,Engagement,Carousel,55+,UK,27680,17663,276,318,58,43,88,507,0,8,30,286.87
974,2025-04-01,Facebook,Retargeting Campaign,FB-250401-00974,Tag a friend who needs to see this. Retargeting Campaign,Engagement,Image,55+,India,6092,3978,37,139,22,22,48,231,0,2,1,56.59
975,2025-04-01,Instagram,Holiday Promo,IG-250401-00975,Install today and unlock Holiday Promo.,App Installs,Carousel,45-54,UAE,14528,12596,194,914,118,143,160,1335,0,38,23,117.57
976,2025-04-01,LinkedIn,App Install Push,LI-250401-00976,We want to hear your story. Share below. App Install Push,Engagement,Image,35-44,Germany,2073,1307,7,46,7,7,9,69,0,3,0,33.46
977,2025-04-01,LinkedIn,Lead Gen - Webinar,LI-250401-00977,Double tap if you agree! Lead Gen - Webinar,Engagement,Text,45-54,Germany,6359,4213,34,47,7,7,20,81,0,2,2,75.29
978,2025-04-01,TikTok,New Feature Announcement,TT-250401-00978,Full details on our site — New Feature Announcement.,Traffic,Text,45-54,Germany,18489,12502,356,1061,233,177,198,1669,0,45,32,87.92
979,2025-04-01,TikTok,Summer Sale Launch,TT-250401-00979,"You asked, we delivered. Introducing Summer Sale Launch.",Awareness,Text,18-24,Germany,38730,34221,303,2314,388,212,854,3768,0,53,20,254.19
980,2025-04-01,X (Twitter),Holiday Promo,XT-250401-00980,This is more than a campaign — it's a movement. Holiday Promo,Awareness,Image,55+,UAE,14802,9558,93,206,38,32,69,345,0,10,7,105.27
981,2025-04-01,X (Twitter),Product Demo Series,XT-250401-00981,Discover what makes Product Demo Series different. #NewLaunch,Awareness,Image,18-24,USA,4738,3524,51,46,11,8,18,83,0,2,4,25.7
982,2025-04-01,YouTube,Brand Awareness Q3,YT-250401-00982,We want to hear your story. Share below. Brand Awareness Q3,Engagement,Image,18-24,UAE,18082,11831,58,163,38,21,73,295,0,8,3,216.0
983,2025-04-01,YouTube,Product Demo Series,YT-250401-00983,Install today and unlock Product Demo Series.,App Installs,Video,45-54,Germany,19189,14667,151,560,88,95,74,817,5060,22,7,238.04
984,2025-04-01,YouTube,Retargeting Campaign,YT-250401-00984,Ready to dive in? Click through for Retargeting Campaign.,Traffic,Story,18-24,USA,22577,17027,179,425,105,53,170,753,13169,10,5,295.96
985,2025-04-02,Facebook,Influencer Collab,FB-250402-00985,Download now and experience Influencer Collab.,App Installs,Text,55+,USA,14063,9977,107,374,86,63,97,620,0,11,6,118.91
986,2025-04-02,Facebook,Lead Gen - Webinar,FB-250402-00986,Big things are coming. Stay tuned for Lead Gen - Webinar.,Awareness,Image,35-44,UAE,23945,13766,363,436,56,77,94,663,0,28,39,149.98
987,2025-04-02,Facebook,New Feature Announcement,FB-250402-00987,Don't miss out — New Feature Announcement ends soon.,Conversions,Story,45-54,Germany,8504,7236,118,220,29,28,67,344,3950,15,4,53.29
988,2025-04-02,Instagram,Brand Awareness Q3,IG-250402-00988,Install today and unlock Brand Awareness Q3.,App Installs,Text,18-24,UK,9675,7534,123,349,70,53,129,601,0,14,5,96.77
989,2025-04-02,Instagram,New Feature Announcement,IG-250402-00989,Get exclusive access to New Feature Announcement today.,Conversions,Image,45-54,India,24211,14910,177,988,138,144,156,1426,0,40,8,200.04
990,2025-04-02,Instagram,Product Demo Series,IG-250402-00990,Get the app. Get Product Demo Series.,App Installs,Carousel,55+,Brazil,15180,8408,104,641,126,123,207,1097,0,27,6,147.58
991,2025-04-02,LinkedIn,Brand Awareness Q3,LI-250402-00991,Get the free guide: Brand Awareness Q3.,Lead Generation,Story,35-44,Brazil,5767,4259,39,104,14,18,33,169,1474,1,3,84.55
992,2025-04-02,TikTok,App Install Push,TT-250402-00992,Sign up now for exclusive access to App Install Push.,Lead Generation,Text,45-54,UK,28769,24799,576,2537,566,419,370,3892,0,98,44,222.86
993,2025-04-02,TikTok,Holiday Promo,TT-250402-00993,Big things are coming. Stay tuned for Holiday Promo.,Awareness,Story,55+,India,34157,24093,636,2257,459,431,681,3828,9761,49,72,211.63
994,2025-04-02,TikTok,Lead Gen - Webinar,TT-250402-00994,Ready to dive in? Click through for Lead Gen - Webinar.,Traffic,Image,55+,UAE,29746,23933,378,1057,157,203,299,1716,0,60,29,136.96
995,2025-04-02,X (Twitter),Holiday Promo,XT-250402-00995,Discover what makes Holiday Promo different. #NewLaunch,Awareness,Text,25-34,India,11228,7139,143,95,13,8,23,139,0,5,3,63.15
996,2025-04-02,X (Twitter),Lead Gen - Webinar,XT-250402-00996,Install today and unlock Lead Gen - Webinar.,App Installs,Video,18-24,UK,5329,3884,81,94,15,12,44,165,2990,8,6,32.74
997,2025-04-02,X (Twitter),Retargeting Campaign,XT-250402-00997,Your next favorite thing is one click away. Retargeting Campaign,Conversions,Text,45-54,India,7246,5009,52,125,24,20,16,185,0,2,4,53.0
998,2025-04-02,YouTube,App Install Push,YT-250402-00998,Reserve your spot for App Install Push — seats are limited.,Lead Generation,Text,55+,UK,17680,13053,130,214,33,39,53,339,0,3,15,207.17
999,2025-04-03,Instagram,Retargeting Campaign,IG-250403-00999,Tell us what you think in the comments! Retargeting Campaign,Engagement,Image,45-54,Germany,16008,12781,79,571,83,92,125,871,0,21,6,149.85
1000,2025-04-03,Instagram,Summer Sale Launch,IG-250403-01000,Get exclusive access to Summer Sale Launch today.,Conversions,Story,18-24,Brazil,16347,14520,166,912,159,154,184,1409,5175,21,17,138.06
1001,2025-04-03,LinkedIn,Holiday Promo,LI-250403-01001,Tell us what you think in the comments! Holiday Promo,Engagement,Carousel,35-44,USA,8544,6141,69,148,25,14,40,227,0,5,1,105.27
1002,2025-04-03,LinkedIn,New Feature Announcement,LI-250403-01002,Reserve your spot for New Feature Announcement — seats are limited.,Lead Generation,Image,18-24,Brazil,6560,5649,70,57,9,8,18,92,0,2,3,119.42
1003,2025-04-03,TikTok,App Install Push,TT-250403-01003,Sign up now for exclusive access to App Install Push.,Lead Generation,Video,55+,UAE,38181,23705,831,2315,436,338,279,3368,7770,130,34,174.0
1004,2025-04-03,TikTok,Retargeting Campaign,TT-250403-01004,Discover what makes Retargeting Campaign different. #NewLaunch,Awareness,Story,18-24,USA,34097,24794,252,2975,512,289,614,4390,10303,132,14,160.62
1005,2025-04-03,X (Twitter),Influencer Collab,XT-250403-01005,Your next favorite thing is one click away. Influencer Collab,Conversions,Story,55+,India,8150,6870,46,184,22,18,41,265,3572,9,4,53.24
1006,2025-04-03,X (Twitter),Lead Gen - Webinar,XT-250403-01006,"You asked, we delivered. Introducing Lead Gen - Webinar.",Awareness,Story,45-54,Germany,6698,5459,42,131,24,22,23,200,2490,5,1,54.21
1007,2025-04-03,X (Twitter),Retargeting Campaign,XT-250403-01007,Reserve your spot for Retargeting Campaign — seats are limited.,Lead Generation,Image,18-24,UAE,8761,5507,62,81,11,10,20,122,0,5,4,60.53
1008,2025-04-03,YouTube,Brand Awareness Q3,YT-250403-01008,Tag a friend who needs to see this. Brand Awareness Q3,Engagement,Reel,45-54,India,23072,19696,137,219,43,31,65,358,10581,6,4,253.36
1009,2025-04-03,YouTube,New Feature Announcement,YT-250403-01009,Limited time only. Shop New Feature Announcement now.,Conversions,Story,25-34,USA,18461,12379,151,337,44,31,90,502,6267,20,9,164.61
1010,2025-04-04,Facebook,Holiday Promo,FB-250404-01010,Tag a friend who needs to see this. Holiday Promo,Engagement,Text,35-44,USA,13146,10255,103,307,43,43,52,445,0,21,6,120.1
1011,2025-04-04,Instagram,App Install Push,IG-250404-01011,Get the app. Get App Install Push.,App Installs,Carousel,55+,Brazil,30070,23445,316,1021,179,179,265,1644,0,59,6,212.3
1012,2025-04-04,Instagram,Lead Gen - Webinar,IG-250404-01012,Don't miss out — Lead Gen - Webinar ends soon.,Conversions,Image,55+,USA,19692,14754,223,893,137,93,188,1311,0,15,5,137.2
1013,2025-04-04,LinkedIn,Lead Gen - Webinar,LI-250404-01013,Your next favorite thing is one click away. Lead Gen - Webinar,Conversions,Image,18-24,UAE,9432,8264,60,85,17,12,26,140,0,2,1,162.23
1014,2025-04-04,LinkedIn,New Feature Announcement,LI-250404-01014,Tag a friend who needs to see this. New Feature Announcement,Engagement,Image,35-44,Germany,5083,3884,23,42,6,5,20,73,0,3,1,78.13
1015,2025-04-04,LinkedIn,Product Demo Series,LI-250404-01015,Download now and experience Product Demo Series.,App Installs,Text,45-54,USA,5251,3240,54,53,7,8,28,96,0,2,2,88.56
1016,2025-04-04,TikTok,Brand Awareness Q3,TT-250404-01016,Get the free guide: Brand Awareness Q3.,Lead Generation,Story,35-44,UAE,31699,21524,254,2016,315,359,471,3161,13234,44,16,173.62
1017,2025-04-04,TikTok,Holiday Promo,TT-250404-01017,Swipe up to explore Holiday Promo today.,Traffic,Reel,25-34,UK,45386,30355,793,1425,197,248,198,2068,13133,27,77,223.32
1018,2025-04-04,TikTok,Lead Gen - Webinar,TT-250404-01018,"You asked, we delivered. Introducing Lead Gen - Webinar.",Awareness,Story,25-34,India,46978,34997,945,2073,376,246,604,3299,12205,109,34,373.2
1019,2025-04-04,X (Twitter),App Install Push,XT-250404-01019,Your next favorite thing is one click away. App Install Push,Conversions,Carousel,55+,Brazil,12418,9910,80,234,53,26,53,366,0,4,5,65.5
1020,2025-04-04,X (Twitter),Lead Gen - Webinar,XT-250404-01020,Swipe up to explore Lead Gen - Webinar today.,Traffic,Text,18-24,USA,9688,8241,56,75,14,8,24,121,0,2,4,79.17
1021,2025-04-04,X (Twitter),Retargeting Campaign,XT-250404-01021,Tell us what you think in the comments! Retargeting Campaign,Engagement,Story,25-34,UAE,8474,4735,112,86,14,11,17,128,2954,2,11,75.55
1022,2025-04-05,Facebook,Holiday Promo,FB-250405-01022,Tell us what you think in the comments! Holiday Promo,Engagement,Video,25-34,Brazil,30922,27319,467,355,66,42,130,593,15230,29,47,276.01
1023,2025-04-05,Facebook,New Feature Announcement,FB-250405-01023,Swipe up to explore New Feature Announcement today.,Traffic,Carousel,45-54,UK,26913,15181,273,534,75,55,266,930,0,46,27,233.79
1024,2025-04-05,Facebook,Summer Sale Launch,FB-250405-01024,Download now and experience Summer Sale Launch.,App Installs,Reel,35-44,UAE,18743,13800,163,632,86,74,253,1045,5801,15,9,150.66
1025,2025-04-05,LinkedIn,App Install Push,LI-250405-01025,Double tap if you agree! App Install Push,Engagement,Story,55+,UAE,4164,2794,33,97,22,17,33,169,2187,1,3,46.03
1026,2025-04-05,LinkedIn,Brand Awareness Q3,LI-250405-01026,Reserve your spot for Brand Awareness Q3 — seats are limited.,Lead Generation,Video,55+,UK,9538,8150,83,197,42,25,44,308,5443,11,4,181.08
1027,2025-04-05,LinkedIn,Holiday Promo,LI-250405-01027,Big things are coming. Stay tuned for Holiday Promo.,Awareness,Carousel,55+,India,6872,4472,41,142,20,16,47,225,0,11,3,132.53
1028,2025-04-05,LinkedIn,Lead Gen - Webinar,LI-250405-01028,Download now and experience Lead Gen - Webinar.,App Installs,Video,35-44,India,7902,6555,85,142,35,25,41,243,4501,9,7,126.28
1029,2025-04-05,LinkedIn,New Feature Announcement,LI-250405-01029,Get the app. Get New Feature Announcement.,App Installs,Carousel,35-44,UAE,4543,2932,46,97,21,9,34,161,0,3,3,82.51
1030,2025-04-05,LinkedIn,Product Demo Series,LI-250405-01030,Available now on iOS and Android — Product Demo Series.,App Installs,Video,18-24,India,6889,5074,31,124,17,24,43,208,3240,5,3,114.78
1031,2025-04-05,LinkedIn,Retargeting Campaign,LI-250405-01031,Sign up now for exclusive access to Retargeting Campaign.,Lead Generation,Carousel,55+,UAE,1590,1330,17,21,4,3,7,35,0,1,1,22.47
1032,2025-04-05,LinkedIn,Summer Sale Launch,LI-250405-01032,Tag a friend who needs to see this. Summer Sale Launch,Engagement,Text,25-34,Brazil,8627,5377,32,139,31,25,25,220,0,6,3,133.87
1033,2025-04-05,X (Twitter),Brand Awareness Q3,XT-250405-01033,Join thousands who've already signed up for Brand Awareness Q3.,Lead Generation,Story,45-54,Brazil,8891,6322,99,74,16,6,24,120,3256,4,2,53.87
1034,2025-04-05,X (Twitter),Retargeting Campaign,XT-250405-01034,Download now and experience Retargeting Campaign.,App Installs,Reel,55+,Germany,3945,2877,49,76,18,14,22,130,1416,6,5,31.37
1035,2025-04-05,YouTube,Lead Gen - Webinar,YT-250405-01035,Sign up now for exclusive access to Lead Gen - Webinar.,Lead Generation,Text,35-44,UAE,22225,18027,96,406,51,63,110,630,0,17,5,271.29
1036,2025-04-06,Facebook,Retargeting Campaign,FB-250406-01036,Join thousands who've already signed up for Retargeting Campaign.,Lead Generation,Story,25-34,UAE,20134,11248,202,655,109,78,267,1109,9879,50,12,170.43
1037,2025-04-06,Facebook,Summer Sale Launch,FB-250406-01037,Get exclusive access to Summer Sale Launch today.,Conversions,Text,35-44,Brazil,19751,12153,230,534,88,54,108,784,0,13,24,127.64
1038,2025-04-06,LinkedIn,Influencer Collab,LI-250406-01038,Available now on iOS and Android — Influencer Collab.,App Installs,Text,55+,India,6705,5110,62,182,35,17,31,265,0,4,3,69.74
1039,2025-04-06,LinkedIn,Retargeting Campaign,LI-250406-01039,Discover what makes Retargeting Campaign different. #NewLaunch,Awareness,Image,35-44,UK,4220,2950,20,93,15,11,31,150,0,5,1,79.34
1040,2025-04-06,LinkedIn,Summer Sale Launch,LI-250406-01040,Install today and unlock Summer Sale Launch.,App Installs,Image,45-54,India,8656,7533,57,142,31,14,31,218,0,7,5,126.53
1041,2025-04-06,TikTok,New Feature Announcement,TT-250406-01041,"You asked, we delivered. Introducing New Feature Announcement.",Awareness,Text,35-44,UK,35115,30910,620,2896,558,541,579,4574,0,178,14,242.19
1042,2025-04-06,TikTok,Summer Sale Launch,TT-250406-01042,Tell us what you think in the comments! Summer Sale Launch,Engagement,Reel,35-44,UAE,40173,22713,798,1577,325,205,459,2566,14485,104,21,243.18
1043,2025-04-06,X (Twitter),Influencer Collab,XT-250406-01043,Get the free guide: Influencer Collab.,Lead Generation,Image,35-44,India,11417,9897,156,178,40,15,41,274,0,9,7,90.61
1044,2025-04-06,X (Twitter),Retargeting Campaign,XT-250406-01044,Install today and unlock Retargeting Campaign.,App Installs,Image,25-34,Germany,9199,6243,88,164,40,17,54,275,0,5,7,72.81
1045,2025-04-06,X (Twitter),Summer Sale Launch,XT-250406-01045,Discover what makes Summer Sale Launch different. #NewLaunch,Awareness,Story,25-34,USA,10666,8729,163,107,13,15,27,162,5812,7,8,74.6
1046,2025-04-06,YouTube,Product Demo Series,YT-250406-01046,Discover what makes Product Demo Series different. #NewLaunch,Awareness,Reel,55+,UK,9322,5801,66,107,25,13,37,182,2711,4,7,92.25
1047,2025-04-06,YouTube,Summer Sale Launch,YT-250406-01047,We want to hear your story. Share below. Summer Sale Launch,Engagement,Carousel,35-44,UK,13551,8993,115,344,67,31,132,574,0,7,7,108.93
1048,2025-04-07,Instagram,Holiday Promo,IG-250407-01048,Join thousands who've already signed up for Holiday Promo.,Lead Generation,Reel,35-44,USA,19247,10615,138,862,115,74,237,1288,8389,52,13,212.35
1049,2025-04-07,Instagram,Product Demo Series,IG-250407-01049,Get exclusive access to Product Demo Series today.,Conversions,Image,35-44,UK,28867,23837,202,1468,230,198,352,2248,0,101,13,190.1
1050,2025-04-07,LinkedIn,Brand Awareness Q3,LI-250407-01050,Tell us what you think in the comments! Brand Awareness Q3,Engagement,Story,55+,Brazil,9362,6074,67,86,19,10,14,129,4315,4,2,96.07
1051,2025-04-07,LinkedIn,Influencer Collab,LI-250407-01051,Install today and unlock Influencer Collab.,App Installs,Video,18-24,UK,7000,5327,55,75,19,9,33,136,3743,1,1,102.5
1052,2025-04-07,TikTok,Lead Gen - Webinar,TT-250407-01052,This is more than a campaign — it's a movement. Lead Gen - Webinar,Awareness,Story,35-44,Brazil,19733,13217,271,1357,217,188,366,2128,4034,60,6,143.44
1053,2025-04-07,TikTok,Summer Sale Launch,TT-250407-01053,Tell us what you think in the comments! Summer Sale Launch,Engagement,Reel,18-24,Brazil,25599,21231,349,2024,433,271,550,3278,9476,131,13,132.01
1054,2025-04-07,X (Twitter),Brand Awareness Q3,XT-250407-01054,Link in bio to learn more about Brand Awareness Q3.,Traffic,Image,35-44,India,6331,3632,39,86,20,16,18,140,0,3,3,53.63
1055,2025-04-07,X (Twitter),Lead Gen - Webinar,XT-250407-01055,Available now on iOS and Android — Lead Gen - Webinar.,App Installs,Reel,18-24,India,5636,4291,78,93,15,18,33,159,1577,7,8,27.05
1056,2025-04-07,X (Twitter),Product Demo Series,XT-250407-01056,Reserve your spot for Product Demo Series — seats are limited.,Lead Generation,Text,35-44,India,5336,3650,77,68,14,5,12,99,0,2,8,29.9
1057,2025-04-07,YouTube,Holiday Promo,YT-250407-01057,Link in bio to learn more about Holiday Promo.,Traffic,Video,25-34,Brazil,16985,10614,99,237,33,19,86,375,4363,14,11,118.73
1058,2025-04-07,YouTube,New Feature Announcement,YT-250407-01058,Get the app. Get New Feature Announcement.,App Installs,Carousel,55+,UK,22992,15637,106,581,140,70,157,948,0,18,12,293.83
1059,2025-04-07,YouTube,Product Demo Series,YT-250407-01059,Ready to dive in? Click through for Product Demo Series.,Traffic,Reel,18-24,UAE,14195,11950,55,438,60,59,108,665,7717,17,2,123.91
1060,2025-04-07,YouTube,Summer Sale Launch,YT-250407-01060,Available now on iOS and Android — Summer Sale Launch.,App Installs,Image,25-34,UK,14325,11259,62,409,62,39,185,695,0,10,1,148.93
1061,2025-04-08,Instagram,App Install Push,IG-250408-01061,Install today and unlock App Install Push.,App Installs,Carousel,18-24,Brazil,21531,15034,162,1277,181,104,316,1878,0,69,8,201.09
1062,2025-04-08,LinkedIn,Holiday Promo,LI-250408-01062,Double tap if you agree! Holiday Promo,Engagement,Carousel,55+,USA,5774,5075,33,96,17,12,19,144,0,2,1,61.73
1063,2025-04-08,LinkedIn,Retargeting Campaign,LI-250408-01063,Get exclusive access to Retargeting Campaign today.,Conversions,Image,35-44,UAE,7403,6219,60,112,21,10,35,178,0,4,3,105.4
1064,2025-04-08,TikTok,Holiday Promo,TT-250408-01064,Install today and unlock Holiday Promo.,App Installs,Carousel,45-54,UK,27148,18883,317,2121,465,304,608,3498,0,166,14,194.3
1065,2025-04-08,TikTok,Lead Gen - Webinar,TT-250408-01065,Discover what makes Lead Gen - Webinar different. #NewLaunch,Awareness,Text,35-44,India,31212,22713,456,2758,544,285,449,4036,0,112,19,202.54
1066,2025-04-08,TikTok,Summer Sale Launch,TT-250408-01066,Discover what makes Summer Sale Launch different. #NewLaunch,Awareness,Story,35-44,Brazil,43421,37498,581,1229,166,169,246,1810,25808,25,34,186.92
1067,2025-04-08,X (Twitter),Holiday Promo,XT-250408-01067,Swipe up to explore Holiday Promo today.,Traffic,Reel,55+,India,5750,4888,32,60,9,8,10,87,2820,1,2,32.37
1068,2025-04-08,X (Twitter),Retargeting Campaign,XT-250408-01068,Join thousands who've already signed up for Retargeting Campaign.,Lead Generation,Text,18-24,USA,12685,9597,90,189,32,17,65,303,0,4,2,85.54
1069,2025-04-08,YouTube,Influencer Collab,YT-250408-01069,Install today and unlock Influencer Collab.,App Installs,Reel,55+,UK,21674,14689,79,468,96,53,233,850,8360,36,9,234.56
1070,2025-04-09,Facebook,App Install Push,FB-250409-01070,Swipe up to explore App Install Push today.,Traffic,Reel,18-24,Brazil,18405,15589,193,352,57,55,54,518,7328,7,3,122.08
1071,2025-04-09,Facebook,Summer Sale Launch,FB-250409-01071,Get exclusive access to Summer Sale Launch today.,Conversions,Text,35-44,USA,21402,17075,333,324,54,39,66,483,0,23,23,159.99
1072,2025-04-09,Instagram,App Install Push,IG-250409-01072,Double tap if you agree! App Install Push,Engagement,Carousel,45-54,India,15654,11040,83,484,65,69,108,726,0,30,7,172.29
1073,2025-04-09,Instagram,Brand Awareness Q3,IG-250409-01073,Install today and unlock Brand Awareness Q3.,App Installs,Text,25-34,UAE,34363,30918,259,1921,306,259,464,2950,0,48,28,363.03
1074,2025-04-09,LinkedIn,Influencer Collab,LI-250409-01074,Install today and unlock Influencer Collab.,App Installs,Text,45-54,UAE,3417,2901,30,25,3,3,13,44,0,1,0,60.92
1075,2025-04-09,X (Twitter),App Install Push,XT-250409-01075,This is more than a campaign — it's a movement. App Install Push,Awareness,Image,18-24,UK,10907,6687,141,209,39,28,45,321,0,4,14,96.61
1076,2025-04-09,YouTube,App Install Push,YT-250409-01076,Limited time only. Shop App Install Push now.,Conversions,Image,25-34,Brazil,8369,4726,58,232,50,35,66,383,0,14,1,76.56
1077,2025-04-09,YouTube,Retargeting Campaign,YT-250409-01077,Big things are coming. Stay tuned for Retargeting Campaign.,Awareness,Text,25-34,USA,24702,21984,87,666,125,128,252,1171,0,39,6,313.14
1078,2025-04-10,Facebook,Brand Awareness Q3,FB-250410-01078,Get exclusive access to Brand Awareness Q3 today.,Conversions,Story,45-54,UAE,20103,11515,122,251,59,37,102,449,11490,20,7,141.73
1079,2025-04-10,Facebook,Influencer Collab,FB-250410-01079,Ready to dive in? Click through for Influencer Collab.,Traffic,Text,25-34,Germany,19557,17260,343,384,90,77,96,647,0,26,34,167.32
1080,2025-04-10,Facebook,Summer Sale Launch,FB-250410-01080,Get the free guide: Summer Sale Launch.,Lead Generation,Reel,25-34,USA,23915,17623,194,341,67,40,135,583,5345,22,12,244.53
1081,2025-04-10,LinkedIn,Influencer Collab,LI-250410-01081,Available now on iOS and Android — Influencer Collab.,App Installs,Text,35-44,USA,7861,5301,62,192,23,21,58,294,0,13,2,91.32
1082,2025-04-10,LinkedIn,Summer Sale Launch,LI-250410-01082,Reserve your spot for Summer Sale Launch — seats are limited.,Lead Generation,Image,35-44,UAE,5865,4942,63,130,29,16,40,215,0,5,1,69.48
1083,2025-04-10,TikTok,Influencer Collab,TT-250410-01083,Join thousands who've already signed up for Influencer Collab.,Lead Generation,Image,18-24,Germany,39859,26612,459,3303,572,291,768,4934,0,125,39,203.41
1084,2025-04-10,TikTok,Product Demo Series,TT-250410-01084,Link in bio to learn more about Product Demo Series.,Traffic,Reel,18-24,Germany,27731,17256,608,784,120,61,210,1175,11666,24,20,223.37
1085,2025-04-10,TikTok,Retargeting Campaign,TT-250410-01085,Discover what makes Retargeting Campaign different. #NewLaunch,Awareness,Story,25-34,Brazil,36489,24151,469,2322,410,281,596,3609,13646,141,47,304.39
1086,2025-04-10,X (Twitter),App Install Push,XT-250410-01086,Download now and experience App Install Push.,App Installs,Reel,18-24,UAE,11949,7027,92,247,46,36,47,376,6139,13,2,80.44
1087,2025-04-10,X (Twitter),Influencer Collab,XT-250410-01087,Tell us what you think in the comments! Influencer Collab,Engagement,Video,45-54,Brazil,10091,6502,61,113,15,19,39,186,2316,3,4,65.29
1088,2025-04-10,X (Twitter),Lead Gen - Webinar,XT-250410-01088,This is more than a campaign — it's a movement. Lead Gen - Webinar,Awareness,Image,55+,Brazil,4181,2780,50,43,9,7,10,69,0,1,2,25.1
1089,2025-04-11,Facebook,Lead Gen - Webinar,FB-250411-01089,Tell us what you think in the comments! Lead Gen - Webinar,Engagement,Image,25-34,UAE,29079,20171,227,806,123,141,348,1418,0,41,11,184.55
1090,2025-04-11,Instagram,App Install Push,IG-250411-01090,Available now on iOS and Android — App Install Push.,App Installs,Reel,18-24,Germany,22670,19276,267,576,109,100,161,946,9151,35,29,239.32
1091,2025-04-11,LinkedIn,Influencer Collab,LI-250411-01091,Get the app. Get Influencer Collab.,App Installs,Reel,25-34,UK,3943,2645,18,85,18,9,12,124,973,4,1,63.99
1092,2025-04-11,LinkedIn,New Feature Announcement,LI-250411-01092,Tell us what you think in the comments! New Feature Announcement,Engagement,Video,55+,Germany,5976,4141,30,81,18,9,38,146,3262,4,0,79.55
1093,2025-04-11,TikTok,App Install Push,TT-250411-01093,Available now on iOS and Android — App Install Push.,App Installs,Video,18-24,Germany,41320,25980,592,1326,201,164,487,2178,24706,31,70,238.36
1094,2025-04-11,TikTok,Brand Awareness Q3,TT-250411-01094,Sign up now for exclusive access to Brand Awareness Q3.,Lead Generation,Image,55+,India,49188,34789,881,3175,638,346,752,4911,0,109,56,273.18
1095,2025-04-11,TikTok,New Feature Announcement,TT-250411-01095,Get exclusive access to New Feature Announcement today.,Conversions,Story,35-44,Brazil,58592,36769,1092,2811,514,328,431,4084,18526,96,111,440.47
1096,2025-04-11,YouTube,App Install Push,YT-250411-01096,Get the free guide: App Install Push.,Lead Generation,Image,25-34,Germany,14547,11697,48,132,34,27,41,234,0,4,1,115.5
1097,2025-04-11,YouTube,Brand Awareness Q3,YT-250411-01097,Full details on our site — Brand Awareness Q3.,Traffic,Carousel,25-34,UAE,11272,9072,83,355,62,41,64,522,0,5,8,123.05
1098,2025-04-11,YouTube,Holiday Promo,YT-250411-01098,Tell us what you think in the comments! Holiday Promo,Engagement,Text,55+,India,11011,9859,55,135,30,20,30,215,0,8,4,94.9
1099,2025-04-11,YouTube,Product Demo Series,YT-250411-01099,Available now on iOS and Android — Product Demo Series.,App Installs,Image,35-44,USA,9709,5719,65,142,28,15,47,232,0,2,1,67.93
1100,2025-04-12,Facebook,Summer Sale Launch,FB-250412-01100,Ready to dive in? Click through for Summer Sale Launch.,Traffic,Reel,55+,India,15521,12840,163,206,28,19,79,332,8844,14,17,101.01
1101,2025-04-12,Instagram,Brand Awareness Q3,IG-250412-01101,Get the free guide: Brand Awareness Q3.,Lead Generation,Video,18-24,Brazil,27507,15168,129,938,205,143,316,1602,9771,27,4,170.12
1102,2025-04-12,Instagram,Retargeting Campaign,IG-250412-01102,Tell us what you think in the comments! Retargeting Campaign,Engagement,Reel,35-44,UK,15125,11023,204,935,140,88,219,1382,8335,19,13,134.4
1103,2025-04-12,Instagram,Summer Sale Launch,IG-250412-01103,Don't miss out — Summer Sale Launch ends soon.,Conversions,Reel,18-24,UK,27084,23528,125,1513,296,129,253,2191,12228,77,2,168.1
1104,2025-04-12,LinkedIn,Summer Sale Launch,LI-250412-01104,"You asked, we delivered. Introducing Summer Sale Launch.",Awareness,Reel,55+,India,4550,3959,50,123,17,19,17,176,1089,8,2,84.19
1105,2025-04-12,TikTok,Brand Awareness Q3,TT-250412-01105,We want to hear your story. Share below. Brand Awareness Q3,Engagement,Text,45-54,Germany,36377,31923,346,990,218,166,228,1602,0,22,25,293.27
1106,2025-04-12,TikTok,Lead Gen - Webinar,TT-250412-01106,Get the app. Get Lead Gen - Webinar.,App Installs,Text,18-24,UAE,29475,17489,432,1267,180,240,445,2132,0,26,13,209.44
1107,2025-04-12,TikTok,Product Demo Series,TT-250412-01107,Discover what makes Product Demo Series different. #NewLaunch,Awareness,Image,55+,UAE,47709,38869,907,2517,330,470,780,4097,0,191,36,321.27
1108,2025-04-12,X (Twitter),Brand Awareness Q3,XT-250412-01108,Your next favorite thing is one click away. Brand Awareness Q3,Conversions,Story,35-44,Germany,10401,6864,163,119,24,18,14,175,4293,4,5,77.41
1109,2025-04-12,X (Twitter),New Feature Announcement,XT-250412-01109,Ready to dive in? Click through for New Feature Announcement.,Traffic,Video,35-44,India,13399,7807,92,87,19,13,18,137,7519,5,2,126.41
1110,2025-04-12,X (Twitter),Summer Sale Launch,XT-250412-01110,Download now and experience Summer Sale Launch.,App Installs,Reel,18-24,Germany,11354,10166,106,130,27,23,23,203,5154,8,6,97.45
1111,2025-04-12,YouTube,App Install Push,YT-250412-01111,Double tap if you agree! App Install Push,Engagement,Reel,25-34,Germany,7094,4323,21,163,28,20,78,289,3333,3,1,73.61
1112,2025-04-12,YouTube,Brand Awareness Q3,YT-250412-01112,Get the app. Get Brand Awareness Q3.,App Installs,Video,35-44,India,8571,6361,66,247,36,42,110,435,4040,20,6,104.43
1113,2025-04-13,Facebook,Lead Gen - Webinar,FB-250413-01113,Install today and unlock Lead Gen - Webinar.,App Installs,Video,45-54,Germany,15595,13700,145,393,67,73,168,701,5793,31,16,125.16
1114,2025-04-13,Facebook,Summer Sale Launch,FB-250413-01114,Link in bio to learn more about Summer Sale Launch.,Traffic,Story,45-54,India,8599,7270,94,232,44,48,88,412,2675,9,3,81.64
1115,2025-04-13,Instagram,Retargeting Campaign,IG-250413-01115,Available now on iOS and Android — Retargeting Campaign.,App Installs,Reel,35-44,UAE,24823,19272,340,829,205,152,198,1384,9085,22,22,188.51
1116,2025-04-13,LinkedIn,Lead Gen - Webinar,LI-250413-01116,Tell us what you think in the comments! Lead Gen - Webinar,Engagement,Reel,25-34,India,7811,4555,46,120,17,20,31,188,3024,3,5,114.76
1117,2025-04-13,TikTok,Influencer Collab,TT-250413-01117,"You asked, we delivered. Introducing Influencer Collab.",Awareness,Video,45-54,UK,37771,26709,833,2991,708,545,747,4991,8652,216,68,192.06
1118,2025-04-13,TikTok,Lead Gen - Webinar,TT-250413-01118,Big things are coming. Stay tuned for Lead Gen - Webinar.,Awareness,Carousel,35-44,UK,45053,38259,991,2069,490,331,812,3702,0,111,50,273.97
1119,2025-04-13,X (Twitter),Holiday Promo,XT-250413-01119,Ready to dive in? Click through for Holiday Promo.,Traffic,Reel,55+,Brazil,13300,11773,125,238,48,21,105,412,5988,4,9,111.69
1120,2025-04-13,X (Twitter),Influencer Collab,XT-250413-01120,Double tap if you agree! Influencer Collab,Engagement,Story,45-54,Germany,11737,8781,137,160,26,16,70,272,3223,4,11,103.3
1121,2025-04-13,X (Twitter),Retargeting Campaign,XT-250413-01121,Big things are coming. Stay tuned for Retargeting Campaign.,Awareness,Image,35-44,USA,13079,10170,174,229,50,29,58,366,0,17,13,69.97
1122,2025-04-13,YouTube,Influencer Collab,YT-250413-01122,Discover what makes Influencer Collab different. #NewLaunch,Awareness,Text,25-34,Brazil,5236,3500,41,123,21,12,25,181,0,3,3,64.45
1123,2025-04-13,YouTube,New Feature Announcement,YT-250413-01123,Tag a friend who needs to see this. New Feature Announcement,Engagement,Video,55+,Brazil,10642,6381,32,205,38,33,87,363,5426,17,1,90.28
1124,2025-04-14,Facebook,App Install Push,FB-250414-01124,Don't miss out — App Install Push ends soon.,Conversions,Video,25-34,USA,12971,9070,100,188,28,30,41,287,5048,12,2,135.9
1125,2025-04-14,Instagram,Influencer Collab,IG-250414-01125,We want to hear your story. Share below. Influencer Collab,Engagement,Video,25-34,Germany,39558,25530,285,784,144,143,313,1384,21396,47,8,365.11
1126,2025-04-14,Instagram,Lead Gen - Webinar,IG-250414-01126,Tell us what you think in the comments! Lead Gen - Webinar,Engagement,Story,35-44,UAE,18231,10907,203,723,98,67,330,1218,6394,42,7,145.64
1127,2025-04-14,LinkedIn,App Install Push,LI-250414-01127,Tag a friend who needs to see this. App Install Push,Engagement,Text,55+,USA,5528,4165,34,68,12,12,15,107,0,2,2,111.28
1128,2025-04-14,LinkedIn,Holiday Promo,LI-250414-01128,Sign up now for exclusive access to Holiday Promo.,Lead Generation,Video,18-24,UK,10209,5977,61,84,14,12,40,150,3411,1,4,184.94
1129,2025-04-14,LinkedIn,Retargeting Campaign,LI-250414-01129,Sign up now for exclusive access to Retargeting Campaign.,Lead Generation,Text,35-44,UK,8138,6723,76,114,22,21,29,186,0,3,8,109.66
1130,2025-04-14,TikTok,App Install Push,TT-250414-01130,Don't miss out — App Install Push ends soon.,Conversions,Image,25-34,USA,41932,33377,690,2294,453,247,737,3731,0,83,54,341.88
1131,2025-04-14,TikTok,Influencer Collab,TT-250414-01131,We want to hear your story. Share below. Influencer Collab,Engagement,Reel,25-34,UAE,43149,24305,704,2112,371,419,832,3734,9884,144,43,280.9
1132,2025-04-14,TikTok,Retargeting Campaign,TT-250414-01132,Join thousands who've already signed up for Retargeting Campaign.,Lead Generation,Text,18-24,UAE,22295,19760,386,786,158,65,257,1266,0,25,12,95.04
1133,2025-04-14,X (Twitter),Lead Gen - Webinar,XT-250414-01133,Join thousands who've already signed up for Lead Gen - Webinar.,Lead Generation,Image,55+,UK,4465,3820,58,70,11,13,21,115,0,5,2,38.2
1134,2025-04-14,YouTube,Retargeting Campaign,YT-250414-01134,Big things are coming. Stay tuned for Retargeting Campaign.,Awareness,Story,45-54,India,587,435,2,10,2,1,3,16,203,0,0,6.06
1135,2025-04-14,YouTube,Summer Sale Launch,YT-250414-01135,Tag a friend who needs to see this. Summer Sale Launch,Engagement,Reel,55+,UK,22168,13446,109,522,118,51,183,874,4545,40,2,259.85
1136,2025-04-15,Facebook,Brand Awareness Q3,FB-250415-01136,Your next favorite thing is one click away. Brand Awareness Q3,Conversions,Story,25-34,USA,16692,10781,193,555,125,89,195,964,5434,36,10,147.19
1137,2025-04-15,Instagram,Product Demo Series,IG-250415-01137,Big things are coming. Stay tuned for Product Demo Series.,Awareness,Video,45-54,Brazil,21250,15780,152,1007,126,93,220,1446,10810,66,17,179.68
1138,2025-04-15,LinkedIn,Retargeting Campaign,LI-250415-01138,Your next favorite thing is one click away. Retargeting Campaign,Conversions,Story,25-34,UK,8359,6868,63,194,31,27,52,304,4954,8,6,130.11
1139,2025-04-15,TikTok,Influencer Collab,TT-250415-01139,Limited time only. Shop Influencer Collab now.,Conversions,Reel,25-34,Brazil,37108,30324,316,2574,351,320,1006,4251,21137,55,10,251.02
1140,2025-04-15,TikTok,Summer Sale Launch,TT-250415-01140,Discover what makes Summer Sale Launch different. #NewLaunch,Awareness,Video,45-54,Brazil,45340,27319,778,1937,407,266,612,3222,23394,40,27,345.06
1141,2025-04-15,X (Twitter),App Install Push,XT-250415-01141,Reserve your spot for App Install Push — seats are limited.,Lead Generation,Reel,18-24,UK,3726,3211,38,50,9,10,21,90,1677,4,2,28.19
1142,2025-04-15,X (Twitter),Product Demo Series,XT-250415-01142,Tag a friend who needs to see this. Product Demo Series,Engagement,Reel,55+,Germany,9589,6380,89,170,33,20,43,266,2738,7,10,67.91
1143,2025-04-15,X (Twitter),Retargeting Campaign,XT-250415-01143,Download now and experience Retargeting Campaign.,App Installs,Story,25-34,Brazil,4604,2713,69,43,9,7,8,67,1115,1,3,42.88
1144,2025-04-15,X (Twitter),Summer Sale Launch,XT-250415-01144,Tell us what you think in the comments! Summer Sale Launch,Engagement,Text,35-44,India,10223,6666,137,171,24,14,80,289,0,14,8,69.46
1145,2025-04-15,YouTube,Brand Awareness Q3,YT-250415-01145,Big things are coming. Stay tuned for Brand Awareness Q3.,Awareness,Video,55+,Brazil,12930,7963,39,396,95,38,116,645,6672,26,1,136.49
1146,2025-04-16,Facebook,Influencer Collab,FB-250416-01146,We want to hear your story. Share below. Influencer Collab,Engagement,Carousel,45-54,UK,19215,13333,168,640,94,74,334,1142,0,41,19,198.84
1147,2025-04-16,Facebook,Lead Gen - Webinar,FB-250416-01147,This is more than a campaign — it's a movement. Lead Gen - Webinar,Awareness,Carousel,55+,Brazil,28561,24506,231,951,144,96,474,1665,0,41,22,235.88
1148,2025-04-16,Facebook,New Feature Announcement,FB-250416-01148,Join thousands who've already signed up for New Feature Announcement.,Lead Generation,Image,55+,USA,20426,17763,169,253,53,55,100,461,0,20,8,181.76
1149,2025-04-16,Facebook,Product Demo Series,FB-250416-01149,This is more than a campaign — it's a movement. Product Demo Series,Awareness,Text,45-54,Brazil,18015,11131,242,565,98,84,215,962,0,39,24,114.59
1150,2025-04-16,LinkedIn,Holiday Promo,LI-250416-01150,Get exclusive access to Holiday Promo today.,Conversions,Carousel,25-34,USA,5891,3550,41,130,21,17,25,193,0,9,3,75.78
1151,2025-04-16,LinkedIn,Influencer Collab,LI-250416-01151,Get the free guide: Influencer Collab.,Lead Generation,Story,25-34,India,3570,3014,13,52,8,9,18,87,1734,2,0,63.45
1152,2025-04-16,LinkedIn,Lead Gen - Webinar,LI-250416-01152,Don't miss out — Lead Gen - Webinar ends soon.,Conversions,Carousel,55+,UAE,5378,4038,39,90,13,15,28,146,0,2,4,79.22
1153,2025-04-16,X (Twitter),Product Demo Series,XT-250416-01153,Limited time only. Shop Product Demo Series now.,Conversions,Text,25-34,UAE,12530,10319,64,220,33,24,93,370,0,7,3,87.59
1154,2025-04-16,X (Twitter),Retargeting Campaign,XT-250416-01154,Available now on iOS and Android — Retargeting Campaign.,App Installs,Text,18-24,Brazil,10182,5774,150,140,35,20,44,239,0,4,5,64.54
1155,2025-04-16,YouTube,Holiday Promo,YT-250416-01155,Install today and unlock Holiday Promo.,App Installs,Reel,18-24,India,18329,14460,168,484,98,53,77,712,7592,13,5,195.04
1156,2025-04-16,YouTube,Lead Gen - Webinar,YT-250416-01156,Limited time only. Shop Lead Gen - Webinar now.,Conversions,Carousel,18-24,UAE,14380,11808,75,302,66,32,143,543,0,11,4,175.05
1157,2025-04-16,YouTube,Retargeting Campaign,YT-250416-01157,Ready to dive in? Click through for Retargeting Campaign.,Traffic,Story,35-44,USA,17743,15907,144,266,43,27,119,455,8555,16,11,183.04
1158,2025-04-17,Instagram,Influencer Collab,IG-250417-01158,Get exclusive access to Influencer Collab today.,Conversions,Carousel,35-44,Brazil,26087,17778,371,1291,175,205,192,1863,0,30,44,197.86
1159,2025-04-17,LinkedIn,Influencer Collab,LI-250417-01159,Double tap if you agree! Influencer Collab,Engagement,Text,18-24,UAE,3670,2039,29,25,5,2,15,47,0,0,2,44.4
1160,2025-04-17,LinkedIn,Summer Sale Launch,LI-250417-01160,Sign up now for exclusive access to Summer Sale Launch.,Lead Generation,Carousel,45-54,UK,4628,3018,27,91,14,11,36,152,0,6,0,59.76
1161,2025-04-17,TikTok,Lead Gen - Webinar,TT-250417-01161,Reserve your spot for Lead Gen - Webinar — seats are limited.,Lead Generation,Reel,18-24,UK,21374,15728,374,1474,261,225,202,2162,11988,54,32,112.1
1162,2025-04-17,X (Twitter),Brand Awareness Q3,XT-250417-01162,We want to hear your story. Share below. Brand Awareness Q3,Engagement,Carousel,55+,Brazil,10588,6320,61,232,42,37,47,358,0,3,6,92.74
1163,2025-04-17,X (Twitter),Lead Gen - Webinar,XT-250417-01163,Limited time only. Shop Lead Gen - Webinar now.,Conversions,Reel,55+,India,7739,4431,101,70,9,7,30,116,2188,2,10,66.05
1164,2025-04-17,X (Twitter),Summer Sale Launch,XT-250417-01164,Tell us what you think in the comments! Summer Sale Launch,Engagement,Reel,45-54,Germany,6769,3961,78,115,24,14,25,178,3147,6,3,36.55
1165,2025-04-17,YouTube,Lead Gen - Webinar,YT-250417-01165,Swipe up to explore Lead Gen - Webinar today.,Traffic,Text,45-54,UAE,9365,6843,77,177,42,22,45,286,0,12,1,99.9
1166,2025-04-17,YouTube,New Feature Announcement,YT-250417-01166,Double tap if you agree! New Feature Announcement,Engagement,Story,25-34,USA,23991,15826,95,558,112,58,132,860,8887,41,2,173.78
1167,2025-04-18,Facebook,App Install Push,FB-250418-01167,Tag a friend who needs to see this. App Install Push,Engagement,Text,18-24,UK,11789,8708,178,216,42,32,48,338,0,14,9,89.49
1168,2025-04-18,Facebook,Lead Gen - Webinar,FB-250418-01168,Get the app. Get Lead Gen - Webinar.,App Installs,Reel,18-24,UK,13748,10907,148,354,55,46,104,559,7262,15,8,106.16
1169,2025-04-18,Facebook,Summer Sale Launch,FB-250418-01169,Big things are coming. Stay tuned for Summer Sale Launch.,Awareness,Text,45-54,India,23663,13303,285,451,108,91,149,799,0,14,29,218.22
1170,2025-04-18,Instagram,Influencer Collab,IG-250418-01170,Big things are coming. Stay tuned for Influencer Collab.,Awareness,Carousel,45-54,Germany,16029,9393,83,344,45,39,112,540,0,21,4,161.31
1171,2025-04-18,Instagram,Summer Sale Launch,IG-250418-01171,Available now on iOS and Android — Summer Sale Launch.,App Installs,Story,45-54,USA,28682,24470,381,721,127,90,361,1299,6673,20,32,314.35
1172,2025-04-18,LinkedIn,Holiday Promo,LI-250418-01172,Tell us what you think in the comments! Holiday Promo,Engagement,Text,55+,Germany,6477,3915,54,151,32,14,26,223,0,5,2,86.11
1173,2025-04-18,LinkedIn,Summer Sale Launch,LI-250418-01173,Sign up now for exclusive access to Summer Sale Launch.,Lead Generation,Text,25-34,Brazil,7708,5350,71,123,25,22,19,189,0,3,4,105.26
1174,2025-04-18,X (Twitter),App Install Push,XT-250418-01174,We want to hear your story. Share below. App Install Push,Engagement,Carousel,18-24,Brazil,11280,6439,128,102,20,8,18,148,0,3,10,60.23
1175,2025-04-18,X (Twitter),Product Demo Series,XT-250418-01175,We want to hear your story. Share below. Product Demo Series,Engagement,Image,55+,Brazil,9464,7650,98,56,11,10,24,101,0,4,9,54.75
1176,2025-04-18,YouTube,Lead Gen - Webinar,YT-250418-01176,Tag a friend who needs to see this. Lead Gen - Webinar,Engagement,Text,18-24,Germany,18382,16010,103,233,44,27,90,394,0,4,9,150.79
1177,2025-04-18,YouTube,Retargeting Campaign,YT-250418-01177,Reserve your spot for Retargeting Campaign — seats are limited.,Lead Generation,Text,55+,Germany,10632,8694,98,295,53,33,52,433,0,4,2,100.81
1178,2025-04-19,Facebook,App Install Push,FB-250419-01178,We want to hear your story. Share below. App Install Push,Engagement,Carousel,45-54,UAE,16564,12665,243,430,97,47,95,669,0,23,22,118.19
1179,2025-04-19,Facebook,Lead Gen - Webinar,FB-250419-01179,Don't miss out — Lead Gen - Webinar ends soon.,Conversions,Reel,18-24,India,15235,10873,161,261,50,31,38,380,3876,7,17,134.38
1180,2025-04-19,Facebook,Summer Sale Launch,FB-250419-01180,Ready to dive in? Click through for Summer Sale Launch.,Traffic,Image,55+,Germany,13772,10604,104,241,37,35,77,390,0,14,9,139.05
1181,2025-04-19,Instagram,Holiday Promo,IG-250419-01181,Tell us what you think in the comments! Holiday Promo,Engagement,Story,55+,USA,14877,9055,164,539,83,52,275,949,3323,30,14,148.91
1182,2025-04-19,LinkedIn,New Feature Announcement,LI-250419-01182,This is more than a campaign — it's a movement. New Feature Announcement,Awareness,Carousel,18-24,India,3607,2668,34,34,5,3,7,49,0,2,1,47.33
1183,2025-04-19,LinkedIn,Retargeting Campaign,LI-250419-01183,Sign up now for exclusive access to Retargeting Campaign.,Lead Generation,Image,55+,Germany,5023,2911,52,130,28,21,20,199,0,4,4,93.23
1184,2025-04-19,TikTok,Influencer Collab,TT-250419-01184,Join thousands who've already signed up for Influencer Collab.,Lead Generation,Carousel,35-44,Germany,41770,33871,450,3041,495,297,760,4593,0,163,50,266.88
1185,2025-04-19,TikTok,Summer Sale Launch,TT-250419-01185,Download now and experience Summer Sale Launch.,App Installs,Video,25-34,Germany,28923,25549,569,1622,275,222,373,2492,6395,106,50,128.53
1186,2025-04-19,X (Twitter),Brand Awareness Q3,XT-250419-01186,Get exclusive access to Brand Awareness Q3 today.,Conversions,Reel,18-24,Germany,6045,3614,62,64,12,5,17,98,3136,2,2,54.01
1187,2025-04-19,X (Twitter),Influencer Collab,XT-250419-01187,Limited time only. Shop Influencer Collab now.,Conversions,Carousel,55+,Brazil,10703,8976,81,118,23,13,36,190,0,2,4,81.13
1188,2025-04-19,YouTube,New Feature Announcement,YT-250419-01188,Double tap if you agree! New Feature Announcement,Engagement,Reel,25-34,India,17751,12417,122,461,100,73,101,735,9485,34,4,190.65
1189,2025-04-19,YouTube,Product Demo Series,YT-250419-01189,Join thousands who've already signed up for Product Demo Series.,Lead Generation,Reel,35-44,UAE,9246,6971,57,136,19,11,34,200,3224,2,2,107.6
1190,2025-04-19,YouTube,Summer Sale Launch,YT-250419-01190,Get exclusive access to Summer Sale Launch today.,Conversions,Story,55+,India,13922,7922,102,380,88,40,120,628,6240,16,3,122.71
1191,2025-04-20,Facebook,Lead Gen - Webinar,FB-250420-01191,We want to hear your story. Share below. Lead Gen - Webinar,Engagement,Carousel,25-34,UK,18158,12533,214,547,84,82,198,911,0,41,19,158.74
1192,2025-04-20,Instagram,Influencer Collab,IG-250420-01192,Ready to dive in? Click through for Influencer Collab.,Traffic,Carousel,25-34,Brazil,1037,698,6,33,5,5,11,54,0,0,0,11.42
1193,2025-04-20,Instagram,Retargeting Campaign,IG-250420-01193,Link in bio to learn more about Retargeting Campaign.,Traffic,Video,25-34,India,27331,20500,246,630,101,118,172,1021,11114,19,6,295.57
1194,2025-04-20,TikTok,Holiday Promo,TT-250420-01194,Install today and unlock Holiday Promo.,App Installs,Text,45-54,Brazil,60598,54081,774,1900,429,341,375,3045,0,63,84,257.3
1195,2025-04-20,TikTok,Influencer Collab,TT-250420-01195,Tell us what you think in the comments! Influencer Collab,Engagement,Video,55+,Germany,36035,24500,294,2926,587,459,784,4756,18091,200,11,234.06
1196,2025-04-20,TikTok,Summer Sale Launch,TT-250420-01196,Available now on iOS and Android — Summer Sale Launch.,App Installs,Video,25-34,UAE,25290,17545,518,1375,216,243,458,2292,7258,53,34,172.55
1197,2025-04-20,X (Twitter),Influencer Collab,XT-250420-01197,Tag a friend who needs to see this. Influencer Collab,Engagement,Image,18-24,USA,7017,4139,41,75,18,13,21,127,0,2,2,55.44
1198,2025-04-20,X (Twitter),New Feature Announcement,XT-250420-01198,This is more than a campaign — it's a movement. New Feature Announcement,Awareness,Reel,25-34,India,10489,6308,116,90,20,8,23,141,3673,2,2,88.1
1199,2025-04-21,Facebook,Product Demo Series,FB-250421-01199,Get the free guide: Product Demo Series.,Lead Generation,Video,18-24,Brazil,5945,4186,70,174,29,27,31,261,2753,10,3,47.87
1200,2025-04-21,LinkedIn,App Install Push,LI-250421-01200,Discover what makes App Install Push different. #NewLaunch,Awareness,Image,25-34,India,8972,7220,44,140,35,18,56,249,0,2,5,173.77
1201,2025-04-21,LinkedIn,Holiday Promo,LI-250421-01201,Get exclusive access to Holiday Promo today.,Conversions,Story,55+,USA,3973,2961,15,40,6,6,17,69,1216,1,1,41.07
1202,2025-04-21,LinkedIn,Influencer Collab,LI-250421-01202,Sign up now for exclusive access to Influencer Collab.,Lead Generation,Carousel,45-54,UK,8163,5917,52,140,29,27,56,252,0,11,3,100.54
1203,2025-04-21,TikTok,Lead Gen - Webinar,TT-250421-01203,Reserve your spot for Lead Gen - Webinar — seats are limited.,Lead Generation,Carousel,45-54,UAE,14352,12336,119,803,146,83,154,1186,0,58,10,85.64
1204,2025-04-21,TikTok,Product Demo Series,TT-250421-01204,Join thousands who've already signed up for Product Demo Series.,Lead Generation,Story,35-44,UAE,38014,24069,560,3294,502,581,523,4900,8137,82,14,272.8
1205,2025-04-21,X (Twitter),Holiday Promo,XT-250421-01205,We want to hear your story. Share below. Holiday Promo,Engagement,Story,18-24,UAE,9461,8161,82,176,26,34,85,321,2789,8,2,54.02
1206,2025-04-21,YouTube,Holiday Promo,YT-250421-01206,Sign up now for exclusive access to Holiday Promo.,Lead Generation,Carousel,45-54,UK,16430,12339,137,485,84,83,59,711,0,31,4,218.1
1207,2025-04-22,Facebook,Retargeting Campaign,FB-250422-01207,Full details on our site — Retargeting Campaign.,Traffic,Carousel,25-34,India,15255,13241,179,177,33,36,68,314,0,7,19,135.58
1208,2025-04-22,Instagram,Influencer Collab,IG-250422-01208,Get the free guide: Influencer Collab.,Lead Generation,Text,25-34,USA,14311,9977,78,281,50,35,67,433,0,11,8,134.26
1209,2025-04-22,Instagram,New Feature Announcement,IG-250422-01209,Available now on iOS and Android — New Feature Announcement.,App Installs,Reel,55+,UAE,11880,7478,53,413,76,46,60,595,3183,8,2,81.32
1210,2025-04-22,Instagram,Product Demo Series,IG-250422-01210,Get the app. Get Product Demo Series.,App Installs,Carousel,25-34,Brazil,11281,8735,157,573,116,58,188,935,0,28,18,101.05
1211,2025-04-22,Instagram,Retargeting Campaign,IG-250422-01211,Double tap if you agree! Retargeting Campaign,Engagement,Story,45-54,UK,23403,20657,250,1234,264,221,186,1905,9211,72,9,171.0
1212,2025-04-22,LinkedIn,Holiday Promo,LI-250422-01212,Swipe up to explore Holiday Promo today.,Traffic,Story,35-44,Germany,5053,3141,29,61,12,8,12,93,2970,1,3,71.15
1213,2025-04-22,LinkedIn,New Feature Announcement,LI-250422-01213,Limited time only. Shop New Feature Announcement now.,Conversions,Story,25-34,UK,5675,5105,45,49,7,4,18,78,2943,1,2,104.88
1214,2025-04-22,TikTok,Lead Gen - Webinar,TT-250422-01214,Link in bio to learn more about Lead Gen - Webinar.,Traffic,Carousel,45-54,Germany,32771,25333,602,1304,234,205,137,1880,0,92,36,211.97
1215,2025-04-22,TikTok,Product Demo Series,TT-250422-01215,Don't miss out — Product Demo Series ends soon.,Conversions,Video,45-54,UAE,29654,16758,652,854,130,62,189,1235,17384,20,76,210.38
1216,2025-04-22,X (Twitter),Holiday Promo,XT-250422-01216,Your next favorite thing is one click away. Holiday Promo,Conversions,Video,55+,UK,4955,3734,72,105,19,8,30,162,1359,3,2,24.53
1217,2025-04-22,YouTube,App Install Push,YT-250422-01217,Available now on iOS and Android — App Install Push.,App Installs,Video,45-54,USA,18747,11585,176,336,64,46,79,525,6776,23,15,238.7
1218,2025-04-22,YouTube,Lead Gen - Webinar,YT-250422-01218,Reserve your spot for Lead Gen - Webinar — seats are limited.,Lead Generation,Reel,18-24,India,4491,2820,29,50,9,7,16,82,2620,1,2,39.75
1219,2025-04-23,Facebook,Holiday Promo,FB-250423-01219,Swipe up to explore Holiday Promo today.,Traffic,Carousel,18-24,India,13122,7732,187,481,97,77,95,750,0,7,4,87.0
1220,2025-04-23,Facebook,Retargeting Campaign,FB-250423-01220,Limited time only. Shop Retargeting Campaign now.,Conversions,Reel,35-44,India,9373,7943,164,219,33,18,94,364,4967,10,12,74.26
1221,2025-04-23,Instagram,App Install Push,IG-250423-01221,"You asked, we delivered. Introducing App Install Push.",Awareness,Carousel,55+,UK,20277,13640,139,369,56,73,143,641,0,21,10,132.72
1222,2025-04-23,Instagram,Brand Awareness Q3,IG-250423-01222,Ready to dive in? Click through for Brand Awareness Q3.,Traffic,Carousel,55+,Brazil,22943,14083,242,812,187,145,110,1254,0,15,26,132.26
1223,2025-04-23,Instagram,Influencer Collab,IG-250423-01223,Reserve your spot for Influencer Collab — seats are limited.,Lead Generation,Reel,55+,UK,14901,9858,74,461,95,78,164,798,5288,34,4,131.04
1224,2025-04-23,LinkedIn,Holiday Promo,LI-250423-01224,Swipe up to explore Holiday Promo today.,Traffic,Carousel,35-44,UAE,6209,3891,56,133,21,18,46,218,0,3,1,68.9
1225,2025-04-23,X (Twitter),App Install Push,XT-250423-01225,Reserve your spot for App Install Push — seats are limited.,Lead Generation,Story,45-54,USA,9057,7673,68,203,43,31,16,293,3872,9,1,58.8
1226,2025-04-23,X (Twitter),New Feature Announcement,XT-250423-01226,Limited time only. Shop New Feature Announcement now.,Conversions,Text,35-44,Germany,7862,4506,87,54,9,8,27,98,0,3,3,63.74
1227,2025-04-24,Facebook,App Install Push,FB-250424-01227,"You asked, we delivered. Introducing App Install Push.",Awareness,Story,55+,USA,11734,9884,151,326,74,59,58,517,4503,9,7,93.19
1228,2025-04-24,Facebook,Lead Gen - Webinar,FB-250424-01228,This is more than a campaign — it's a movement. Lead Gen - Webinar,Awareness,Carousel,55+,UK,18009,10556,142,462,81,66,68,677,0,18,10,126.6
1229,2025-04-24,Instagram,Brand Awareness Q3,IG-250424-01229,Full details on our site — Brand Awareness Q3.,Traffic,Text,35-44,Brazil,27460,18115,304,1374,250,270,382,2276,0,62,33,281.18
1230,2025-04-24,Instagram,Summer Sale Launch,IG-250424-01230,We want to hear your story. Share below. Summer Sale Launch,Engagement,Carousel,35-44,UAE,23679,19987,141,1294,182,125,386,1987,0,56,3,261.85
1231,2025-04-24,TikTok,Holiday Promo,TT-250424-01231,Ready to dive in? Click through for Holiday Promo.,Traffic,Text,55+,Brazil,14828,11755,326,1148,170,118,526,1962,0,72,30,106.0
1232,2025-04-24,TikTok,Influencer Collab,TT-250424-01232,Big things are coming. Stay tuned for Influencer Collab.,Awareness,Story,55+,USA,31333,17247,375,1331,250,142,191,1914,8941,60,26,143.82
1233,2025-04-24,TikTok,New Feature Announcement,TT-250424-01233,Don't miss out — New Feature Announcement ends soon.,Conversions,Story,25-34,UK,19616,14776,283,1329,223,152,453,2157,4667,51,13,99.81
1234,2025-04-24,X (Twitter),App Install Push,XT-250424-01234,Install today and unlock App Install Push.,App Installs,Story,35-44,India,7491,5997,46,68,13,13,29,123,4292,2,4,36.54
1235,2025-04-24,X (Twitter),Holiday Promo,XT-250424-01235,Link in bio to learn more about Holiday Promo.,Traffic,Text,18-24,UK,7434,4537,86,120,23,19,39,201,0,8,9,50.3
1236,2025-04-24,X (Twitter),Summer Sale Launch,XT-250424-01236,We want to hear your story. Share below. Summer Sale Launch,Engagement,Story,18-24,USA,5997,3434,70,58,13,10,12,93,1761,2,3,40.09
1237,2025-04-24,YouTube,Influencer Collab,YT-250424-01237,This is more than a campaign — it's a movement. Influencer Collab,Awareness,Text,45-54,Germany,26969,21054,89,524,90,103,166,883,0,26,4,212.11
1238,2025-04-24,YouTube,Lead Gen - Webinar,YT-250424-01238,Double tap if you agree! Lead Gen - Webinar,Engagement,Video,35-44,India,13725,11122,118,218,37,38,66,359,6474,11,5,95.32
1239,2025-04-24,YouTube,Retargeting Campaign,YT-250424-01239,Big things are coming. Stay tuned for Retargeting Campaign.,Awareness,Video,25-34,UAE,12422,6991,52,311,65,52,92,520,2590,20,6,130.62
1240,2025-04-25,Facebook,Brand Awareness Q3,FB-250425-01240,Link in bio to learn more about Brand Awareness Q3.,Traffic,Story,55+,UK,28264,24339,174,445,80,37,142,704,13101,17,20,149.46
1241,2025-04-25,Facebook,New Feature Announcement,FB-250425-01241,Get the free guide: New Feature Announcement.,Lead Generation,Story,25-34,UAE,24663,17330,296,390,73,71,102,636,11288,6,31,163.25
1242,2025-04-25,Facebook,Product Demo Series,FB-250425-01242,Discover what makes Product Demo Series different. #NewLaunch,Awareness,Story,35-44,Germany,7148,4794,95,225,54,22,89,390,1832,18,2,45.6
1243,2025-04-25,Instagram,Brand Awareness Q3,IG-250425-01243,Get the free guide: Brand Awareness Q3.,Lead Generation,Text,55+,Germany,18307,12926,138,714,153,76,294,1237,0,23,7,111.79
1244,2025-04-25,Instagram,New Feature Announcement,IG-250425-01244,Full details on our site — New Feature Announcement.,Traffic,Video,45-54,Brazil,35941,20924,405,1362,257,101,285,2005,18415,99,11,333.53
1245,2025-04-25,LinkedIn,Holiday Promo,LI-250425-01245,This is more than a campaign — it's a movement. Holiday Promo,Awareness,Text,45-54,India,6784,4651,53,146,34,23,51,254,0,6,1,130.37
1246,2025-04-25,LinkedIn,Influencer Collab,LI-250425-01246,Sign up now for exclusive access to Influencer Collab.,Lead Generation,Video,18-24,Brazil,7954,5849,79,95,14,14,32,155,3090,1,4,100.96
1247,2025-04-25,LinkedIn,Product Demo Series,LI-250425-01247,Link in bio to learn more about Product Demo Series.,Traffic,Image,45-54,Germany,5448,4584,19,60,8,10,8,86,0,3,1,65.39
1248,2025-04-25,LinkedIn,Retargeting Campaign,LI-250425-01248,Your next favorite thing is one click away. Retargeting Campaign,Conversions,Text,55+,India,4176,2658,15,79,15,14,21,129,0,5,1,83.5
1249,2025-04-25,TikTok,App Install Push,TT-250425-01249,Big things are coming. Stay tuned for App Install Push.,Awareness,Image,55+,UK,33025,22168,625,1290,188,248,427,2153,0,55,45,179.07
1250,2025-04-25,TikTok,Product Demo Series,TT-250425-01250,Link in bio to learn more about Product Demo Series.,Traffic,Carousel,45-54,Brazil,33767,29916,410,2627,428,296,523,3874,0,155,45,247.87
1251,2025-04-25,X (Twitter),Retargeting Campaign,XT-250425-01251,Limited time only. Shop Retargeting Campaign now.,Conversions,Carousel,25-34,Germany,8312,5908,48,186,36,31,21,274,0,10,4,48.27
1252,2025-04-25,YouTube,New Feature Announcement,YT-250425-01252,Join thousands who've already signed up for New Feature Announcement.,Lead Generation,Video,55+,Brazil,9543,6522,51,161,33,16,61,271,3727,11,5,117.15
1253,2025-04-26,Facebook,Lead Gen - Webinar,FB-250426-01253,Get exclusive access to Lead Gen - Webinar today.,Conversions,Text,18-24,UK,17260,11975,210,266,69,30,113,478,0,14,14,108.59
1254,2025-04-26,Instagram,Brand Awareness Q3,IG-250426-01254,Download now and experience Brand Awareness Q3.,App Installs,Text,55+,Germany,32813,21867,340,1365,261,199,149,1974,0,56,25,197.08
1255,2025-04-26,Instagram,Influencer Collab,IG-250426-01255,Full details on our site — Influencer Collab.,Traffic,Carousel,25-34,UAE,35710,23332,168,1845,258,213,891,3207,0,150,10,253.15
1256,2025-04-26,Instagram,Lead Gen - Webinar,IG-250426-01256,Reserve your spot for Lead Gen - Webinar — seats are limited.,Lead Generation,Image,25-34,USA,41394,34077,315,1706,311,149,288,2454,0,99,12,269.26
1257,2025-04-26,Instagram,Retargeting Campaign,IG-250426-01257,Get the free guide: Retargeting Campaign.,Lead Generation,Text,35-44,Germany,24580,14331,200,1066,229,112,419,1826,0,86,6,148.99
1258,2025-04-26,TikTok,Influencer Collab,TT-250426-01258,Get exclusive access to Influencer Collab today.,Conversions,Text,25-34,Brazil,50617,32043,695,3556,609,502,1517,6184,0,291,40,364.01
1259,2025-04-26,TikTok,Retargeting Campaign,TT-250426-01259,Get the app. Get Retargeting Campaign.,App Installs,Reel,45-54,UK,35472,29581,366,2533,387,428,805,4153,8000,100,26,162.52
1260,2025-04-26,X (Twitter),Lead Gen - Webinar,XT-250426-01260,Limited time only. Shop Lead Gen - Webinar now.,Conversions,Reel,45-54,Germany,3471,2922,28,49,6,8,10,73,1503,2,2,20.14
1261,2025-04-26,YouTube,App Install Push,YT-250426-01261,Full details on our site — App Install Push.,Traffic,Image,25-34,USA,4057,3084,27,73,11,9,26,119,0,1,2,52.7
1262,2025-04-26,YouTube,Product Demo Series,YT-250426-01262,Tell us what you think in the comments! Product Demo Series,Engagement,Carousel,18-24,UAE,17017,9854,153,305,50,41,106,502,0,21,8,141.65
1263,2025-04-26,YouTube,Summer Sale Launch,YT-250426-01263,Your next favorite thing is one click away. Summer Sale Launch,Conversions,Video,18-24,UK,16287,14246,76,245,39,23,95,402,8869,17,5,201.17
1264,2025-04-27,Facebook,Summer Sale Launch,FB-250427-01264,Discover what makes Summer Sale Launch different. #NewLaunch,Awareness,Video,18-24,Germany,28572,16813,303,289,59,36,137,521,10902,13,24,276.77
1265,2025-04-27,Instagram,App Install Push,IG-250427-01265,Tag a friend who needs to see this. App Install Push,Engagement,Video,35-44,India,25520,18052,269,1166,210,177,308,1861,11360,72,22,228.15
1266,2025-04-27,Instagram,Summer Sale Launch,IG-250427-01266,Link in bio to learn more about Summer Sale Launch.,Traffic,Story,18-24,Germany,29953,16667,178,1025,150,125,271,1571,9897,24,19,267.75
1267,2025-04-27,LinkedIn,App Install Push,LI-250427-01267,Don't miss out — App Install Push ends soon.,Conversions,Image,55+,India,5846,4232,22,160,21,13,35,229,0,8,1,67.86
1268,2025-04-27,TikTok,Brand Awareness Q3,TT-250427-01268,Get exclusive access to Brand Awareness Q3 today.,Conversions,Text,18-24,Brazil,12873,11117,260,397,61,50,209,717,0,17,19,106.63
1269,2025-04-27,TikTok,Holiday Promo,TT-250427-01269,This is more than a campaign — it's a movement. Holiday Promo,Awareness,Image,25-34,India,36632,28389,549,2384,374,193,911,3862,0,188,43,240.01
1270,2025-04-27,TikTok,New Feature Announcement,TT-250427-01270,Don't miss out — New Feature Announcement ends soon.,Conversions,Video,18-24,UK,16911,10495,136,1134,236,189,372,1931,6384,41,14,104.5
1271,2025-04-27,YouTube,Retargeting Campaign,YT-250427-01271,Available now on iOS and Android — Retargeting Campaign.,App Installs,Video,45-54,India,14378,9494,132,443,75,68,69,655,8533,14,10,112.76
1272,2025-04-28,Facebook,Influencer Collab,FB-250428-01272,Big things are coming. Stay tuned for Influencer Collab.,Awareness,Image,35-44,UAE,22452,18337,361,830,144,135,87,1196,0,12,39,213.17
1273,2025-04-28,Facebook,Product Demo Series,FB-250428-01273,Get the free guide: Product Demo Series.,Lead Generation,Text,45-54,UAE,12554,7250,111,204,32,31,83,350,0,6,11,87.53
1274,2025-04-28,Instagram,Brand Awareness Q3,IG-250428-01274,Install today and unlock Brand Awareness Q3.,App Installs,Story,35-44,USA,28749,17040,183,754,160,85,192,1191,14352,22,12,178.99
1275,2025-04-28,Instagram,Influencer Collab,IG-250428-01275,We want to hear your story. Share below. Influencer Collab,Engagement,Text,55+,USA,11561,10266,106,526,99,63,238,926,0,39,3,85.71
1276,2025-04-28,LinkedIn,Holiday Promo,LI-250428-01276,Double tap if you agree! Holiday Promo,Engagement,Story,25-34,Germany,6694,4277,36,117,16,11,37,181,2402,6,4,84.74
1277,2025-04-28,LinkedIn,New Feature Announcement,LI-250428-01277,Tell us what you think in the comments! New Feature Announcement,Engagement,Video,45-54,USA,6611,5520,62,164,35,18,24,241,3165,12,6,105.27
1278,2025-04-28,LinkedIn,Retargeting Campaign,LI-250428-01278,Available now on iOS and Android — Retargeting Campaign.,App Installs,Reel,35-44,UAE,3228,1790,20,39,6,6,16,67,1540,1,1,35.54
1279,2025-04-28,TikTok,Brand Awareness Q3,TT-250428-01279,Link in bio to learn more about Brand Awareness Q3.,Traffic,Video,35-44,USA,40310,33377,586,1173,162,166,265,1766,12765,33,67,183.81
1280,2025-04-28,TikTok,Product Demo Series,TT-250428-01280,Available now on iOS and Android — Product Demo Series.,App Installs,Video,18-24,UK,40496,29351,579,1297,199,242,309,2047,10550,84,35,305.57
1281,2025-04-28,X (Twitter),App Install Push,XT-250428-01281,Tell us what you think in the comments! App Install Push,Engagement,Carousel,55+,USA,7368,4599,64,89,17,12,11,129,0,5,7,41.59
1282,2025-04-28,YouTube,Brand Awareness Q3,YT-250428-01282,Get exclusive access to Brand Awareness Q3 today.,Conversions,Video,18-24,USA,17682,10737,154,246,55,41,96,438,10558,16,7,128.75
1283,2025-04-28,YouTube,Lead Gen - Webinar,YT-250428-01283,Get the free guide: Lead Gen - Webinar.,Lead Generation,Text,35-44,India,8651,5489,53,84,17,11,40,152,0,7,4,65.4
1284,2025-04-28,YouTube,Product Demo Series,YT-250428-01284,Get the free guide: Product Demo Series.,Lead Generation,Video,35-44,USA,18637,13281,57,336,89,63,114,602,8143,24,1,184.68
1285,2025-04-29,Facebook,Brand Awareness Q3,FB-250429-01285,Reserve your spot for Brand Awareness Q3 — seats are limited.,Lead Generation,Video,55+,Germany,9421,5613,131,217,31,20,77,345,2246,7,15,78.32
1286,2025-04-29,Facebook,New Feature Announcement,FB-250429-01286,Big things are coming. Stay tuned for New Feature Announcement.,Awareness,Text,55+,India,22740,17430,355,539,128,46,177,890,0,39,15,221.59
1287,2025-04-29,Facebook,Product Demo Series,FB-250429-01287,Link in bio to learn more about Product Demo Series.,Traffic,Reel,25-34,Germany,19150,11772,114,245,44,27,48,364,11339,12,3,190.44
1288,2025-04-29,Instagram,Holiday Promo,IG-250429-01288,Reserve your spot for Holiday Promo — seats are limited.,Lead Generation,Text,45-54,UK,34515,30616,439,1324,178,172,331,2005,0,54,15,253.4
1289,2025-04-29,Instagram,Influencer Collab,IG-250429-01289,Available now on iOS and Android — Influencer Collab.,App Installs,Video,18-24,Brazil,17471,10460,178,934,198,159,213,1504,6616,25,20,174.14
1290,2025-04-29,LinkedIn,App Install Push,LI-250429-01290,Available now on iOS and Android — App Install Push.,App Installs,Image,55+,India,3638,2234,31,78,17,7,26,128,0,2,0,47.22
1291,2025-04-29,LinkedIn,Brand Awareness Q3,LI-250429-01291,We want to hear your story. Share below. Brand Awareness Q3,Engagement,Reel,45-54,Brazil,6434,3714,43,125,27,18,13,183,3765,7,4,128.7
1292,2025-04-29,LinkedIn,New Feature Announcement,LI-250429-01292,Tag a friend who needs to see this. New Feature Announcement,Engagement,Reel,35-44,Germany,5728,3310,37,109,18,16,39,182,2908,7,0,112.41
1293,2025-04-29,TikTok,App Install Push,TT-250429-01293,Sign up now for exclusive access to App Install Push.,Lead Generation,Video,45-54,Germany,33670,24241,477,1957,338,395,772,3462,9489,129,10,236.15
1294,2025-04-29,TikTok,Retargeting Campaign,TT-250429-01294,Get the free guide: Retargeting Campaign.,Lead Generation,Reel,25-34,USA,41153,31536,579,2825,592,529,791,4737,16725,112,15,242.35
1295,2025-04-29,TikTok,Summer Sale Launch,TT-250429-01295,Get exclusive access to Summer Sale Launch today.,Conversions,Text,35-44,USA,31305,19455,481,2430,480,226,416,3552,0,36,25,210.33
1296,2025-04-29,X (Twitter),New Feature Announcement,XT-250429-01296,Ready to dive in? Click through for New Feature Announcement.,Traffic,Text,45-54,Germany,9216,6385,77,93,22,15,27,157,0,3,7,73.25
1297,2025-04-29,YouTube,Brand Awareness Q3,YT-250429-01297,Swipe up to explore Brand Awareness Q3 today.,Traffic,Reel,35-44,India,15700,12835,134,275,47,39,39,400,9188,5,4,166.71
1298,2025-04-30,Facebook,App Install Push,FB-250430-01298,Limited time only. Shop App Install Push now.,Conversions,Reel,55+,UAE,20383,14684,307,694,138,97,212,1141,11510,23,31,212.05
1299,2025-04-30,Facebook,New Feature Announcement,FB-250430-01299,We want to hear your story. Share below. New Feature Announcement,Engagement,Reel,18-24,USA,23484,17728,228,584,89,60,326,1059,13039,20,23,174.95
1300,2025-04-30,Facebook,Product Demo Series,FB-250430-01300,Get the free guide: Product Demo Series.,Lead Generation,Carousel,18-24,Germany,13280,8274,224,168,21,26,28,243,0,4,12,88.96
1301,2025-04-30,Instagram,Holiday Promo,IG-250430-01301,Sign up now for exclusive access to Holiday Promo.,Lead Generation,Text,45-54,Germany,26157,18890,330,990,190,167,73,1420,0,57,22,227.36
1302,2025-04-30,Instagram,Product Demo Series,IG-250430-01302,Double tap if you agree! Product Demo Series,Engagement,Text,45-54,USA,33353,21715,285,1180,169,125,596,2070,0,36,7,311.45
1303,2025-04-30,LinkedIn,Retargeting Campaign,LI-250430-01303,Big things are coming. Stay tuned for Retargeting Campaign.,Awareness,Story,25-34,USA,9356,5801,40,207,35,41,70,353,2933,5,0,130.96
1304,2025-04-30,X (Twitter),Retargeting Campaign,XT-250430-01304,"You asked, we delivered. Introducing Retargeting Campaign.",Awareness,Reel,45-54,UAE,5030,3402,72,69,11,7,14,101,1186,3,1,41.91
1305,2025-04-30,YouTube,Lead Gen - Webinar,YT-250430-01305,Don't miss out — Lead Gen - Webinar ends soon.,Conversions,Text,18-24,Germany,17145,11457,60,257,30,35,53,375,0,12,5,157.84
1306,2025-05-01,Facebook,App Install Push,FB-250501-01306,Get the free guide: App Install Push.,Lead Generation,Carousel,25-34,Brazil,5761,4199,76,154,23,15,68,260,0,6,8,49.58
1307,2025-05-01,Facebook,Holiday Promo,FB-250501-01307,We want to hear your story. Share below. Holiday Promo,Engagement,Video,55+,UAE,25690,15215,242,611,143,124,179,1057,9812,42,9,163.84
1308,2025-05-01,Facebook,Product Demo Series,FB-250501-01308,Get the app. Get Product Demo Series.,App Installs,Story,45-54,USA,10657,8270,104,321,62,28,77,488,2254,12,4,92.7
1309,2025-05-01,Facebook,Retargeting Campaign,FB-250501-01309,Don't miss out — Retargeting Campaign ends soon.,Conversions,Reel,35-44,Germany,29196,17627,430,887,157,156,198,1398,15336,49,43,270.8
1310,2025-05-01,Instagram,App Install Push,IG-250501-01310,Get the app. Get App Install Push.,App Installs,Story,35-44,Brazil,16039,14054,211,496,66,53,164,779,8822,18,10,100.74
1311,2025-05-01,Instagram,New Feature Announcement,IG-250501-01311,Get the app. Get New Feature Announcement.,App Installs,Reel,45-54,UAE,24425,19718,180,774,116,103,167,1160,5964,50,18,175.16
1312,2025-05-01,LinkedIn,Retargeting Campaign,LI-250501-01312,Discover what makes Retargeting Campaign different. #NewLaunch,Awareness,Text,55+,Germany,7310,5562,36,124,21,15,50,210,0,2,4,78.89
1313,2025-05-01,TikTok,Brand Awareness Q3,TT-250501-01313,Get the free guide: Brand Awareness Q3.,Lead Generation,Story,35-44,Germany,54775,33376,1021,4479,804,724,561,6568,12983,252,31,233.6
1314,2025-05-01,X (Twitter),Holiday Promo,XT-250501-01314,Tell us what you think in the comments! Holiday Promo,Engagement,Reel,25-34,Brazil,14477,9389,75,230,35,26,41,332,7059,10,6,135.68
1315,2025-05-01,X (Twitter),Lead Gen - Webinar,XT-250501-01315,Limited time only. Shop Lead Gen - Webinar now.,Conversions,Story,45-54,USA,12479,10907,65,97,13,15,15,140,2897,2,2,82.49
1316,2025-05-01,YouTube,App Install Push,YT-250501-01316,Double tap if you agree! App Install Push,Engagement,Reel,55+,UK,4957,3522,46,81,13,6,27,127,1187,1,4,49.09
1317,2025-05-01,YouTube,Brand Awareness Q3,YT-250501-01317,Tag a friend who needs to see this. Brand Awareness Q3,Engagement,Video,55+,India,22720,15943,138,546,93,49,229,917,7719,35,10,254.86
1318,2025-05-01,YouTube,Product Demo Series,YT-250501-01318,Join thousands who've already signed up for Product Demo Series.,Lead Generation,Carousel,35-44,India,14965,10706,75,398,72,72,151,693,0,29,6,102.54
1319,2025-05-01,YouTube,Summer Sale Launch,YT-250501-01319,Get the app. Get Summer Sale Launch.,App Installs,Video,55+,India,12742,10933,119,227,32,29,52,340,7295,5,6,99.97
1320,2025-05-02,Facebook,Brand Awareness Q3,FB-250502-01320,Tag a friend who needs to see this. Brand Awareness Q3,Engagement,Video,35-44,Germany,26172,21879,434,543,71,43,128,785,10190,33,44,196.71
1321,2025-05-02,Facebook,New Feature Announcement,FB-250502-01321,Swipe up to explore New Feature Announcement today.,Traffic,Image,55+,India,14514,8932,165,470,105,69,96,740,0,20,14,128.73
1322,2025-05-02,Facebook,Product Demo Series,FB-250502-01322,Get the app. Get Product Demo Series.,App Installs,Carousel,55+,Brazil,17198,10963,196,563,89,69,86,807,0,24,14,137.4
1323,2025-05-02,Facebook,Summer Sale Launch,FB-250502-01323,Full details on our site — Summer Sale Launch.,Traffic,Story,25-34,India,22487,12403,260,607,132,59,261,1059,10376,16,17,139.46
1324,2025-05-02,Instagram,App Install Push,IG-250502-01324,Download now and experience App Install Push.,App Installs,Reel,45-54,USA,36122,22907,272,2091,489,249,456,3285,9866,51,14,302.22
1325,2025-05-02,Instagram,Lead Gen - Webinar,IG-250502-01325,Join thousands who've already signed up for Lead Gen - Webinar.,Lead Generation,Text,35-44,USA,31064,27815,412,1027,170,102,397,1696,0,24,13,202.93
1326,2025-05-02,LinkedIn,Retargeting Campaign,LI-250502-01326,Get the free guide: Retargeting Campaign.,Lead Generation,Video,25-34,Germany,5833,4697,29,133,34,16,55,238,1567,5,1,88.82
1327,2025-05-02,TikTok,Brand Awareness Q3,TT-250502-01327,Reserve your spot for Brand Awareness Q3 — seats are limited.,Lead Generation,Video,18-24,UAE,23976,18971,193,1958,285,304,391,2938,5419,121,8,101.97
1328,2025-05-02,TikTok,Product Demo Series,TT-250502-01328,This is more than a campaign — it's a movement. Product Demo Series,Awareness,Carousel,35-44,India,16506,11180,148,817,144,78,344,1383,0,32,17,99.01
1329,2025-05-02,TikTok,Summer Sale Launch,TT-250502-01329,Get the free guide: Summer Sale Launch.,Lead Generation,Reel,55+,UK,20081,17332,427,1854,265,229,336,2684,11152,118,42,99.14
1330,2025-05-02,X (Twitter),Product Demo Series,XT-250502-01330,This is more than a campaign — it's a movement. Product Demo Series,Awareness,Image,45-54,Germany,11066,7764,147,75,18,10,33,136,0,6,4,105.11
1331,2025-05-02,YouTube,Lead Gen - Webinar,YT-250502-01331,Don't miss out — Lead Gen - Webinar ends soon.,Conversions,Image,25-34,UAE,13355,11441,114,439,83,72,64,658,0,32,7,95.53
1332,2025-05-02,YouTube,Product Demo Series,YT-250502-01332,Get the app. Get Product Demo Series.,App Installs,Text,55+,USA,18051,11098,78,248,45,40,92,425,0,16,7,172.62
1333,2025-05-03,Facebook,Holiday Promo,FB-250503-01333,Get the free guide: Holiday Promo.,Lead Generation,Text,18-24,Brazil,16572,13287,179,448,76,59,163,746,0,17,18,99.67
1334,2025-05-03,Facebook,Product Demo Series,FB-250503-01334,Get exclusive access to Product Demo Series today.,Conversions,Reel,25-34,India,9048,5964,148,221,54,45,60,380,3222,11,15,51.62
1335,2025-05-03,Facebook,Summer Sale Launch,FB-250503-01335,Tag a friend who needs to see this. Summer Sale Launch,Engagement,Video,18-24,UAE,19947,17503,251,342,82,64,110,598,6909,13,21,190.02
1336,2025-05-03,LinkedIn,Influencer Collab,LI-250503-01336,Get the free guide: Influencer Collab.,Lead Generation,Reel,55+,UK,4548,3024,46,92,13,15,38,158,1719,3,4,64.2
1337,2025-05-03,LinkedIn,Retargeting Campaign,LI-250503-01337,Join thousands who've already signed up for Retargeting Campaign.,Lead Generation,Story,25-34,UK,2997,1852,13,69,15,10,10,104,1780,2,0,37.82
1338,2025-05-03,TikTok,Brand Awareness Q3,TT-250503-01338,Get exclusive access to Brand Awareness Q3 today.,Conversions,Carousel,18-24,India,36816,25404,764,2038,474,361,354,3227,0,157,51,180.83
1339,2025-05-03,TikTok,Product Demo Series,TT-250503-01339,Your next favorite thing is one click away. Product Demo Series,Conversions,Text,55+,UK,21239,12279,332,536,74,68,199,877,0,16,34,92.77
1340,2025-05-03,TikTok,Retargeting Campaign,TT-250503-01340,We want to hear your story. Share below. Retargeting Campaign,Engagement,Carousel,18-24,India,44382,36361,793,1229,167,232,318,1946,0,86,17,353.66
1341,2025-05-03,X (Twitter),App Install Push,XT-250503-01341,Install today and unlock App Install Push.,App Installs,Story,45-54,Brazil,9723,7063,104,173,41,16,83,313,2189,13,6,48.05
1342,2025-05-03,X (Twitter),Product Demo Series,XT-250503-01342,Tag a friend who needs to see this. Product Demo Series,Engagement,Carousel,55+,UAE,10305,8216,137,159,31,25,17,232,0,2,6,82.06
1343,2025-05-03,X (Twitter),Summer Sale Launch,XT-250503-01343,Tag a friend who needs to see this. Summer Sale Launch,Engagement,Image,35-44,India,14097,12204,78,176,35,35,72,318,0,11,8,91.37
1344,2025-05-03,YouTube,App Install Push,YT-250503-01344,Reserve your spot for App Install Push — seats are limited.,Lead Generation,Reel,18-24,UK,11197,8233,35,118,25,14,27,184,4973,3,3,115.75
1345,2025-05-03,YouTube,Retargeting Campaign,YT-250503-01345,Your next favorite thing is one click away. Retargeting Campaign,Conversions,Carousel,45-54,UK,23159,18687,164,669,169,101,216,1155,0,29,4,257.49
1346,2025-05-04,Facebook,Influencer Collab,FB-250504-01346,Limited time only. Shop Influencer Collab now.,Conversions,Image,25-34,UK,24054,14775,215,507,98,77,159,841,0,18,18,197.84
1347,2025-05-04,Facebook,Lead Gen - Webinar,FB-250504-01347,Join thousands who've already signed up for Lead Gen - Webinar.,Lead Generation,Story,55+,UK,15919,11673,276,198,42,19,59,318,8707,7,12,134.68
1348,2025-05-04,Instagram,Holiday Promo,IG-250504-01348,Double tap if you agree! Holiday Promo,Engagement,Text,55+,UK,20143,16492,260,1024,184,158,223,1589,0,58,27,160.81
1349,2025-05-04,LinkedIn,Summer Sale Launch,LI-250504-01349,Sign up now for exclusive access to Summer Sale Launch.,Lead Generation,Video,35-44,USA,6257,5502,47,143,24,28,43,238,1801,6,1,96.65
1350,2025-05-04,TikTok,App Install Push,TT-250504-01350,Limited time only. Shop App Install Push now.,Conversions,Story,18-24,Germany,23882,19982,371,1395,300,246,125,2066,6265,41,44,140.08
1351,2025-05-04,TikTok,Lead Gen - Webinar,TT-250504-01351,Ready to dive in? Click through for Lead Gen - Webinar.,Traffic,Text,18-24,Germany,29499,20549,560,1523,202,199,261,2185,0,108,52,135.01
1352,2025-05-04,TikTok,New Feature Announcement,TT-250504-01352,Discover what makes New Feature Announcement different. #NewLaunch,Awareness,Image,18-24,UK,27451,19597,542,1308,340,256,383,2287,0,39,33,204.22
1353,2025-05-04,X (Twitter),Influencer Collab,XT-250504-01353,Swipe up to explore Influencer Collab today.,Traffic,Carousel,55+,UAE,7999,7014,106,57,10,6,26,99,0,4,7,56.92
1354,2025-05-04,X (Twitter),Retargeting Campaign,XT-250504-01354,Available now on iOS and Android — Retargeting Campaign.,App Installs,Carousel,25-34,UAE,3729,2215,49,66,12,9,26,113,0,1,4,27.22
1355,2025-05-04,X (Twitter),Summer Sale Launch,XT-250504-01355,This is more than a campaign — it's a movement. Summer Sale Launch,Awareness,Carousel,25-34,Germany,13483,11860,197,126,21,15,40,202,0,5,20,87.34
1356,2025-05-05,Instagram,Influencer Collab,IG-250505-01356,Tag a friend who needs to see this. Influencer Collab,Engagement,Text,55+,Germany,31841,21237,421,1459,256,141,311,2167,0,82,24,281.9
1357,2025-05-05,Instagram,Summer Sale Launch,IG-250505-01357,Get exclusive access to Summer Sale Launch today.,Conversions,Reel,18-24,Germany,25607,16795,148,784,168,161,238,1351,10997,62,10,148.75
1358,2025-05-05,LinkedIn,Holiday Promo,LI-250505-01358,Limited time only. Shop Holiday Promo now.,Conversions,Text,35-44,UAE,6248,3755,48,121,22,22,34,199,0,3,4,70.3
1359,2025-05-05,LinkedIn,Influencer Collab,LI-250505-01359,Get the app. Get Influencer Collab.,App Installs,Text,18-24,India,5088,4041,38,116,21,20,41,198,0,4,4,77.09
1360,2025-05-05,LinkedIn,New Feature Announcement,LI-250505-01360,This is more than a campaign — it's a movement. New Feature Announcement,Awareness,Story,18-24,USA,7102,5088,70,152,22,27,32,233,2358,7,6,132.76
1361,2025-05-05,LinkedIn,Retargeting Campaign,LI-250505-01361,Get the free guide: Retargeting Campaign.,Lead Generation,Text,55+,USA,7772,5537,58,102,21,10,41,174,0,3,5,148.25
1362,2025-05-05,X (Twitter),Holiday Promo,XT-250505-01362,Download now and experience Holiday Promo.,App Installs,Carousel,18-24,USA,5484,3086,38,94,21,13,27,155,0,2,3,26.68
1363,2025-05-05,YouTube,Brand Awareness Q3,YT-250505-01363,Full details on our site — Brand Awareness Q3.,Traffic,Text,45-54,UK,12178,8170,97,364,82,38,117,601,0,10,8,146.35
1364,2025-05-05,YouTube,Holiday Promo,YT-250505-01364,Link in bio to learn more about Holiday Promo.,Traffic,Video,18-24,Germany,13510,10712,94,172,31,28,61,292,6854,11,6,147.23
1365,2025-05-06,Facebook,Brand Awareness Q3,FB-250506-01365,We want to hear your story. Share below. Brand Awareness Q3,Engagement,Reel,25-34,India,24882,14304,304,497,93,87,61,738,9965,14,20,163.91
1366,2025-05-06,Facebook,Lead Gen - Webinar,FB-250506-01366,Ready to dive in? Click through for Lead Gen - Webinar.,Traffic,Text,35-44,Germany,22842,20017,393,298,66,45,111,520,0,23,10,122.13
1367,2025-05-06,Facebook,Product Demo Series,FB-250506-01367,Swipe up to explore Product Demo Series today.,Traffic,Reel,35-44,India,9651,6817,95,109,18,8,40,175,3449,2,4,66.27
1368,2025-05-06,Instagram,Holiday Promo,IG-250506-01368,Full details on our site — Holiday Promo.,Traffic,Image,35-44,India,14692,13178,101,374,70,48,104,596,0,20,7,149.43
1369,2025-05-06,Instagram,Product Demo Series,IG-250506-01369,Download now and experience Product Demo Series.,App Installs,Carousel,25-34,Brazil,22279,19028,179,1228,262,153,279,1922,0,54,11,142.38
1370,2025-05-06,LinkedIn,Influencer Collab,LI-250506-01370,Your next favorite thing is one click away. Influencer Collab,Conversions,Story,25-34,USA,6890,5946,34,100,13,11,33,157,3727,5,3,87.49
1371,2025-05-06,LinkedIn,Lead Gen - Webinar,LI-250506-01371,"You asked, we delivered. Introducing Lead Gen - Webinar.",Awareness,Reel,35-44,UK,6257,5026,23,126,15,14,30,185,2399,9,1,122.33
1372,2025-05-06,LinkedIn,New Feature Announcement,LI-250506-01372,Tell us what you think in the comments! New Feature Announcement,Engagement,Image,45-54,Brazil,300,225,2,6,1,0,3,10,0,0,0,5.86
1373,2025-05-06,LinkedIn,Product Demo Series,LI-250506-01373,Double tap if you agree! Product Demo Series,Engagement,Carousel,45-54,UAE,9170,7726,84,103,21,20,43,187,0,8,9,176.46
1374,2025-05-06,X (Twitter),Product Demo Series,XT-250506-01374,Tell us what you think in the comments! Product Demo Series,Engagement,Reel,35-44,Germany,18725,13389,149,129,17,18,48,212,4750,10,10,116.52
1375,2025-05-06,YouTube,Summer Sale Launch,YT-250506-01375,Available now on iOS and Android — Summer Sale Launch.,App Installs,Reel,25-34,India,22695,14155,193,333,62,58,124,577,13075,9,19,296.63
1376,2025-05-07,Facebook,New Feature Announcement,FB-250507-01376,Don't miss out — New Feature Announcement ends soon.,Conversions,Video,55+,UK,31262,22749,433,921,153,118,182,1374,15025,37,27,297.13
1377,2025-05-07,Instagram,App Install Push,IG-250507-01377,Swipe up to explore App Install Push today.,Traffic,Image,55+,Brazil,33425,20429,262,853,135,127,298,1413,0,34,25,345.0
1378,2025-05-07,Instagram,Holiday Promo,IG-250507-01378,Discover what makes Holiday Promo different. #NewLaunch,Awareness,Reel,55+,Germany,13764,8343,72,370,77,46,71,564,3134,11,1,119.03
1379,2025-05-07,LinkedIn,Influencer Collab,LI-250507-01379,Available now on iOS and Android — Influencer Collab.,App Installs,Text,35-44,UK,6417,3606,62,75,13,9,21,118,0,1,3,123.08
1380,2025-05-07,LinkedIn,Retargeting Campaign,LI-250507-01380,This is more than a campaign — it's a movement. Retargeting Campaign,Awareness,Carousel,18-24,UAE,12441,10950,117,283,62,39,84,468,0,11,3,151.67
1381,2025-05-07,TikTok,Brand Awareness Q3,TT-250507-01381,Reserve your spot for Brand Awareness Q3 — seats are limited.,Lead Generation,Video,25-34,UAE,40558,26078,868,1937,375,200,893,3405,13591,43,66,255.95
1382,2025-05-07,X (Twitter),Brand Awareness Q3,XT-250507-01382,Get exclusive access to Brand Awareness Q3 today.,Conversions,Story,35-44,India,9138,6352,58,105,19,14,45,183,4046,1,5,75.61
1383,2025-05-07,X (Twitter),Influencer Collab,XT-250507-01383,We want to hear your story. Share below. Influencer Collab,Engagement,Image,25-34,UK,10450,9209,158,171,23,29,53,276,0,8,4,53.5
1384,2025-05-07,X (Twitter),Lead Gen - Webinar,XT-250507-01384,Download now and experience Lead Gen - Webinar.,App Installs,Image,25-34,Germany,7522,6740,86,99,19,15,14,147,0,6,5,42.83
1385,2025-05-07,YouTube,Lead Gen - Webinar,YT-250507-01385,Sign up now for exclusive access to Lead Gen - Webinar.,Lead Generation,Reel,55+,UK,13809,10223,108,308,44,53,102,507,5595,20,10,125.24
1386,2025-05-07,YouTube,New Feature Announcement,YT-250507-01386,Tell us what you think in the comments! New Feature Announcement,Engagement,Text,18-24,Germany,25510,19279,218,409,56,63,115,643,0,23,5,293.81
1387,2025-05-07,YouTube,Summer Sale Launch,YT-250507-01387,Your next favorite thing is one click away. Summer Sale Launch,Conversions,Video,55+,Brazil,14580,10326,72,296,69,37,116,518,8100,22,6,154.29
1388,2025-05-08,Facebook,New Feature Announcement,FB-250508-01388,Reserve your spot for New Feature Announcement — seats are limited.,Lead Generation,Reel,55+,Brazil,25762,17630,288,850,163,71,306,1390,12540,46,24,156.7
1389,2025-05-08,Instagram,Brand Awareness Q3,IG-250508-01389,Get the app. Get Brand Awareness Q3.,App Installs,Text,18-24,Brazil,25367,15224,226,806,182,134,170,1292,0,37,24,157.84
1390,2025-05-08,Instagram,Holiday Promo,IG-250508-01390,This is more than a campaign — it's a movement. Holiday Promo,Awareness,Story,45-54,USA,17233,13523,117,537,88,54,293,972,8216,10,3,122.63
1391,2025-05-08,Instagram,Lead Gen - Webinar,IG-250508-01391,Tell us what you think in the comments! Lead Gen - Webinar,Engagement,Reel,55+,India,25228,19329,148,1564,217,210,276,2267,10323,26,16,148.86
1392,2025-05-08,Instagram,Product Demo Series,IG-250508-01392,Your next favorite thing is one click away. Product Demo Series,Conversions,Text,35-44,India,22928,14516,193,1151,164,95,368,1778,0,53,8,221.49
1393,2025-05-08,LinkedIn,App Install Push,LI-250508-01393,Reserve your spot for App Install Push — seats are limited.,Lead Generation,Text,45-54,UAE,8309,7038,61,162,35,19,64,280,0,11,1,154.51
1394,2025-05-08,LinkedIn,Holiday Promo,LI-250508-01394,Ready to dive in? Click through for Holiday Promo.,Traffic,Story,55+,UAE,5802,3394,59,81,14,9,21,125,1256,5,6,96.9
1395,2025-05-08,TikTok,Lead Gen - Webinar,TT-250508-01395,Discover what makes Lead Gen - Webinar different. #NewLaunch,Awareness,Video,45-54,Brazil,14343,9189,176,1174,258,158,347,1937,6699,85,17,108.03
1396,2025-05-08,TikTok,Retargeting Campaign,TT-250508-01396,Tell us what you think in the comments! Retargeting Campaign,Engagement,Story,45-54,USA,36954,29983,578,1024,169,120,460,1773,10393,22,40,242.96
1397,2025-05-08,X (Twitter),Lead Gen - Webinar,XT-250508-01397,Don't miss out — Lead Gen - Webinar ends soon.,Conversions,Video,25-34,UK,14447,13001,150,124,17,19,56,216,6907,8,6,106.22
1398,2025-05-08,YouTube,Summer Sale Launch,YT-250508-01398,This is more than a campaign — it's a movement. Summer Sale Launch,Awareness,Story,18-24,Germany,11789,8993,65,259,55,22,54,390,4393,9,6,108.57
1399,2025-05-09,Facebook,Holiday Promo,FB-250509-01399,This is more than a campaign — it's a movement. Holiday Promo,Awareness,Video,45-54,Brazil,13960,11092,245,438,96,38,88,660,8121,12,25,124.94
1400,2025-05-09,Facebook,Product Demo Series,FB-250509-01400,Limited time only. Shop Product Demo Series now.,Conversions,Video,45-54,Germany,14228,9782,193,321,46,35,127,529,3615,17,19,82.18
1401,2025-05-09,Instagram,Holiday Promo,IG-250509-01401,Download now and experience Holiday Promo.,App Installs,Video,45-54,USA,34773,25258,390,975,149,111,289,1524,13204,45,28,287.72
1402,2025-05-09,LinkedIn,Brand Awareness Q3,LI-250509-01402,Install today and unlock Brand Awareness Q3.,App Installs,Image,18-24,USA,4969,3975,29,65,8,6,26,105,0,3,2,59.3
1403,2025-05-09,LinkedIn,New Feature Announcement,LI-250509-01403,Sign up now for exclusive access to New Feature Announcement.,Lead Generation,Image,55+,UK,5532,3706,28,108,18,16,33,175,0,5,1,83.73
1404,2025-05-09,LinkedIn,Retargeting Campaign,LI-250509-01404,Get the app. Get Retargeting Campaign.,App Installs,Reel,18-24,UK,5888,4772,61,43,10,7,15,75,2583,2,1,113.21
1405,2025-05-09,TikTok,Brand Awareness Q3,TT-250509-01405,Reserve your spot for Brand Awareness Q3 — seats are limited.,Lead Generation,Text,45-54,UAE,1570,974,24,99,17,10,32,158,0,6,1,9.81
1406,2025-05-09,TikTok,Influencer Collab,TT-250509-01406,Available now on iOS and Android — Influencer Collab.,App Installs,Story,35-44,USA,34043,21274,527,2558,455,305,1243,4561,17948,212,30,178.52
1407,2025-05-09,TikTok,Retargeting Campaign,TT-250509-01407,Get exclusive access to Retargeting Campaign today.,Conversions,Text,45-54,USA,22758,14001,355,1912,237,222,431,2802,0,113,12,151.31
1408,2025-05-09,TikTok,Summer Sale Launch,TT-250509-01408,Link in bio to learn more about Summer Sale Launch.,Traffic,Carousel,25-34,UAE,21271,12051,213,1361,187,117,374,2039,0,97,10,156.28
1409,2025-05-09,X (Twitter),App Install Push,XT-250509-01409,Your next favorite thing is one click away. App Install Push,Conversions,Story,35-44,India,7291,6335,38,117,16,14,60,207,3530,10,3,44.05
1410,2025-05-09,YouTube,Holiday Promo,YT-250509-01410,Reserve your spot for Holiday Promo — seats are limited.,Lead Generation,Text,55+,UK,15082,11512,64,241,42,41,50,374,0,18,2,134.63
1411,2025-05-09,YouTube,Summer Sale Launch,YT-250509-01411,Join thousands who've already signed up for Summer Sale Launch.,Lead Generation,Reel,25-34,India,12265,7125,110,285,35,36,64,420,2931,8,11,125.56
1412,2025-05-10,Facebook,Holiday Promo,FB-250510-01412,Get the app. Get Holiday Promo.,App Installs,Carousel,18-24,UK,12914,10293,132,205,48,40,80,373,0,7,10,94.58
1413,2025-05-10,Facebook,Product Demo Series,FB-250510-01413,Limited time only. Shop Product Demo Series now.,Conversions,Carousel,25-34,USA,20843,18155,231,281,48,41,85,455,0,22,5,157.43
1414,2025-05-10,Instagram,Brand Awareness Q3,IG-250510-01414,Ready to dive in? Click through for Brand Awareness Q3.,Traffic,Image,45-54,India,11146,9086,120,657,91,104,133,985,0,42,10,105.04
1415,2025-05-10,Instagram,Product Demo Series,IG-250510-01415,Discover what makes Product Demo Series different. #NewLaunch,Awareness,Video,25-34,USA,15935,14208,148,343,60,49,46,498,3398,10,15,139.5
1416,2025-05-10,Instagram,Summer Sale Launch,IG-250510-01416,Limited time only. Shop Summer Sale Launch now.,Conversions,Image,55+,Brazil,30335,26243,202,1269,311,174,332,2086,0,75,11,213.88
1417,2025-05-10,TikTok,Holiday Promo,TT-250510-01417,Get exclusive access to Holiday Promo today.,Conversions,Reel,18-24,Brazil,30830,23148,437,1853,289,290,685,3117,6172,107,12,159.77
1418,2025-05-10,TikTok,Retargeting Campaign,TT-250510-01418,Get exclusive access to Retargeting Campaign today.,Conversions,Carousel,35-44,UAE,33939,23495,690,3086,649,222,459,4416,0,105,23,149.34
1419,2025-05-10,X (Twitter),Retargeting Campaign,XT-250510-01419,Download now and experience Retargeting Campaign.,App Installs,Story,45-54,India,6753,4982,88,123,23,21,13,180,3235,6,9,43.35
1420,2025-05-10,X (Twitter),Summer Sale Launch,XT-250510-01420,Get exclusive access to Summer Sale Launch today.,Conversions,Video,25-34,Brazil,13112,8933,135,167,27,30,35,259,7449,7,14,120.84
1421,2025-05-10,YouTube,App Install Push,YT-250510-01421,Double tap if you agree! App Install Push,Engagement,Video,18-24,Brazil,8798,6512,53,248,40,46,100,434,2715,4,5,73.77
1422,2025-05-10,YouTube,Brand Awareness Q3,YT-250510-01422,Get the free guide: Brand Awareness Q3.,Lead Generation,Text,55+,UK,18986,14337,155,442,113,52,187,794,0,13,13,196.13
1423,2025-05-10,YouTube,Lead Gen - Webinar,YT-250510-01423,Discover what makes Lead Gen - Webinar different. #NewLaunch,Awareness,Video,55+,Germany,11534,6650,80,378,47,66,68,559,2364,9,2,130.29
1424,2025-05-11,Facebook,Holiday Promo,FB-250511-01424,Your next favorite thing is one click away. Holiday Promo,Conversions,Reel,25-34,UAE,11453,9142,192,302,40,52,78,472,6776,15,15,77.29
1425,2025-05-11,Facebook,Lead Gen - Webinar,FB-250511-01425,Download now and experience Lead Gen - Webinar.,App Installs,Carousel,35-44,Brazil,20325,17459,187,627,85,73,161,946,0,21,10,158.23
1426,2025-05-11,Facebook,Product Demo Series,FB-250511-01426,Available now on iOS and Android — Product Demo Series.,App Installs,Text,55+,Brazil,17635,13539,99,433,96,51,90,670,0,31,7,163.43
1427,2025-05-11,Facebook,Retargeting Campaign,FB-250511-01427,Tag a friend who needs to see this. Retargeting Campaign,Engagement,Reel,18-24,USA,22295,17917,242,298,36,44,68,446,5864,13,25,119.73
1428,2025-05-11,Instagram,Brand Awareness Q3,IG-250511-01428,Link in bio to learn more about Brand Awareness Q3.,Traffic,Story,55+,Germany,28581,22106,382,1305,273,106,290,1974,6510,59,31,291.37
1429,2025-05-11,Instagram,Product Demo Series,IG-250511-01429,Your next favorite thing is one click away. Product Demo Series,Conversions,Text,55+,UAE,39574,24455,364,1854,427,296,774,3351,0,82,37,265.67
1430,2025-05-11,TikTok,Brand Awareness Q3,TT-250511-01430,"You asked, we delivered. Introducing Brand Awareness Q3.",Awareness,Story,55+,USA,28258,17021,557,1288,277,153,202,1920,11636,71,55,162.01
1431,2025-05-11,TikTok,Holiday Promo,TT-250511-01431,Link in bio to learn more about Holiday Promo.,Traffic,Story,25-34,USA,19049,16109,190,1448,323,172,523,2466,9508,79,9,105.43
1432,2025-05-11,TikTok,New Feature Announcement,TT-250511-01432,Get the free guide: New Feature Announcement.,Lead Generation,Text,55+,USA,19527,13068,277,839,143,122,260,1364,0,40,32,101.53
1433,2025-05-11,TikTok,Summer Sale Launch,TT-250511-01433,Ready to dive in? Click through for Summer Sale Launch.,Traffic,Reel,55+,Brazil,24359,14100,446,1560,209,208,275,2252,11913,87,36,123.95
1434,2025-05-11,X (Twitter),Holiday Promo,XT-250511-01434,Swipe up to explore Holiday Promo today.,Traffic,Video,55+,Brazil,10096,5825,88,166,24,23,54,267,5289,7,5,67.64
1435,2025-05-11,X (Twitter),Product Demo Series,XT-250511-01435,Full details on our site — Product Demo Series.,Traffic,Carousel,35-44,India,9678,6414,49,201,36,19,36,292,0,13,3,57.66
1436,2025-05-11,X (Twitter),Retargeting Campaign,XT-250511-01436,Join thousands who've already signed up for Retargeting Campaign.,Lead Generation,Video,45-54,UAE,3848,3311,21,28,7,2,14,51,775,1,1,34.1
1437,2025-05-11,X (Twitter),Summer Sale Launch,XT-250511-01437,Reserve your spot for Summer Sale Launch — seats are limited.,Lead Generation,Carousel,18-24,USA,6106,3757,72,99,13,15,33,160,0,6,6,53.54
1438,2025-05-12,Instagram,Holiday Promo,IG-250512-01438,Get the app. Get Holiday Promo.,App Installs,Story,45-54,USA,34335,26024,426,897,208,151,287,1543,14607,60,32,331.29
1439,2025-05-12,Instagram,Lead Gen - Webinar,IG-250512-01439,Download now and experience Lead Gen - Webinar.,App Installs,Carousel,35-44,India,30126,22585,397,699,146,100,272,1217,0,48,39,287.08
1440,2025-05-12,Instagram,Product Demo Series,IG-250512-01440,This is more than a campaign — it's a movement. Product Demo Series,Awareness,Carousel,35-44,Brazil,21693,14260,119,413,93,78,102,686,0,31,13,236.18
1441,2025-05-12,LinkedIn,App Install Push,LI-250512-01441,Link in bio to learn more about App Install Push.,Traffic,Reel,25-34,USA,6504,4748,27,143,18,14,34,209,3002,6,1,125.58
1442,2025-05-12,LinkedIn,Retargeting Campaign,LI-250512-01442,Big things are coming. Stay tuned for Retargeting Campaign.,Awareness,Image,18-24,India,6651,3719,26,175,32,19,27,253,0,11,2,130.87
1443,2025-05-12,TikTok,Summer Sale Launch,TT-250512-01443,Tag a friend who needs to see this. Summer Sale Launch,Engagement,Video,35-44,Germany,41827,33374,718,1265,189,232,446,2132,14075,103,28,306.88
1444,2025-05-12,X (Twitter),App Install Push,XT-250512-01444,Limited time only. Shop App Install Push now.,Conversions,Story,18-24,Germany,13205,8992,133,179,48,24,74,325,3329,13,9,116.16
1445,2025-05-12,X (Twitter),Holiday Promo,XT-250512-01445,Reserve your spot for Holiday Promo — seats are limited.,Lead Generation,Carousel,18-24,USA,13371,9821,99,226,38,25,100,389,0,6,5,96.42
1446,2025-05-12,YouTube,Brand Awareness Q3,YT-250512-01446,Download now and experience Brand Awareness Q3.,App Installs,Image,25-34,Brazil,11813,8476,49,200,42,30,29,301,0,3,1,115.1
1447,2025-05-12,YouTube,Lead Gen - Webinar,YT-250512-01447,Available now on iOS and Android — Lead Gen - Webinar.,App Installs,Video,35-44,Germany,24654,18705,141,354,84,65,133,636,7334,6,11,273.91
1448,2025-05-12,YouTube,Summer Sale Launch,YT-250512-01448,Available now on iOS and Android — Summer Sale Launch.,App Installs,Reel,55+,USA,14306,12586,80,202,28,22,68,320,3497,3,4,114.91
1449,2025-05-13,Facebook,Holiday Promo,FB-250513-01449,Full details on our site — Holiday Promo.,Traffic,Story,35-44,UK,18429,12836,111,492,66,90,130,778,3688,35,11,106.37
1450,2025-05-13,Facebook,New Feature Announcement,FB-250513-01450,Install today and unlock New Feature Announcement.,App Installs,Text,35-44,Brazil,12716,10873,117,336,77,41,60,514,0,21,12,95.34
1451,2025-05-13,Instagram,Summer Sale Launch,IG-250513-01451,Available now on iOS and Android — Summer Sale Launch.,App Installs,Carousel,35-44,USA,19183,14346,104,1049,177,126,232,1584,0,31,5,208.92
1452,2025-05-13,LinkedIn,Holiday Promo,LI-250513-01452,Sign up now for exclusive access to Holiday Promo.,Lead Generation,Image,25-34,Brazil,3249,2618,22,46,10,8,8,72,0,2,1,36.56
1453,2025-05-13,LinkedIn,Influencer Collab,LI-250513-01453,Reserve your spot for Influencer Collab — seats are limited.,Lead Generation,Reel,45-54,UK,7785,6509,59,66,8,9,21,104,4108,4,2,133.15
1454,2025-05-13,LinkedIn,Product Demo Series,LI-250513-01454,Your next favorite thing is one click away. Product Demo Series,Conversions,Text,55+,UK,4066,2798,45,48,8,4,20,80,0,3,2,61.49
1455,2025-05-13,LinkedIn,Retargeting Campaign,LI-250513-01455,Get the free guide: Retargeting Campaign.,Lead Generation,Carousel,25-34,USA,8804,6080,35,174,45,16,77,312,0,8,3,132.19
1456,2025-05-13,TikTok,Brand Awareness Q3,TT-250513-01456,Link in bio to learn more about Brand Awareness Q3.,Traffic,Image,25-34,USA,21858,13683,408,1734,267,215,304,2520,0,100,18,125.14
1457,2025-05-13,TikTok,Holiday Promo,TT-250513-01457,Get the free guide: Holiday Promo.,Lead Generation,Image,35-44,UAE,23877,18034,503,1137,136,84,333,1690,0,70,48,176.47
1458,2025-05-13,TikTok,New Feature Announcement,TT-250513-01458,Your next favorite thing is one click away. New Feature Announcement,Conversions,Image,45-54,UK,42373,33798,702,2207,327,291,887,3712,0,101,28,183.04
1459,2025-05-13,X (Twitter),App Install Push,XT-250513-01459,Tell us what you think in the comments! App Install Push,Engagement,Carousel,18-24,Germany,8774,7709,121,150,23,13,74,260,0,5,11,51.66
1460,2025-05-13,X (Twitter),Summer Sale Launch,XT-250513-01460,Your next favorite thing is one click away. Summer Sale Launch,Conversions,Reel,18-24,India,6365,4400,81,131,22,21,29,203,1516,2,2,49.72
1461,2025-05-13,YouTube,App Install Push,YT-250513-01461,Full details on our site — App Install Push.,Traffic,Text,18-24,Germany,19917,17437,75,318,42,45,60,465,0,9,2,202.71
1462,2025-05-14,Facebook,New Feature Announcement,FB-250514-01462,Join thousands who've already signed up for New Feature Announcement.,Lead Generation,Reel,18-24,UK,8388,6268,53,294,60,31,43,428,3863,13,1,58.38
1463,2025-05-14,Facebook,Retargeting Campaign,FB-250514-01463,This is more than a campaign — it's a movement. Retargeting Campaign,Awareness,Carousel,25-34,UK,11136,6302,140,354,48,43,87,532,0,8,12,68.8
1464,2025-05-14,Instagram,Holiday Promo,IG-250514-01464,Get exclusive access to Holiday Promo today.,Conversions,Text,55+,USA,25439,14561,148,646,123,88,146,1003,0,13,8,182.6
1465,2025-05-14,Instagram,Summer Sale Launch,IG-250514-01465,Double tap if you agree! Summer Sale Launch,Engagement,Text,18-24,India,7628,5415,96,222,52,39,54,367,0,5,4,72.9
1466,2025-05-14,LinkedIn,Holiday Promo,LI-250514-01466,Reserve your spot for Holiday Promo — seats are limited.,Lead Generation,Image,35-44,India,3643,2503,30,54,9,6,24,93,0,2,2,72.45
1467,2025-05-14,LinkedIn,Retargeting Campaign,LI-250514-01467,Install today and unlock Retargeting Campaign.,App Installs,Carousel,18-24,Brazil,7075,5009,48,63,15,12,22,112,0,1,1,88.66
1468,2025-05-14,TikTok,Brand Awareness Q3,TT-250514-01468,Full details on our site — Brand Awareness Q3.,Traffic,Text,25-34,Germany,12504,9539,225,617,123,109,98,947,0,12,8,55.92
1469,2025-05-14,TikTok,Holiday Promo,TT-250514-01469,Big things are coming. Stay tuned for Holiday Promo.,Awareness,Carousel,18-24,UAE,11219,7059,233,972,216,142,173,1503,0,20,27,48.68
1470,2025-05-14,TikTok,Product Demo Series,TT-250514-01470,Double tap if you agree! Product Demo Series,Engagement,Video,35-44,Germany,33243,24969,275,1308,262,149,482,2201,10625,61,25,149.81
1471,2025-05-14,YouTube,Brand Awareness Q3,YT-250514-01471,Discover what makes Brand Awareness Q3 different. #NewLaunch,Awareness,Image,55+,UAE,19353,11997,161,232,42,44,81,399,0,11,5,145.66
1472,2025-05-14,YouTube,Holiday Promo,YT-250514-01472,Full details on our site — Holiday Promo.,Traffic,Image,18-24,Brazil,7468,6470,33,128,21,9,32,190,0,9,0,74.22
1473,2025-05-14,YouTube,New Feature Announcement,YT-250514-01473,Sign up now for exclusive access to New Feature Announcement.,Lead Generation,Carousel,45-54,UAE,17039,10132,141,412,69,69,52,602,0,28,10,214.37
1474,2025-05-15,Facebook,App Install Push,FB-250515-01474,Full details on our site — App Install Push.,Traffic,Text,45-54,India,16430,9951,221,606,110,76,95,887,0,20,26,114.84
1475,2025-05-15,Instagram,Brand Awareness Q3,IG-250515-01475,Get the app. Get Brand Awareness Q3.,App Installs,Story,18-24,India,3674,2945,48,70,11,10,11,102,1961,1,3,39.13
1476,2025-05-15,Instagram,New Feature Announcement,IG-250515-01476,Big things are coming. Stay tuned for New Feature Announcement.,Awareness,Image,45-54,India,19507,17105,115,468,116,82,133,799,0,34,3,200.39
1477,2025-05-15,Instagram,Retargeting Campaign,IG-250515-01477,Your next favorite thing is one click away. Retargeting Campaign,Conversions,Reel,25-34,USA,13436,9667,131,267,57,38,60,422,4629,13,11,97.58
1478,2025-05-15,Instagram,Summer Sale Launch,IG-250515-01478,Tell us what you think in the comments! Summer Sale Launch,Engagement,Text,55+,Brazil,19947,13820,141,879,175,146,106,1306,0,35,6,220.76
1479,2025-05-15,LinkedIn,New Feature Announcement,LI-250515-01479,Discover what makes New Feature Announcement different. #NewLaunch,Awareness,Video,18-24,India,7183,4464,63,103,23,8,31,165,3125,3,6,109.38
1480,2025-05-15,TikTok,App Install Push,TT-250515-01480,Get the free guide: App Install Push.,Lead Generation,Carousel,55+,India,35797,25443,750,1107,170,131,600,2008,0,45,52,155.35
1481,2025-05-15,TikTok,Brand Awareness Q3,TT-250515-01481,Double tap if you agree! Brand Awareness Q3,Engagement,Video,25-34,Brazil,32294,24639,421,2722,623,216,721,4282,16083,197,38,213.31
1482,2025-05-15,TikTok,Product Demo Series,TT-250515-01482,Available now on iOS and Android — Product Demo Series.,App Installs,Image,18-24,India,22442,15466,392,1566,239,204,807,2816,0,53,18,116.2
1483,2025-05-15,TikTok,Summer Sale Launch,TT-250515-01483,Full details on our site — Summer Sale Launch.,Traffic,Carousel,35-44,UK,29919,18263,325,2287,368,339,723,3717,0,118,14,143.52
1484,2025-05-15,X (Twitter),Summer Sale Launch,XT-250515-01484,Install today and unlock Summer Sale Launch.,App Installs,Text,55+,USA,11390,8223,153,211,38,26,98,373,0,15,15,62.41
1485,2025-05-15,YouTube,Summer Sale Launch,YT-250515-01485,Get the app. Get Summer Sale Launch.,App Installs,Text,45-54,Brazil,15042,10007,81,147,34,12,53,246,0,6,1,140.67
1486,2025-05-16,Facebook,Brand Awareness Q3,FB-250516-01486,We want to hear your story. Share below. Brand Awareness Q3,Engagement,Text,55+,India,14179,12030,188,172,22,28,52,274,0,11,12,98.88
1487,2025-05-16,Instagram,Product Demo Series,IG-250516-01487,Ready to dive in? Click through for Product Demo Series.,Traffic,Reel,55+,UK,19411,11426,172,982,202,160,226,1570,7452,28,18,139.66
1488,2025-05-16,LinkedIn,App Install Push,LI-250516-01488,Get exclusive access to App Install Push today.,Conversions,Story,18-24,Germany,4396,3757,37,106,21,17,35,179,2602,5,3,62.15
1489,2025-05-16,LinkedIn,Product Demo Series,LI-250516-01489,Sign up now for exclusive access to Product Demo Series.,Lead Generation,Video,55+,UK,4836,2789,45,44,6,4,16,70,2586,2,4,97.72
1490,2025-05-16,TikTok,Holiday Promo,TT-250516-01490,Big things are coming. Stay tuned for Holiday Promo.,Awareness,Carousel,55+,India,44119,37252,826,2283,360,168,453,3264,0,48,27,252.49
1491,2025-05-16,TikTok,Influencer Collab,TT-250516-01491,Get exclusive access to Influencer Collab today.,Conversions,Story,25-34,Germany,28721,19731,638,1087,256,181,198,1722,11368,65,74,240.46
1492,2025-05-16,TikTok,Lead Gen - Webinar,TT-250516-01492,Big things are coming. Stay tuned for Lead Gen - Webinar.,Awareness,Story,18-24,Germany,47522,26210,332,2248,601,265,941,4055,19427,102,8,293.93
1493,2025-05-16,TikTok,Product Demo Series,TT-250516-01493,Limited time only. Shop Product Demo Series now.,Conversions,Reel,45-54,UK,36838,23890,288,2192,368,220,1128,3908,15794,189,13,164.49
1494,2025-05-16,X (Twitter),New Feature Announcement,XT-250516-01494,Sign up now for exclusive access to New Feature Announcement.,Lead Generation,Image,45-54,UAE,8257,6709,91,106,19,12,21,158,0,1,9,43.61
1495,2025-05-16,X (Twitter),Retargeting Campaign,XT-250516-01495,This is more than a campaign — it's a movement. Retargeting Campaign,Awareness,Carousel,55+,UAE,12303,10483,110,214,28,27,42,311,0,9,10,103.33
1496,2025-05-17,Facebook,App Install Push,FB-250517-01496,Available now on iOS and Android — App Install Push.,App Installs,Carousel,45-54,UAE,10933,9765,166,353,60,50,123,586,0,9,19,60.02
1497,2025-05-17,Facebook,Influencer Collab,FB-250517-01497,Swipe up to explore Influencer Collab today.,Traffic,Image,35-44,Brazil,11949,6977,99,164,30,13,28,235,0,6,9,64.0
1498,2025-05-17,Instagram,Product Demo Series,IG-250517-01498,Sign up now for exclusive access to Product Demo Series.,Lead Generation,Carousel,45-54,Brazil,8596,5151,96,283,52,39,39,413,0,19,2,76.94
1499,2025-05-17,Instagram,Retargeting Campaign,IG-250517-01499,"You asked, we delivered. Introducing Retargeting Campaign.",Awareness,Video,25-34,India,29240,24795,404,1615,328,222,563,2728,15861,126,14,262.47
1500,2025-05-17,LinkedIn,App Install Push,LI-250517-01500,Join thousands who've already signed up for App Install Push.,Lead Generation,Reel,45-54,UK,6652,4825,54,82,16,11,34,143,3167,1,4,93.86
1501,2025-05-17,LinkedIn,Influencer Collab,LI-250517-01501,Link in bio to learn more about Influencer Collab.,Traffic,Story,18-24,USA,3928,3501,30,68,13,9,25,115,1182,2,0,51.92
1502,2025-05-17,LinkedIn,Summer Sale Launch,LI-250517-01502,Reserve your spot for Summer Sale Launch — seats are limited.,Lead Generation,Reel,45-54,Germany,1037,587,4,14,2,2,7,25,596,0,0,19.21
1503,2025-05-17,TikTok,Holiday Promo,TT-250517-01503,Discover what makes Holiday Promo different. #NewLaunch,Awareness,Text,55+,India,28713,17725,596,2367,332,399,709,3807,0,173,33,204.67
1504,2025-05-17,X (Twitter),New Feature Announcement,XT-250517-01504,Tag a friend who needs to see this. New Feature Announcement,Engagement,Video,55+,UAE,16163,12332,149,219,36,38,32,325,3558,11,12,110.76
1505,2025-05-17,X (Twitter),Retargeting Campaign,XT-250517-01505,Get the free guide: Retargeting Campaign.,Lead Generation,Story,25-34,UK,7742,5959,123,116,14,16,31,177,3933,3,12,65.03
1506,2025-05-17,X (Twitter),Summer Sale Launch,XT-250517-01506,Get the free guide: Summer Sale Launch.,Lead Generation,Image,45-54,UK,5824,4895,72,55,10,7,19,91,0,4,4,52.36
1507,2025-05-17,YouTube,Influencer Collab,YT-250517-01507,Full details on our site — Influencer Collab.,Traffic,Image,55+,USA,13240,7458,102,218,39,19,56,332,0,13,6,170.12
1508,2025-05-17,YouTube,Lead Gen - Webinar,YT-250517-01508,Link in bio to learn more about Lead Gen - Webinar.,Traffic,Story,18-24,Brazil,10961,7721,86,364,44,34,89,531,5002,25,5,107.65
1509,2025-05-17,YouTube,Summer Sale Launch,YT-250517-01509,Get the app. Get Summer Sale Launch.,App Installs,Carousel,35-44,Brazil,20293,13562,190,236,41,27,74,378,0,14,6,222.06
1510,2025-05-18,Facebook,Brand Awareness Q3,FB-250518-01510,We want to hear your story. Share below. Brand Awareness Q3,Engagement,Video,18-24,USA,14167,8954,111,164,36,15,36,251,8090,9,10,121.75
1511,2025-05-18,Facebook,Influencer Collab,FB-250518-01511,Double tap if you agree! Influencer Collab,Engagement,Reel,45-54,Germany,14764,9875,194,370,56,47,151,624,8353,7,16,109.69
1512,2025-05-18,Facebook,Summer Sale Launch,FB-250518-01512,Your next favorite thing is one click away. Summer Sale Launch,Conversions,Text,55+,India,6942,5729,115,171,39,34,52,296,0,6,10,57.59
1513,2025-05-18,Instagram,Retargeting Campaign,IG-250518-01513,Install today and unlock Retargeting Campaign.,App Installs,Image,25-34,UAE,21529,14477,212,625,149,116,246,1136,0,35,11,215.88
1514,2025-05-18,LinkedIn,New Feature Announcement,LI-250518-01514,Limited time only. Shop New Feature Announcement now.,Conversions,Story,55+,UK,4482,3706,43,68,14,14,22,118,927,2,1,73.82
1515,2025-05-18,TikTok,App Install Push,TT-250518-01515,Get the app. Get App Install Push.,App Installs,Video,45-54,UK,35549,30063,390,1482,363,215,473,2533,16082,64,24,247.27
1516,2025-05-18,TikTok,Summer Sale Launch,TT-250518-01516,Your next favorite thing is one click away. Summer Sale Launch,Conversions,Video,35-44,UAE,22367,16234,304,1442,299,275,444,2460,11391,113,35,179.49
1517,2025-05-18,YouTube,Summer Sale Launch,YT-250518-01517,Install today and unlock Summer Sale Launch.,App Installs,Carousel,45-54,India,22515,19694,161,562,92,85,238,977,0,21,13,176.16
1518,2025-05-19,Facebook,Lead Gen - Webinar,FB-250519-01518,Get the free guide: Lead Gen - Webinar.,Lead Generation,Image,55+,India,22085,12712,281,548,123,56,147,874,0,20,24,120.67
1519,2025-05-19,Facebook,New Feature Announcement,FB-250519-01519,Ready to dive in? Click through for New Feature Announcement.,Traffic,Video,25-34,India,13973,9797,86,390,64,46,89,589,3659,17,3,79.83
1520,2025-05-19,LinkedIn,Product Demo Series,LI-250519-01520,Get the app. Get Product Demo Series.,App Installs,Carousel,18-24,Brazil,3509,2230,31,63,9,9,17,98,0,2,2,51.43
1521,2025-05-19,LinkedIn,Summer Sale Launch,LI-250519-01521,Limited time only. Shop Summer Sale Launch now.,Conversions,Reel,45-54,India,6253,4203,62,85,20,11,29,145,2887,2,3,64.54
1522,2025-05-19,TikTok,New Feature Announcement,TT-250519-01522,Discover what makes New Feature Announcement different. #NewLaunch,Awareness,Image,55+,India,36093,28087,646,2627,447,487,580,4141,0,98,59,244.26
1523,2025-05-19,X (Twitter),Lead Gen - Webinar,XT-250519-01523,Don't miss out — Lead Gen - Webinar ends soon.,Conversions,Reel,55+,Germany,9332,7731,90,132,27,12,23,194,5226,4,6,53.27
1524,2025-05-19,X (Twitter),New Feature Announcement,XT-250519-01524,Get exclusive access to New Feature Announcement today.,Conversions,Text,18-24,UK,11621,9301,161,111,23,18,36,188,0,4,14,94.26
1525,2025-05-19,X (Twitter),Product Demo Series,XT-250519-01525,Install today and unlock Product Demo Series.,App Installs,Text,55+,Germany,4410,2667,55,36,7,5,5,53,0,2,3,40.02
1526,2025-05-19,X (Twitter),Retargeting Campaign,XT-250519-01526,Sign up now for exclusive access to Retargeting Campaign.,Lead Generation,Video,45-54,Brazil,9582,6477,49,127,19,23,56,225,3891,11,5,46.04
1527,2025-05-19,YouTube,Influencer Collab,YT-250519-01527,Your next favorite thing is one click away. Influencer Collab,Conversions,Reel,18-24,Brazil,11719,7093,36,283,75,49,99,506,5502,5,1,136.65
1528,2025-05-19,YouTube,Retargeting Campaign,YT-250519-01528,Available now on iOS and Android — Retargeting Campaign.,App Installs,Video,55+,Germany,15221,8465,70,255,36,31,75,397,8973,4,4,150.06
1529,2025-05-20,Facebook,App Install Push,FB-250520-01529,Get exclusive access to App Install Push today.,Conversions,Reel,25-34,Brazil,30717,23707,311,892,108,108,220,1328,14147,40,23,283.59
1530,2025-05-20,Facebook,Lead Gen - Webinar,FB-250520-01530,Swipe up to explore Lead Gen - Webinar today.,Traffic,Reel,18-24,Germany,15905,12629,130,201,29,32,62,324,6791,6,7,103.34
1531,2025-05-20,Instagram,Retargeting Campaign,IG-250520-01531,Get the free guide: Retargeting Campaign.,Lead Generation,Image,45-54,India,24617,16796,309,544,99,77,248,968,0,40,17,217.98
1532,2025-05-20,LinkedIn,Holiday Promo,LI-250520-01532,Join thousands who've already signed up for Holiday Promo.,Lead Generation,Story,55+,UAE,5835,3989,49,151,36,17,38,242,2089,5,1,61.05
1533,2025-05-20,LinkedIn,Influencer Collab,LI-250520-01533,"You asked, we delivered. Introducing Influencer Collab.",Awareness,Video,55+,USA,3915,3380,36,42,8,6,5,61,1877,1,2,41.65
1534,2025-05-20,X (Twitter),App Install Push,XT-250520-01534,Link in bio to learn more about App Install Push.,Traffic,Story,35-44,Germany,7338,4285,71,75,13,14,30,132,3264,3,6,45.48
1535,2025-05-20,X (Twitter),Brand Awareness Q3,XT-250520-01535,Swipe up to explore Brand Awareness Q3 today.,Traffic,Carousel,25-34,Brazil,7271,5695,101,93,12,9,24,138,0,3,5,36.11
1536,2025-05-20,X (Twitter),Influencer Collab,XT-250520-01536,Discover what makes Influencer Collab different. #NewLaunch,Awareness,Text,35-44,UAE,6171,3739,56,58,12,6,8,84,0,3,4,48.17
1537,2025-05-20,X (Twitter),Retargeting Campaign,XT-250520-01537,Join thousands who've already signed up for Retargeting Campaign.,Lead Generation,Text,35-44,UAE,4870,3497,73,74,12,13,33,132,0,4,5,42.56
1538,2025-05-20,YouTube,Holiday Promo,YT-250520-01538,Reserve your spot for Holiday Promo — seats are limited.,Lead Generation,Carousel,18-24,UAE,10109,7966,37,331,62,36,72,501,0,18,2,78.05
1539,2025-05-20,YouTube,Lead Gen - Webinar,YT-250520-01539,Join thousands who've already signed up for Lead Gen - Webinar.,Lead Generation,Image,35-44,India,14896,11464,44,418,73,71,70,632,0,21,3,189.05
1540,2025-05-20,YouTube,Product Demo Series,YT-250520-01540,Link in bio to learn more about Product Demo Series.,Traffic,Video,18-24,UAE,11545,8742,61,148,37,21,56,262,6338,8,4,124.77
1541,2025-05-21,Facebook,Influencer Collab,FB-250521-01541,Your next favorite thing is one click away. Influencer Collab,Conversions,Story,25-34,UAE,26195,15104,254,882,136,148,197,1363,15471,65,17,205.36
1542,2025-05-21,Facebook,Summer Sale Launch,FB-250521-01542,Get the free guide: Summer Sale Launch.,Lead Generation,Image,35-44,USA,6335,3887,59,85,14,13,11,123,0,3,6,47.33
1543,2025-05-21,Instagram,Influencer Collab,IG-250521-01543,Download now and experience Influencer Collab.,App Installs,Video,45-54,UK,30498,24074,428,804,155,152,160,1271,10322,39,30,210.28
1544,2025-05-21,Instagram,New Feature Announcement,IG-250521-01544,Your next favorite thing is one click away. New Feature Announcement,Conversions,Carousel,25-34,Germany,26263,18459,287,469,100,77,167,813,0,31,17,267.45
1545,2025-05-21,Instagram,Product Demo Series,IG-250521-01545,Get the free guide: Product Demo Series.,Lead Generation,Text,35-44,USA,21123,13210,100,933,229,155,315,1632,0,57,3,149.06
1546,2025-05-21,Instagram,Summer Sale Launch,IG-250521-01546,Tag a friend who needs to see this. Summer Sale Launch,Engagement,Story,45-54,India,10106,5660,85,578,77,100,143,898,3222,29,3,73.61
1547,2025-05-21,X (Twitter),Brand Awareness Q3,XT-250521-01547,Get the app. Get Brand Awareness Q3.,App Installs,Carousel,18-24,USA,9047,7828,116,105,16,19,26,166,0,4,9,75.31
1548,2025-05-21,X (Twitter),Product Demo Series,XT-250521-01548,Your next favorite thing is one click away. Product Demo Series,Conversions,Text,25-34,UK,9185,6204,60,90,13,12,48,163,0,4,6,84.86
1549,2025-05-21,X (Twitter),Retargeting Campaign,XT-250521-01549,Swipe up to explore Retargeting Campaign today.,Traffic,Story,55+,UK,12629,9353,131,204,46,21,72,343,5977,10,11,107.16
1550,2025-05-21,YouTube,Product Demo Series,YT-250521-01550,Tell us what you think in the comments! Product Demo Series,Engagement,Reel,25-34,India,19297,14489,120,506,79,48,165,798,4600,20,8,206.11
1551,2025-05-22,Facebook,Summer Sale Launch,FB-250522-01551,Reserve your spot for Summer Sale Launch — seats are limited.,Lead Generation,Image,18-24,USA,10649,6131,122,259,42,37,69,407,0,13,14,105.01
1552,2025-05-22,Instagram,Influencer Collab,IG-250522-01552,Swipe up to explore Influencer Collab today.,Traffic,Image,35-44,UAE,23093,16878,310,1262,175,159,243,1839,0,76,9,244.23
1553,2025-05-22,Instagram,Summer Sale Launch,IG-250522-01553,Reserve your spot for Summer Sale Launch — seats are limited.,Lead Generation,Story,45-54,UAE,31677,19450,395,1244,243,210,453,2150,17731,66,24,297.08
1554,2025-05-22,LinkedIn,Brand Awareness Q3,LI-250522-01554,This is more than a campaign — it's a movement. Brand Awareness Q3,Awareness,Text,45-54,Germany,7840,6483,80,200,47,32,46,325,0,12,7,85.2
1555,2025-05-22,LinkedIn,Holiday Promo,LI-250522-01555,Download now and experience Holiday Promo.,App Installs,Carousel,35-44,Germany,2249,1656,17,18,3,3,7,31,0,0,1,43.76
1556,2025-05-22,LinkedIn,Retargeting Campaign,LI-250522-01556,Available now on iOS and Android — Retargeting Campaign.,App Installs,Video,55+,UK,4469,3900,21,84,11,10,21,126,1902,5,2,56.28
1557,2025-05-22,LinkedIn,Summer Sale Launch,LI-250522-01557,Get the free guide: Summer Sale Launch.,Lead Generation,Carousel,25-34,Germany,6020,5195,51,130,22,19,35,206,0,4,3,116.6
1558,2025-05-22,TikTok,Retargeting Campaign,TT-250522-01558,Install today and unlock Retargeting Campaign.,App Installs,Carousel,45-54,Brazil,24561,16209,313,1624,321,261,239,2445,0,101,7,106.48
1559,2025-05-22,TikTok,Summer Sale Launch,TT-250522-01559,"You asked, we delivered. Introducing Summer Sale Launch.",Awareness,Story,18-24,Brazil,8842,4994,193,571,85,57,239,952,4959,30,4,43.37
1560,2025-05-22,X (Twitter),Influencer Collab,XT-250522-01560,Limited time only. Shop Influencer Collab now.,Conversions,Text,35-44,Brazil,7143,6057,40,61,12,5,18,96,0,3,4,65.31
1561,2025-05-22,YouTube,Summer Sale Launch,YT-250522-01561,Download now and experience Summer Sale Launch.,App Installs,Image,18-24,Brazil,16229,11659,128,271,62,50,52,435,0,8,5,207.97
1562,2025-05-23,Facebook,Brand Awareness Q3,FB-250523-01562,Your next favorite thing is one click away. Brand Awareness Q3,Conversions,Text,18-24,UAE,27416,22881,249,471,92,81,81,725,0,22,26,146.23
1563,2025-05-23,Facebook,Holiday Promo,FB-250523-01563,This is more than a campaign — it's a movement. Holiday Promo,Awareness,Carousel,18-24,India,26056,20366,164,588,119,59,86,852,0,20,10,158.28
1564,2025-05-23,Facebook,Lead Gen - Webinar,FB-250523-01564,Install today and unlock Lead Gen - Webinar.,App Installs,Carousel,35-44,UK,3141,2796,38,51,10,7,20,88,0,3,3,16.62
1565,2025-05-23,Facebook,Product Demo Series,FB-250523-01565,Install today and unlock Product Demo Series.,App Installs,Video,35-44,Germany,22571,17993,395,580,144,73,249,1046,6938,28,20,171.35
1566,2025-05-23,Instagram,Holiday Promo,IG-250523-01566,Install today and unlock Holiday Promo.,App Installs,Reel,25-34,USA,26215,20230,294,1374,217,161,364,2116,12570,101,6,285.46
1567,2025-05-23,Instagram,Influencer Collab,IG-250523-01567,Sign up now for exclusive access to Influencer Collab.,Lead Generation,Video,45-54,UAE,23025,17284,294,985,210,167,368,1730,12951,76,31,137.08
1568,2025-05-23,TikTok,Summer Sale Launch,TT-250523-01568,Get the app. Get Summer Sale Launch.,App Installs,Image,18-24,USA,14921,8836,221,453,58,40,159,710,0,7,17,97.14
1569,2025-05-23,X (Twitter),Holiday Promo,XT-250523-01569,Your next favorite thing is one click away. Holiday Promo,Conversions,Carousel,45-54,UAE,4718,3620,28,56,9,8,23,96,0,3,2,40.7
1570,2025-05-23,YouTube,Brand Awareness Q3,YT-250523-01570,Sign up now for exclusive access to Brand Awareness Q3.,Lead Generation,Text,25-34,Brazil,17804,15436,97,353,66,34,188,641,0,11,9,180.18
1571,2025-05-24,Facebook,App Install Push,FB-250524-01571,We want to hear your story. Share below. App Install Push,Engagement,Text,18-24,USA,23844,18928,401,376,56,65,85,582,0,24,34,137.64
1572,2025-05-24,Facebook,Holiday Promo,FB-250524-01572,We want to hear your story. Share below. Holiday Promo,Engagement,Reel,45-54,UK,16895,11252,288,570,80,89,140,879,9628,14,18,153.18
1573,2025-05-24,Instagram,Holiday Promo,IG-250524-01573,Available now on iOS and Android — Holiday Promo.,App Installs,Carousel,45-54,Brazil,41574,24217,342,1269,254,199,291,2013,0,74,34,271.27
1574,2025-05-24,Instagram,Influencer Collab,IG-250524-01574,Reserve your spot for Influencer Collab — seats are limited.,Lead Generation,Text,18-24,India,20620,17081,219,571,82,61,281,995,0,20,9,172.01
1575,2025-05-24,Instagram,Product Demo Series,IG-250524-01575,"You asked, we delivered. Introducing Product Demo Series.",Awareness,Image,55+,UAE,24759,14338,269,1580,256,139,294,2269,0,105,29,170.84
1576,2025-05-24,LinkedIn,App Install Push,LI-250524-01576,Get the app. Get App Install Push.,App Installs,Story,35-44,UK,4676,3152,50,105,14,12,46,177,2744,2,5,60.81
1577,2025-05-24,LinkedIn,Brand Awareness Q3,LI-250524-01577,Full details on our site — Brand Awareness Q3.,Traffic,Story,18-24,India,5752,4387,54,129,27,19,24,199,2861,5,2,89.56
1578,2025-05-24,TikTok,Holiday Promo,TT-250524-01578,Tell us what you think in the comments! Holiday Promo,Engagement,Text,45-54,USA,24116,20840,182,2059,462,202,447,3170,0,88,12,105.41
1579,2025-05-24,TikTok,Influencer Collab,TT-250524-01579,Limited time only. Shop Influencer Collab now.,Conversions,Story,18-24,Brazil,20426,13318,447,813,186,146,298,1443,7916,15,22,110.28
1580,2025-05-24,X (Twitter),Holiday Promo,XT-250524-01580,"You asked, we delivered. Introducing Holiday Promo.",Awareness,Reel,45-54,India,4244,3654,42,90,14,10,19,133,2424,5,3,39.05
1581,2025-05-24,YouTube,Retargeting Campaign,YT-250524-01581,Available now on iOS and Android — Retargeting Campaign.,App Installs,Carousel,18-24,USA,14499,12417,92,332,63,49,154,598,0,26,2,114.39
1582,2025-05-25,Facebook,Influencer Collab,FB-250525-01582,Tag a friend who needs to see this. Influencer Collab,Engagement,Carousel,45-54,USA,22519,14250,162,493,107,61,86,747,0,34,4,194.22
1583,2025-05-25,Facebook,Summer Sale Launch,FB-250525-01583,Swipe up to explore Summer Sale Launch today.,Traffic,Text,35-44,India,19634,16222,183,701,132,76,138,1047,0,24,11,156.3
1584,2025-05-25,LinkedIn,Holiday Promo,LI-250525-01584,Get the free guide: Holiday Promo.,Lead Generation,Image,45-54,UAE,4939,4120,38,98,18,15,11,142,0,4,2,67.88
1585,2025-05-25,LinkedIn,Influencer Collab,LI-250525-01585,"You asked, we delivered. Introducing Influencer Collab.",Awareness,Text,45-54,UAE,7609,6671,70,88,12,15,32,147,0,3,5,142.85
1586,2025-05-25,TikTok,App Install Push,TT-250525-01586,Double tap if you agree! App Install Push,Engagement,Video,18-24,UK,25559,14744,475,1926,367,302,210,2805,9476,129,39,187.42
1587,2025-05-25,TikTok,Retargeting Campaign,TT-250525-01587,Big things are coming. Stay tuned for Retargeting Campaign.,Awareness,Text,18-24,Germany,29403,24741,253,1096,190,134,154,1574,0,60,10,188.1
1588,2025-05-25,X (Twitter),New Feature Announcement,XT-250525-01588,Sign up now for exclusive access to New Feature Announcement.,Lead Generation,Carousel,18-24,India,12780,7408,144,207,35,17,43,302,0,5,4,95.67
1589,2025-05-25,X (Twitter),Summer Sale Launch,XT-250525-01589,Available now on iOS and Android — Summer Sale Launch.,App Installs,Text,35-44,India,3261,2442,44,55,11,11,17,94,0,4,3,16.91
1590,2025-05-25,YouTube,App Install Push,YT-250525-01590,Swipe up to explore App Install Push today.,Traffic,Text,25-34,UK,15075,8737,91,481,62,48,141,732,0,8,9,167.78
1591,2025-05-26,Facebook,App Install Push,FB-250526-01591,Get the free guide: App Install Push.,Lead Generation,Video,18-24,USA,25081,21102,220,520,71,56,242,889,9285,20,20,132.21
1592,2025-05-26,Instagram,Retargeting Campaign,IG-250526-01592,Swipe up to explore Retargeting Campaign today.,Traffic,Text,18-24,India,22643,17992,281,1113,250,155,182,1700,0,62,29,212.67
1593,2025-05-26,LinkedIn,App Install Push,LI-250526-01593,Big things are coming. Stay tuned for App Install Push.,Awareness,Video,55+,India,7254,5850,38,97,19,14,41,171,3732,3,3,147.05
1594,2025-05-26,LinkedIn,Influencer Collab,LI-250526-01594,Download now and experience Influencer Collab.,App Installs,Video,45-54,UAE,7348,6549,62,114,18,12,49,193,1472,3,7,105.1
1595,2025-05-26,TikTok,Retargeting Campaign,TT-250526-01595,Get the app. Get Retargeting Campaign.,App Installs,Reel,25-34,UAE,34097,27071,393,2037,382,360,380,3159,15922,154,46,271.85
1596,2025-05-26,X (Twitter),Brand Awareness Q3,XT-250526-01596,"You asked, we delivered. Introducing Brand Awareness Q3.",Awareness,Image,35-44,USA,14253,8574,122,189,37,18,38,282,0,13,5,109.65
1597,2025-05-26,X (Twitter),Lead Gen - Webinar,XT-250526-01597,"You asked, we delivered. Introducing Lead Gen - Webinar.",Awareness,Story,55+,USA,10591,6523,136,120,17,15,43,195,2533,8,9,55.62
1598,2025-05-26,YouTube,Brand Awareness Q3,YT-250526-01598,Ready to dive in? Click through for Brand Awareness Q3.,Traffic,Story,55+,India,9104,5273,44,185,29,27,73,314,3584,10,4,70.82
1599,2025-05-27,Facebook,Holiday Promo,FB-250527-01599,Link in bio to learn more about Holiday Promo.,Traffic,Video,18-24,Brazil,14494,10768,135,318,71,44,78,511,5268,15,6,103.67
1600,2025-05-27,Facebook,New Feature Announcement,FB-250527-01600,Sign up now for exclusive access to New Feature Announcement.,Lead Generation,Reel,25-34,USA,23064,17499,398,339,72,46,78,535,10256,20,31,132.11
1601,2025-05-27,Facebook,Retargeting Campaign,FB-250527-01601,Link in bio to learn more about Retargeting Campaign.,Traffic,Video,45-54,UK,9696,7771,117,235,34,39,43,351,5333,14,9,79.46
1602,2025-05-27,Facebook,Summer Sale Launch,FB-250527-01602,Tell us what you think in the comments! Summer Sale Launch,Engagement,Story,35-44,UAE,18446,15059,273,486,90,87,173,836,7640,18,7,189.17
1603,2025-05-27,Instagram,Product Demo Series,IG-250527-01603,Available now on iOS and Android — Product Demo Series.,App Installs,Story,35-44,USA,22252,16958,102,1182,259,110,206,1757,7430,57,6,203.67
1604,2025-05-27,TikTok,Brand Awareness Q3,TT-250527-01604,Tag a friend who needs to see this. Brand Awareness Q3,Engagement,Carousel,18-24,USA,20917,16966,185,777,134,99,271,1281,0,38,9,157.56
1605,2025-05-27,X (Twitter),App Install Push,XT-250527-01605,Install today and unlock App Install Push.,App Installs,Reel,55+,UK,4125,3398,21,91,18,14,14,137,1463,6,1,27.27
1606,2025-05-27,X (Twitter),Lead Gen - Webinar,XT-250527-01606,Discover what makes Lead Gen - Webinar different. #NewLaunch,Awareness,Image,18-24,India,10566,8111,62,170,25,31,55,281,0,3,3,81.18
1607,2025-05-27,X (Twitter),New Feature Announcement,XT-250527-01607,Get exclusive access to New Feature Announcement today.,Conversions,Reel,25-34,Brazil,14266,9935,131,110,20,14,32,176,7137,2,13,118.19
1608,2025-05-28,Facebook,New Feature Announcement,FB-250528-01608,Double tap if you agree! New Feature Announcement,Engagement,Text,45-54,Brazil,18034,12129,267,489,105,52,141,787,0,35,28,166.03
1609,2025-05-28,Facebook,Product Demo Series,FB-250528-01609,Get the free guide: Product Demo Series.,Lead Generation,Text,18-24,Brazil,17897,14113,156,558,105,108,154,925,0,37,14,116.71
1610,2025-05-28,Facebook,Retargeting Campaign,FB-250528-01610,This is more than a campaign — it's a movement. Retargeting Campaign,Awareness,Text,35-44,Germany,8376,6904,87,298,61,30,102,491,0,19,7,87.09
1611,2025-05-28,Instagram,Brand Awareness Q3,IG-250528-01611,Get the app. Get Brand Awareness Q3.,App Installs,Reel,35-44,India,33907,25928,162,1381,244,141,294,2060,16723,70,7,347.64
1612,2025-05-28,Instagram,Retargeting Campaign,IG-250528-01612,We want to hear your story. Share below. Retargeting Campaign,Engagement,Text,35-44,Brazil,30394,23693,183,836,136,90,311,1373,0,44,15,314.97
1613,2025-05-28,LinkedIn,Brand Awareness Q3,LI-250528-01613,Available now on iOS and Android — Brand Awareness Q3.,App Installs,Story,25-34,UK,7905,6539,43,132,22,20,30,204,4050,7,1,131.1
1614,2025-05-28,LinkedIn,New Feature Announcement,LI-250528-01614,This is more than a campaign — it's a movement. New Feature Announcement,Awareness,Video,18-24,UAE,9688,7963,71,177,30,24,38,269,3430,2,4,186.61
1615,2025-05-28,TikTok,Lead Gen - Webinar,TT-250528-01615,Discover what makes Lead Gen - Webinar different. #NewLaunch,Awareness,Story,18-24,USA,36403,27686,677,1877,250,167,676,2970,9747,124,17,279.71
1616,2025-05-28,TikTok,Retargeting Campaign,TT-250528-01616,Sign up now for exclusive access to Retargeting Campaign.,Lead Generation,Carousel,55+,Brazil,27869,16768,206,2227,544,450,542,3763,0,49,4,187.26
1617,2025-05-28,X (Twitter),App Install Push,XT-250528-01617,Don't miss out — App Install Push ends soon.,Conversions,Image,55+,UK,11199,7303,116,87,13,10,31,141,0,1,4,61.98
1618,2025-05-28,X (Twitter),Brand Awareness Q3,XT-250528-01618,Get exclusive access to Brand Awareness Q3 today.,Conversions,Story,25-34,UK,9078,5600,124,198,44,28,31,301,2994,3,5,52.61
1619,2025-05-28,X (Twitter),Holiday Promo,XT-250528-01619,We want to hear your story. Share below. Holiday Promo,Engagement,Image,55+,USA,12518,10915,135,153,30,27,34,244,0,11,6,70.23
1620,2025-05-28,YouTube,Retargeting Campaign,YT-250528-01620,We want to hear your story. Share below. Retargeting Campaign,Engagement,Story,25-34,Germany,14712,10571,83,333,78,47,83,541,3806,10,9,165.71
1621,2025-05-29,Facebook,Influencer Collab,FB-250529-01621,Install today and unlock Influencer Collab.,App Installs,Carousel,35-44,UK,18895,10821,192,260,54,24,108,446,0,11,15,145.3
1622,2025-05-29,Instagram,Holiday Promo,IG-250529-01622,Tag a friend who needs to see this. Holiday Promo,Engagement,Text,18-24,USA,6441,4496,91,153,21,17,52,243,0,6,10,56.47
1623,2025-05-29,Instagram,Product Demo Series,IG-250529-01623,Get the free guide: Product Demo Series.,Lead Generation,Carousel,45-54,UK,22545,16414,245,747,172,138,149,1206,0,53,8,245.28
1624,2025-05-29,Instagram,Summer Sale Launch,IG-250529-01624,Don't miss out — Summer Sale Launch ends soon.,Conversions,Image,18-24,UAE,17394,13165,231,733,180,91,277,1281,0,56,16,145.18
1625,2025-05-29,LinkedIn,App Install Push,LI-250529-01625,Big things are coming. Stay tuned for App Install Push.,Awareness,Video,45-54,Brazil,7565,5427,59,140,31,14,44,229,4248,10,5,119.39
1626,2025-05-29,LinkedIn,Holiday Promo,LI-250529-01626,Big things are coming. Stay tuned for Holiday Promo.,Awareness,Story,55+,USA,10347,8204,49,224,42,21,107,394,5964,15,4,162.28
1627,2025-05-29,X (Twitter),Influencer Collab,XT-250529-01627,Big things are coming. Stay tuned for Influencer Collab.,Awareness,Reel,25-34,UK,300,228,3,5,0,1,3,9,141,0,0,1.54
1628,2025-05-29,YouTube,Lead Gen - Webinar,YT-250529-01628,Get exclusive access to Lead Gen - Webinar today.,Conversions,Carousel,35-44,Brazil,21582,14329,132,375,50,47,153,625,0,9,11,271.18
1629,2025-05-30,Facebook,Influencer Collab,FB-250530-01629,Tag a friend who needs to see this. Influencer Collab,Engagement,Text,35-44,Germany,19901,13181,173,566,94,84,149,893,0,17,17,132.82
1630,2025-05-30,Facebook,Retargeting Campaign,FB-250530-01630,Double tap if you agree! Retargeting Campaign,Engagement,Image,45-54,India,11271,9020,112,251,58,22,66,397,0,19,9,61.12
1631,2025-05-30,Instagram,Holiday Promo,IG-250530-01631,Sign up now for exclusive access to Holiday Promo.,Lead Generation,Video,55+,Brazil,15058,13525,112,413,90,41,107,651,8546,8,2,147.75
1632,2025-05-30,Instagram,Lead Gen - Webinar,IG-250530-01632,Get the free guide: Lead Gen - Webinar.,Lead Generation,Story,25-34,India,31858,23693,171,1542,304,272,291,2409,18186,119,16,326.22
1633,2025-05-30,Instagram,Retargeting Campaign,IG-250530-01633,Don't miss out — Retargeting Campaign ends soon.,Conversions,Video,35-44,UK,21929,15653,238,907,198,143,159,1407,9996,39,15,188.42
1634,2025-05-30,TikTok,New Feature Announcement,TT-250530-01634,Full details on our site — New Feature Announcement.,Traffic,Reel,25-34,UAE,32986,23427,239,1165,257,129,319,1870,7980,90,13,210.95
1635,2025-05-30,TikTok,Product Demo Series,TT-250530-01635,Discover what makes Product Demo Series different. #NewLaunch,Awareness,Story,25-34,UK,35046,24324,303,1798,393,184,350,2725,16692,131,10,199.48
1636,2025-05-30,TikTok,Retargeting Campaign,TT-250530-01636,Double tap if you agree! Retargeting Campaign,Engagement,Image,45-54,Brazil,43649,37973,635,2521,541,346,215,3623,0,112,44,206.63
1637,2025-05-30,X (Twitter),Influencer Collab,XT-250530-01637,This is more than a campaign — it's a movement. Influencer Collab,Awareness,Story,55+,India,8531,6240,115,139,22,19,20,200,4630,6,7,72.79
1638,2025-05-30,YouTube,App Install Push,YT-250530-01638,Swipe up to explore App Install Push today.,Traffic,Video,45-54,UAE,23092,17398,85,486,59,39,144,728,9247,18,7,163.87
1639,2025-05-30,YouTube,Influencer Collab,YT-250530-01639,Tag a friend who needs to see this. Influencer Collab,Engagement,Carousel,25-34,USA,12309,7454,100,287,43,54,114,498,0,18,5,145.42
1640,2025-05-30,YouTube,Product Demo Series,YT-250530-01640,Limited time only. Shop Product Demo Series now.,Conversions,Video,55+,India,29363,16342,225,676,143,107,267,1193,13231,25,6,328.52
1641,2025-05-30,YouTube,Retargeting Campaign,YT-250530-01641,Download now and experience Retargeting Campaign.,App Installs,Reel,18-24,Germany,15105,8406,84,165,29,21,52,267,7591,6,4,105.0
1642,2025-05-31,Facebook,Summer Sale Launch,FB-250531-01642,Your next favorite thing is one click away. Summer Sale Launch,Conversions,Reel,45-54,India,23884,14073,241,731,176,121,166,1194,5739,18,26,127.33
1643,2025-05-31,Instagram,Lead Gen - Webinar,IG-250531-01643,Get exclusive access to Lead Gen - Webinar today.,Conversions,Video,35-44,UAE,25542,14271,228,1035,232,204,261,1732,7420,83,10,284.93
1644,2025-05-31,Instagram,New Feature Announcement,IG-250531-01644,This is more than a campaign — it's a movement. New Feature Announcement,Awareness,Story,55+,USA,16277,10592,219,466,101,48,219,834,8950,34,18,167.86
1645,2025-05-31,Instagram,Retargeting Campaign,IG-250531-01645,Tag a friend who needs to see this. Retargeting Campaign,Engagement,Carousel,35-44,UK,24886,19510,320,705,188,86,287,1266,0,50,18,160.93
1646,2025-05-31,Instagram,Summer Sale Launch,IG-250531-01646,"You asked, we delivered. Introducing Summer Sale Launch.",Awareness,Story,35-44,Brazil,14683,10499,157,716,168,81,261,1226,3610,47,9,141.32
1647,2025-05-31,LinkedIn,Product Demo Series,LI-250531-01647,Get the free guide: Product Demo Series.,Lead Generation,Image,45-54,USA,7194,5233,68,137,29,28,48,242,0,9,7,84.47
1648,2025-05-31,LinkedIn,Summer Sale Launch,LI-250531-01648,Double tap if you agree! Summer Sale Launch,Engagement,Image,55+,USA,6855,4218,68,164,21,14,39,238,0,6,5,107.25
1649,2025-05-31,TikTok,Product Demo Series,TT-250531-01649,Get the app. Get Product Demo Series.,App Installs,Carousel,25-34,UAE,12071,8115,195,405,55,70,150,680,0,26,19,71.03
1650,2025-05-31,X (Twitter),Brand Awareness Q3,XT-250531-01650,Don't miss out — Brand Awareness Q3 ends soon.,Conversions,Story,25-34,UAE,11597,6449,88,110,24,13,48,195,4486,5,9,70.53
1651,2025-05-31,X (Twitter),Influencer Collab,XT-250531-01651,Get exclusive access to Influencer Collab today.,Conversions,Text,18-24,UAE,9791,6956,71,156,26,29,53,264,0,5,1,54.18
1652,2025-05-31,YouTube,App Install Push,YT-250531-01652,Get exclusive access to App Install Push today.,Conversions,Reel,55+,USA,12177,7486,114,335,40,37,85,497,5198,13,3,141.13
1653,2025-05-31,YouTube,Brand Awareness Q3,YT-250531-01653,Install today and unlock Brand Awareness Q3.,App Installs,Image,45-54,India,18328,13520,89,304,52,33,117,506,0,11,9,196.09
1654,2025-05-31,YouTube,Holiday Promo,YT-250531-01654,Available now on iOS and Android — Holiday Promo.,App Installs,Image,18-24,India,18249,12691,68,322,60,28,80,490,0,20,5,141.18
1655,2025-05-31,YouTube,Product Demo Series,YT-250531-01655,Install today and unlock Product Demo Series.,App Installs,Text,45-54,UK,8642,6203,63,172,29,19,44,264,0,2,3,74.92
1656,2025-06-01,Instagram,New Feature Announcement,IG-250601-01656,Limited time only. Shop New Feature Announcement now.,Conversions,Carousel,45-54,Brazil,16132,11965,223,368,56,65,131,620,0,13,6,98.34
1657,2025-06-01,LinkedIn,Influencer Collab,LI-250601-01657,Download now and experience Influencer Collab.,App Installs,Video,25-34,Germany,2383,1951,14,54,9,4,12,79,1307,2,0,40.63
1658,2025-06-01,LinkedIn,Summer Sale Launch,LI-250601-01658,Full details on our site — Summer Sale Launch.,Traffic,Text,18-24,Brazil,8946,7159,90,79,11,13,11,114,0,2,6,113.74
1659,2025-06-01,TikTok,Summer Sale Launch,TT-250601-01659,We want to hear your story. Share below. Summer Sale Launch,Engagement,Text,18-24,Brazil,32830,20558,319,1582,235,153,472,2442,0,66,21,139.26
1660,2025-06-01,X (Twitter),Holiday Promo,XT-250601-01660,Get the app. Get Holiday Promo.,App Installs,Reel,18-24,Brazil,8798,6129,72,160,32,16,50,258,3612,10,3,64.22
1661,2025-06-01,X (Twitter),New Feature Announcement,XT-250601-01661,"You asked, we delivered. Introducing New Feature Announcement.",Awareness,Carousel,35-44,UK,14159,10335,134,108,22,10,16,156,0,3,10,116.7
1662,2025-06-01,X (Twitter),Summer Sale Launch,XT-250601-01662,Double tap if you agree! Summer Sale Launch,Engagement,Reel,18-24,UAE,7185,4909,107,46,10,5,14,75,2767,1,8,48.84
1663,2025-06-01,YouTube,Holiday Promo,YT-250601-01663,Download now and experience Holiday Promo.,App Installs,Carousel,18-24,USA,13192,8898,112,385,67,45,55,552,0,17,13,95.63
1664,2025-06-02,Instagram,App Install Push,IG-250602-01664,Sign up now for exclusive access to App Install Push.,Lead Generation,Carousel,45-54,Brazil,32382,26369,249,1625,426,194,650,2895,0,70,15,187.56
1665,2025-06-02,Instagram,Lead Gen - Webinar,IG-250602-01665,Double tap if you agree! Lead Gen - Webinar,Engagement,Carousel,18-24,USA,20860,14785,269,859,156,171,363,1549,0,60,20,121.93
1666,2025-06-02,Instagram,New Feature Announcement,IG-250602-01666,Join thousands who've already signed up for New Feature Announcement.,Lead Generation,Text,18-24,Germany,26715,19609,355,736,149,90,341,1316,0,49,41,263.02
1667,2025-06-02,TikTok,App Install Push,TT-250602-01667,We want to hear your story. Share below. App Install Push,Engagement,Story,25-34,UK,26107,17484,556,1438,315,297,444,2494,7393,112,52,199.94
1668,2025-06-02,TikTok,Product Demo Series,TT-250602-01668,Double tap if you agree! Product Demo Series,Engagement,Carousel,18-24,UAE,47952,36810,897,3437,723,500,598,5258,0,203,60,282.44
1669,2025-06-02,X (Twitter),Brand Awareness Q3,XT-250602-01669,Limited time only. Shop Brand Awareness Q3 now.,Conversions,Story,55+,Brazil,11338,6751,161,212,36,38,41,327,3953,11,13,101.41
1670,2025-06-02,X (Twitter),New Feature Announcement,XT-250602-01670,Discover what makes New Feature Announcement different. #NewLaunch,Awareness,Story,55+,UAE,3045,2001,28,44,7,7,14,72,1057,3,0,22.2
1671,2025-06-02,YouTube,Holiday Promo,YT-250602-01671,This is more than a campaign — it's a movement. Holiday Promo,Awareness,Image,35-44,Germany,25185,17092,205,294,56,57,121,528,0,17,14,293.92
1672,2025-06-02,YouTube,Influencer Collab,YT-250602-01672,Swipe up to explore Influencer Collab today.,Traffic,Text,18-24,UK,22456,18971,126,391,56,64,173,684,0,21,11,158.96
1673,2025-06-02,YouTube,New Feature Announcement,YT-250602-01673,Your next favorite thing is one click away. New Feature Announcement,Conversions,Image,18-24,India,15982,9900,104,212,46,28,59,345,0,6,9,122.08
1674,2025-06-02,YouTube,Product Demo Series,YT-250602-01674,Get the free guide: Product Demo Series.,Lead Generation,Text,45-54,Germany,14215,7910,99,387,64,51,182,684,0,30,4,170.98
1675,2025-06-03,Facebook,Brand Awareness Q3,FB-250603-01675,Get exclusive access to Brand Awareness Q3 today.,Conversions,Video,55+,UK,10694,7775,69,130,20,11,47,208,5236,8,7,79.94
1676,2025-06-03,Facebook,New Feature Announcement,FB-250603-01676,Ready to dive in? Click through for New Feature Announcement.,Traffic,Text,35-44,India,23616,14133,138,766,183,144,247,1340,0,49,4,211.85
1677,2025-06-03,Instagram,Holiday Promo,IG-250603-01677,Tell us what you think in the comments! Holiday Promo,Engagement,Text,25-34,UK,323,224,3,10,2,1,3,16,0,0,0,2.28
1678,2025-06-03,LinkedIn,Brand Awareness Q3,LI-250603-01678,We want to hear your story. Share below. Brand Awareness Q3,Engagement,Story,35-44,Germany,3093,2104,13,81,11,9,27,128,662,6,0,48.57
1679,2025-06-03,LinkedIn,Holiday Promo,LI-250603-01679,Sign up now for exclusive access to Holiday Promo.,Lead Generation,Text,55+,Brazil,6932,5969,46,106,14,19,33,172,0,5,5,131.52
1680,2025-06-03,LinkedIn,Influencer Collab,LI-250603-01680,Get the app. Get Influencer Collab.,App Installs,Carousel,45-54,Brazil,8080,5759,71,181,33,31,34,279,0,12,1,118.83
1681,2025-06-03,TikTok,App Install Push,TT-250603-01681,Your next favorite thing is one click away. App Install Push,Conversions,Story,35-44,Brazil,21972,17218,373,1874,404,307,194,2779,11829,95,9,172.45
1682,2025-06-03,TikTok,New Feature Announcement,TT-250603-01682,Double tap if you agree! New Feature Announcement,Engagement,Carousel,25-34,Germany,36782,25127,289,2315,435,377,737,3864,0,108,29,295.34
1683,2025-06-03,TikTok,Summer Sale Launch,TT-250603-01683,Download now and experience Summer Sale Launch.,App Installs,Reel,35-44,UK,27059,23140,594,1965,323,192,585,3065,10470,119,70,191.69
1684,2025-06-03,X (Twitter),Influencer Collab,XT-250603-01684,This is more than a campaign — it's a movement. Influencer Collab,Awareness,Image,25-34,Brazil,8621,7069,123,145,28,23,37,233,0,11,12,51.42
1685,2025-06-03,X (Twitter),Lead Gen - Webinar,XT-250603-01685,This is more than a campaign — it's a movement. Lead Gen - Webinar,Awareness,Video,35-44,Germany,7120,4602,36,53,7,4,20,84,1742,1,2,46.76
1686,2025-06-04,Facebook,Influencer Collab,FB-250604-01686,Double tap if you agree! Influencer Collab,Engagement,Reel,18-24,UAE,16721,11006,239,282,53,50,121,506,7759,19,19,116.49
1687,2025-06-04,Facebook,New Feature Announcement,FB-250604-01687,Limited time only. Shop New Feature Announcement now.,Conversions,Video,45-54,Germany,8937,7278,66,301,63,32,103,499,3791,20,5,58.2
1688,2025-06-04,Facebook,Product Demo Series,FB-250604-01688,Swipe up to explore Product Demo Series today.,Traffic,Carousel,25-34,Germany,17019,10351,159,398,49,43,116,606,0,23,13,159.03
1689,2025-06-04,Instagram,Influencer Collab,IG-250604-01689,Link in bio to learn more about Influencer Collab.,Traffic,Text,35-44,India,30902,22948,379,823,119,128,356,1426,0,49,19,299.52
1690,2025-06-04,Instagram,Product Demo Series,IG-250604-01690,Install today and unlock Product Demo Series.,App Installs,Story,35-44,UAE,33008,24970,390,906,208,113,375,1602,10759,53,13,220.99
1691,2025-06-04,LinkedIn,Brand Awareness Q3,LI-250604-01691,Double tap if you agree! Brand Awareness Q3,Engagement,Image,55+,Brazil,7607,5379,78,165,32,12,28,237,0,9,6,101.96
1692,2025-06-04,TikTok,Lead Gen - Webinar,TT-250604-01692,Ready to dive in? Click through for Lead Gen - Webinar.,Traffic,Reel,25-34,Brazil,20183,15842,399,1415,280,249,515,2459,5878,43,39,150.38
1693,2025-06-04,TikTok,Product Demo Series,TT-250604-01693,Your next favorite thing is one click away. Product Demo Series,Conversions,Reel,25-34,Brazil,39625,33052,755,2574,622,375,609,4180,18917,196,37,200.17
1694,2025-06-04,X (Twitter),Summer Sale Launch,XT-250604-01694,Swipe up to explore Summer Sale Launch today.,Traffic,Image,18-24,India,6513,5087,56,114,16,13,59,202,0,2,1,39.87
1695,2025-06-05,Facebook,Influencer Collab,FB-250605-01695,Don't miss out — Influencer Collab ends soon.,Conversions,Video,45-54,Germany,6435,4357,102,139,34,25,41,239,3075,3,12,35.66
1696,2025-06-05,Facebook,New Feature Announcement,FB-250605-01696,Join thousands who've already signed up for New Feature Announcement.,Lead Generation,Video,35-44,UK,19537,11764,189,248,55,25,49,377,10602,12,12,111.56
1697,2025-06-05,Facebook,Product Demo Series,FB-250605-01697,Discover what makes Product Demo Series different. #NewLaunch,Awareness,Reel,25-34,Brazil,27114,21160,317,372,52,45,107,576,12852,21,31,231.9
1698,2025-06-05,LinkedIn,Holiday Promo,LI-250605-01698,Limited time only. Shop Holiday Promo now.,Conversions,Carousel,18-24,Germany,5977,4256,59,52,9,9,22,92,0,2,3,79.22
1699,2025-06-05,LinkedIn,New Feature Announcement,LI-250605-01699,Download now and experience New Feature Announcement.,App Installs,Text,18-24,Brazil,6314,5120,53,65,16,9,24,114,0,4,3,106.04
1700,2025-06-05,TikTok,Brand Awareness Q3,TT-250605-01700,Reserve your spot for Brand Awareness Q3 — seats are limited.,Lead Generation,Reel,55+,USA,28118,17798,496,1891,316,230,792,3229,6796,119,18,188.72
1701,2025-06-05,X (Twitter),Influencer Collab,XT-250605-01701,Big things are coming. Stay tuned for Influencer Collab.,Awareness,Image,55+,India,8470,7391,84,99,22,15,24,160,0,2,9,42.71
1702,2025-06-05,YouTube,Brand Awareness Q3,YT-250605-01702,This is more than a campaign — it's a movement. Brand Awareness Q3,Awareness,Story,55+,UK,14806,8645,72,323,68,33,149,573,3359,21,2,119.3
1703,2025-06-06,Facebook,Summer Sale Launch,FB-250606-01703,We want to hear your story. Share below. Summer Sale Launch,Engagement,Reel,45-54,UAE,19151,15135,156,417,69,49,117,652,9579,6,17,113.92
1704,2025-06-06,Instagram,Summer Sale Launch,IG-250606-01704,Swipe up to explore Summer Sale Launch today.,Traffic,Video,45-54,UAE,23324,14008,221,501,71,82,227,881,7676,14,6,181.95
1705,2025-06-06,LinkedIn,Summer Sale Launch,LI-250606-01705,"You asked, we delivered. Introducing Summer Sale Launch.",Awareness,Video,25-34,Germany,6670,5214,56,55,13,8,19,95,2733,1,5,93.32
1706,2025-06-06,TikTok,App Install Push,TT-250606-01706,Your next favorite thing is one click away. App Install Push,Conversions,Carousel,55+,India,38489,23097,464,1836,353,193,790,3172,0,39,40,252.02
1707,2025-06-06,TikTok,Brand Awareness Q3,TT-250606-01707,Your next favorite thing is one click away. Brand Awareness Q3,Conversions,Reel,45-54,UK,26506,22096,417,809,129,115,283,1336,9895,61,26,205.21
1708,2025-06-06,TikTok,Influencer Collab,TT-250606-01708,Get the app. Get Influencer Collab.,App Installs,Story,45-54,India,46034,38371,866,2762,539,425,347,4073,14135,185,40,378.26
1709,2025-06-06,TikTok,Lead Gen - Webinar,TT-250606-01709,Get exclusive access to Lead Gen - Webinar today.,Conversions,Reel,18-24,UK,30053,20356,410,1611,310,149,252,2322,13379,66,30,174.72
1710,2025-06-06,TikTok,Retargeting Campaign,TT-250606-01710,Get the free guide: Retargeting Campaign.,Lead Generation,Story,18-24,USA,33427,29921,537,844,214,164,292,1514,13231,73,43,188.95
1711,2025-06-06,TikTok,Summer Sale Launch,TT-250606-01711,Get the free guide: Summer Sale Launch.,Lead Generation,Video,25-34,UK,21824,17851,401,540,109,72,172,893,5707,43,25,162.97
1712,2025-06-06,X (Twitter),Influencer Collab,XT-250606-01712,This is more than a campaign — it's a movement. Influencer Collab,Awareness,Carousel,55+,Germany,5981,5113,42,59,10,7,16,92,0,3,4,32.12
1713,2025-06-06,YouTube,Holiday Promo,YT-250606-01713,Your next favorite thing is one click away. Holiday Promo,Conversions,Text,35-44,India,22145,19542,210,701,97,110,114,1022,0,33,24,251.65
1714,2025-06-06,YouTube,New Feature Announcement,YT-250606-01714,Get exclusive access to New Feature Announcement today.,Conversions,Reel,35-44,USA,21232,17148,166,307,42,36,59,444,7435,10,13,157.39
1715,2025-06-06,YouTube,Summer Sale Launch,YT-250606-01715,Limited time only. Shop Summer Sale Launch now.,Conversions,Video,55+,Brazil,11911,10476,60,216,40,32,33,321,3368,15,6,129.58
1716,2025-06-07,Facebook,Summer Sale Launch,FB-250607-01716,Double tap if you agree! Summer Sale Launch,Engagement,Story,25-34,USA,4560,2803,41,140,32,13,43,228,1854,10,3,36.11
1717,2025-06-07,Instagram,Influencer Collab,IG-250607-01717,Get the free guide: Influencer Collab.,Lead Generation,Text,35-44,Brazil,24099,17804,129,831,147,148,190,1316,0,32,13,263.73
1718,2025-06-07,Instagram,Summer Sale Launch,IG-250607-01718,Discover what makes Summer Sale Launch different. #NewLaunch,Awareness,Carousel,45-54,USA,38168,34211,215,783,175,104,314,1376,0,48,13,379.74
1719,2025-06-07,LinkedIn,Holiday Promo,LI-250607-01719,Join thousands who've already signed up for Holiday Promo.,Lead Generation,Image,35-44,UK,963,817,3,25,4,3,5,37,0,0,0,13.31
1720,2025-06-07,TikTok,Brand Awareness Q3,TT-250607-01720,Your next favorite thing is one click away. Brand Awareness Q3,Conversions,Reel,45-54,Germany,46026,36869,602,1724,243,210,691,2868,14975,132,69,282.37
1721,2025-06-07,X (Twitter),App Install Push,XT-250607-01721,Download now and experience App Install Push.,App Installs,Text,45-54,UAE,6904,5051,85,44,8,5,19,76,0,1,6,56.28
1722,2025-06-07,YouTube,Holiday Promo,YT-250607-01722,This is more than a campaign — it's a movement. Holiday Promo,Awareness,Carousel,55+,UAE,11936,10301,58,328,72,41,52,493,0,18,3,128.26
1723,2025-06-07,YouTube,Lead Gen - Webinar,YT-250607-01723,Big things are coming. Stay tuned for Lead Gen - Webinar.,Awareness,Text,35-44,India,9945,7475,66,155,29,18,40,242,0,9,7,131.65
1724,2025-06-08,Facebook,Holiday Promo,FB-250608-01724,Get the app. Get Holiday Promo.,App Installs,Carousel,18-24,Germany,9126,6904,125,344,64,30,79,517,0,23,4,65.82
1725,2025-06-08,Facebook,New Feature Announcement,FB-250608-01725,Download now and experience New Feature Announcement.,App Installs,Text,35-44,USA,18342,16013,146,479,105,72,130,786,0,19,16,143.92
1726,2025-06-08,Instagram,Brand Awareness Q3,IG-250608-01726,This is more than a campaign — it's a movement. Brand Awareness Q3,Awareness,Video,55+,Germany,25196,16537,298,1117,222,176,365,1880,13433,82,30,214.21
1727,2025-06-08,Instagram,New Feature Announcement,IG-250608-01727,Tag a friend who needs to see this. New Feature Announcement,Engagement,Image,25-34,UK,27270,20951,349,1353,311,134,318,2116,0,65,20,304.2
1728,2025-06-08,Instagram,Summer Sale Launch,IG-250608-01728,Full details on our site — Summer Sale Launch.,Traffic,Reel,18-24,Brazil,28373,22082,270,636,95,106,224,1061,13531,30,24,188.96
1729,2025-06-08,LinkedIn,Product Demo Series,LI-250608-01729,Reserve your spot for Product Demo Series — seats are limited.,Lead Generation,Video,55+,Germany,8483,5226,39,100,22,16,28,166,1735,6,1,165.79
1730,2025-06-08,TikTok,App Install Push,TT-250608-01730,Reserve your spot for App Install Push — seats are limited.,Lead Generation,Reel,35-44,UK,38011,23832,622,2338,433,444,582,3797,10827,186,19,276.62
1731,2025-06-08,TikTok,Lead Gen - Webinar,TT-250608-01731,Sign up now for exclusive access to Lead Gen - Webinar.,Lead Generation,Video,25-34,Brazil,36931,21898,565,2549,540,428,127,3644,14114,160,67,209.15
1732,2025-06-08,TikTok,New Feature Announcement,TT-250608-01732,Sign up now for exclusive access to New Feature Announcement.,Lead Generation,Text,55+,Brazil,30324,26930,654,2144,295,321,443,3203,0,46,19,206.08
1733,2025-06-08,TikTok,Product Demo Series,TT-250608-01733,Tag a friend who needs to see this. Product Demo Series,Engagement,Text,25-34,USA,38424,22951,455,1779,238,293,407,2717,0,105,17,284.19
1734,2025-06-08,X (Twitter),New Feature Announcement,XT-250608-01734,Link in bio to learn more about New Feature Announcement.,Traffic,Text,35-44,Germany,11530,7468,100,150,33,19,64,266,0,4,10,89.61
1735,2025-06-08,YouTube,New Feature Announcement,YT-250608-01735,Full details on our site — New Feature Announcement.,Traffic,Story,45-54,Germany,16189,13456,100,313,53,31,68,465,7716,10,3,162.28
1736,2025-06-09,Facebook,App Install Push,FB-250609-01736,Your next favorite thing is one click away. App Install Push,Conversions,Text,18-24,USA,15741,9586,230,194,30,18,66,308,0,5,9,146.42
1737,2025-06-09,Facebook,Brand Awareness Q3,FB-250609-01737,Join thousands who've already signed up for Brand Awareness Q3.,Lead Generation,Reel,18-24,India,21176,15151,165,303,65,43,48,459,12613,12,18,127.2
1738,2025-06-09,Facebook,Influencer Collab,FB-250609-01738,"You asked, we delivered. Introducing Influencer Collab.",Awareness,Video,25-34,UAE,19894,11056,169,770,151,132,65,1118,6269,12,3,188.68
1739,2025-06-09,Facebook,New Feature Announcement,FB-250609-01739,We want to hear your story. Share below. New Feature Announcement,Engagement,Image,18-24,UAE,7959,6727,101,265,48,28,60,401,0,16,4,72.95
1740,2025-06-09,LinkedIn,Holiday Promo,LI-250609-01740,"You asked, we delivered. Introducing Holiday Promo.",Awareness,Carousel,18-24,USA,7000,5307,66,168,21,21,32,242,0,10,7,120.21
1741,2025-06-09,LinkedIn,New Feature Announcement,LI-250609-01741,Install today and unlock New Feature Announcement.,App Installs,Carousel,25-34,India,2839,1669,25,29,4,4,10,47,0,1,2,49.17
1742,2025-06-09,LinkedIn,Product Demo Series,LI-250609-01742,We want to hear your story. Share below. Product Demo Series,Engagement,Video,25-34,USA,2349,2045,15,38,8,7,11,64,473,1,1,24.45
1743,2025-06-09,TikTok,App Install Push,TT-250609-01743,Link in bio to learn more about App Install Push.,Traffic,Text,18-24,USA,30112,25317,408,1425,332,288,380,2425,0,103,10,158.89
1744,2025-06-09,TikTok,Brand Awareness Q3,TT-250609-01744,"You asked, we delivered. Introducing Brand Awareness Q3.",Awareness,Reel,25-34,Brazil,34437,26415,750,1239,253,123,596,2211,9974,31,24,182.5
1745,2025-06-09,TikTok,New Feature Announcement,TT-250609-01745,Tag a friend who needs to see this. New Feature Announcement,Engagement,Text,25-34,Germany,48966,28544,507,2928,606,402,389,4325,0,197,35,396.54
1746,2025-06-09,X (Twitter),New Feature Announcement,XT-250609-01746,Get the free guide: New Feature Announcement.,Lead Generation,Reel,35-44,UK,1641,1397,14,17,2,2,5,26,357,0,1,10.37
1747,2025-06-09,YouTube,Holiday Promo,YT-250609-01747,Install today and unlock Holiday Promo.,App Installs,Carousel,18-24,UAE,10719,7183,89,329,73,52,79,533,0,6,8,140.24
1748,2025-06-09,YouTube,Lead Gen - Webinar,YT-250609-01748,This is more than a campaign — it's a movement. Lead Gen - Webinar,Awareness,Story,45-54,USA,18227,14233,56,265,44,48,75,432,6109,16,4,216.69
1749,2025-06-10,Facebook,Brand Awareness Q3,FB-250610-01749,Big things are coming. Stay tuned for Brand Awareness Q3.,Awareness,Reel,25-34,UAE,23345,15984,349,394,57,45,70,566,5216,9,27,156.23
1750,2025-06-10,Facebook,Lead Gen - Webinar,FB-250610-01750,Tag a friend who needs to see this. Lead Gen - Webinar,Engagement,Carousel,25-34,Brazil,13273,8394,200,174,23,21,66,284,0,12,5,118.39
1751,2025-06-10,Instagram,New Feature Announcement,IG-250610-01751,Install today and unlock New Feature Announcement.,App Installs,Reel,25-34,India,28105,22021,305,1045,209,138,452,1844,11023,19,34,240.54
1752,2025-06-10,Instagram,Product Demo Series,IG-250610-01752,Ready to dive in? Click through for Product Demo Series.,Traffic,Carousel,25-34,Brazil,29100,22903,309,1453,304,204,194,2155,0,45,22,315.7
1753,2025-06-10,Instagram,Summer Sale Launch,IG-250610-01753,Big things are coming. Stay tuned for Summer Sale Launch.,Awareness,Text,18-24,UK,26529,23035,146,1465,211,124,664,2464,0,57,12,214.48
1754,2025-06-10,TikTok,App Install Push,TT-250610-01754,Get the free guide: App Install Push.,Lead Generation,Image,18-24,Brazil,50560,43196,958,3542,650,600,288,5080,0,142,32,224.54
1755,2025-06-10,X (Twitter),Brand Awareness Q3,XT-250610-01755,Install today and unlock Brand Awareness Q3.,App Installs,Image,25-34,Germany,13040,10732,138,128,24,24,32,208,0,6,12,102.05
1756,2025-06-10,X (Twitter),Retargeting Campaign,XT-250610-01756,Get the app. Get Retargeting Campaign.,App Installs,Reel,25-34,Brazil,8591,7371,94,151,29,31,61,272,4996,12,10,51.1
1757,2025-06-10,YouTube,Product Demo Series,YT-250610-01757,Reserve your spot for Product Demo Series — seats are limited.,Lead Generation,Text,45-54,Germany,17677,11888,138,486,87,71,219,863,0,19,10,176.09
1758,2025-06-11,Facebook,Influencer Collab,FB-250611-01758,Get the free guide: Influencer Collab.,Lead Generation,Story,35-44,India,19851,12638,273,563,132,88,151,934,3975,41,13,178.53
1759,2025-06-11,Instagram,App Install Push,IG-250611-01759,Ready to dive in? Click through for App Install Push.,Traffic,Reel,18-24,USA,21682,12142,229,815,136,118,116,1185,10589,54,22,151.69
1760,2025-06-11,Instagram,Lead Gen - Webinar,IG-250611-01760,Swipe up to explore Lead Gen - Webinar today.,Traffic,Story,55+,UAE,22138,19698,128,1253,188,216,260,1917,7870,84,12,181.62
1761,2025-06-11,LinkedIn,Lead Gen - Webinar,LI-250611-01761,Ready to dive in? Click through for Lead Gen - Webinar.,Traffic,Story,18-24,India,9601,5394,66,177,34,36,68,315,2138,12,7,139.93
1762,2025-06-11,LinkedIn,Product Demo Series,LI-250611-01762,Your next favorite thing is one click away. Product Demo Series,Conversions,Text,18-24,India,5931,3396,24,128,27,20,34,209,0,8,0,68.35
1763,2025-06-11,LinkedIn,Retargeting Campaign,LI-250611-01763,Tag a friend who needs to see this. Retargeting Campaign,Engagement,Story,45-54,UAE,9038,7926,55,171,36,17,72,296,3813,13,6,91.93
1764,2025-06-11,LinkedIn,Summer Sale Launch,LI-250611-01764,We want to hear your story. Share below. Summer Sale Launch,Engagement,Story,35-44,UAE,5486,3697,53,104,16,8,22,150,1646,3,1,93.69
1765,2025-06-11,TikTok,New Feature Announcement,TT-250611-01765,Ready to dive in? Click through for New Feature Announcement.,Traffic,Text,45-54,UK,58329,45077,535,3455,649,369,1498,5971,0,187,22,250.38
1766,2025-06-11,TikTok,Product Demo Series,TT-250611-01766,We want to hear your story. Share below. Product Demo Series,Engagement,Image,45-54,UAE,300,251,2,14,2,2,4,22,0,0,0,1.44
1767,2025-06-11,YouTube,Brand Awareness Q3,YT-250611-01767,Your next favorite thing is one click away. Brand Awareness Q3,Conversions,Reel,18-24,USA,10812,6239,33,151,26,21,76,274,6039,9,1,80.63
1768,2025-06-11,YouTube,Holiday Promo,YT-250611-01768,Ready to dive in? Click through for Holiday Promo.,Traffic,Video,18-24,UAE,14247,12315,92,362,62,44,181,649,5052,11,9,131.38
1769,2025-06-12,Facebook,App Install Push,FB-250612-01769,Available now on iOS and Android — App Install Push.,App Installs,Reel,45-54,India,17959,10295,139,353,57,50,163,623,6674,22,9,126.36
1770,2025-06-12,Facebook,Influencer Collab,FB-250612-01770,Link in bio to learn more about Influencer Collab.,Traffic,Reel,55+,USA,21845,13337,364,565,75,59,162,861,6960,15,16,224.62
1771,2025-06-12,Facebook,Retargeting Campaign,FB-250612-01771,Get exclusive access to Retargeting Campaign today.,Conversions,Text,45-54,Germany,10216,7051,143,289,34,41,57,421,0,12,5,71.35
1772,2025-06-12,Instagram,Brand Awareness Q3,IG-250612-01772,Install today and unlock Brand Awareness Q3.,App Installs,Story,35-44,India,23492,18459,121,569,102,90,67,828,5154,14,7,255.97
1773,2025-06-12,Instagram,Holiday Promo,IG-250612-01773,Big things are coming. Stay tuned for Holiday Promo.,Awareness,Image,35-44,India,22293,18495,130,598,92,90,160,940,0,34,4,205.77
1774,2025-06-12,Instagram,Lead Gen - Webinar,IG-250612-01774,"You asked, we delivered. Introducing Lead Gen - Webinar.",Awareness,Text,55+,India,19463,11583,132,840,161,79,280,1360,0,14,12,201.33
1775,2025-06-12,TikTok,Holiday Promo,TT-250612-01775,Your next favorite thing is one click away. Holiday Promo,Conversions,Video,25-34,USA,12180,8658,139,499,133,84,185,901,5063,22,8,76.77
1776,2025-06-12,TikTok,Influencer Collab,TT-250612-01776,Limited time only. Shop Influencer Collab now.,Conversions,Reel,35-44,UK,31639,20454,246,2754,597,404,281,4036,7921,70,18,223.61
1777,2025-06-12,TikTok,Lead Gen - Webinar,TT-250612-01777,Get the free guide: Lead Gen - Webinar.,Lead Generation,Carousel,25-34,India,46654,29177,922,3873,524,676,930,6003,0,68,87,351.23
1778,2025-06-12,X (Twitter),Product Demo Series,XT-250612-01778,Limited time only. Shop Product Demo Series now.,Conversions,Text,18-24,UK,11201,7906,177,111,23,14,43,191,0,6,8,86.71
1779,2025-06-12,YouTube,Holiday Promo,YT-250612-01779,Big things are coming. Stay tuned for Holiday Promo.,Awareness,Text,18-24,USA,20468,13835,124,294,60,55,101,510,0,10,2,156.91
1780,2025-06-12,YouTube,Product Demo Series,YT-250612-01780,Install today and unlock Product Demo Series.,App Installs,Reel,55+,Germany,8741,6352,34,118,21,14,41,194,5140,9,0,66.76
1781,2025-06-13,Facebook,Brand Awareness Q3,FB-250613-01781,Big things are coming. Stay tuned for Brand Awareness Q3.,Awareness,Video,35-44,Germany,35015,23293,548,1140,259,118,216,1733,11386,28,41,319.03
1782,2025-06-13,Facebook,Product Demo Series,FB-250613-01782,Install today and unlock Product Demo Series.,App Installs,Reel,18-24,UAE,17520,15129,222,576,87,67,183,913,3543,45,26,127.07
1783,2025-06-13,Instagram,Holiday Promo,IG-250613-01783,Swipe up to explore Holiday Promo today.,Traffic,Story,45-54,India,20651,16525,204,1002,243,203,249,1697,10840,55,19,227.51
1784,2025-06-13,Instagram,Influencer Collab,IG-250613-01784,Reserve your spot for Influencer Collab — seats are limited.,Lead Generation,Reel,45-54,India,18183,13418,195,1184,237,92,180,1693,9461,44,15,203.86
1785,2025-06-13,LinkedIn,App Install Push,LI-250613-01785,Your next favorite thing is one click away. App Install Push,Conversions,Video,35-44,UAE,7239,4071,66,135,26,13,56,230,3260,3,3,137.52
1786,2025-06-13,LinkedIn,Influencer Collab,LI-250613-01786,Get the free guide: Influencer Collab.,Lead Generation,Video,55+,USA,5161,3103,32,109,17,11,60,197,1390,3,3,73.5
1787,2025-06-13,LinkedIn,Lead Gen - Webinar,LI-250613-01787,Get the app. Get Lead Gen - Webinar.,App Installs,Story,55+,UAE,3638,2423,28,77,14,7,26,124,1722,1,3,70.7
1788,2025-06-13,LinkedIn,Product Demo Series,LI-250613-01788,Limited time only. Shop Product Demo Series now.,Conversions,Image,45-54,India,4638,3836,42,107,20,11,45,183,0,2,3,64.55
1789,2025-06-13,TikTok,Holiday Promo,TT-250613-01789,Don't miss out — Holiday Promo ends soon.,Conversions,Carousel,45-54,Brazil,9428,8204,194,269,51,42,44,406,0,4,23,59.18
1790,2025-06-13,TikTok,Summer Sale Launch,TT-250613-01790,"You asked, we delivered. Introducing Summer Sale Launch.",Awareness,Image,25-34,Brazil,36050,28820,799,1958,423,393,541,3315,0,105,42,178.24
1791,2025-06-13,X (Twitter),Influencer Collab,XT-250613-01791,Link in bio to learn more about Influencer Collab.,Traffic,Image,18-24,Brazil,4599,3768,55,49,9,7,7,72,0,3,5,43.71
1792,2025-06-13,X (Twitter),Retargeting Campaign,XT-250613-01792,Get the app. Get Retargeting Campaign.,App Installs,Carousel,25-34,India,5823,3549,30,71,8,8,18,105,0,5,3,48.84
1793,2025-06-13,YouTube,App Install Push,YT-250613-01793,Don't miss out — App Install Push ends soon.,Conversions,Story,18-24,Brazil,14463,8998,138,422,61,37,89,609,3904,23,9,144.56
1794,2025-06-13,YouTube,Summer Sale Launch,YT-250613-01794,Limited time only. Shop Summer Sale Launch now.,Conversions,Reel,35-44,Germany,12143,8590,110,237,46,33,110,426,5516,16,8,158.72
1795,2025-06-14,Facebook,Holiday Promo,FB-250614-01795,Limited time only. Shop Holiday Promo now.,Conversions,Reel,45-54,Germany,23772,21360,302,798,125,91,186,1200,10179,46,21,215.17
1796,2025-06-14,Facebook,Retargeting Campaign,FB-250614-01796,This is more than a campaign — it's a movement. Retargeting Campaign,Awareness,Text,18-24,Germany,17827,13492,292,575,95,78,79,827,0,36,19,147.53
1797,2025-06-14,Instagram,Retargeting Campaign,IG-250614-01797,Available now on iOS and Android — Retargeting Campaign.,App Installs,Text,25-34,Germany,28828,20118,210,1451,320,288,453,2512,0,37,22,254.61
1798,2025-06-14,LinkedIn,Summer Sale Launch,LI-250614-01798,This is more than a campaign — it's a movement. Summer Sale Launch,Awareness,Carousel,25-34,USA,8403,6934,41,155,32,26,55,268,0,3,0,170.35
1799,2025-06-14,TikTok,App Install Push,TT-250614-01799,Sign up now for exclusive access to App Install Push.,Lead Generation,Carousel,18-24,India,35764,20634,469,2876,559,479,337,4251,0,52,13,198.71
1800,2025-06-14,TikTok,New Feature Announcement,TT-250614-01800,Don't miss out — New Feature Announcement ends soon.,Conversions,Carousel,18-24,UAE,37295,29938,667,2270,411,238,487,3406,0,35,52,271.63
1801,2025-06-14,TikTok,Retargeting Campaign,TT-250614-01801,Tell us what you think in the comments! Retargeting Campaign,Engagement,Video,35-44,Brazil,35700,24578,264,1519,177,193,307,2196,8397,97,12,161.28
1802,2025-06-14,X (Twitter),Retargeting Campaign,XT-250614-01802,Reserve your spot for Retargeting Campaign — seats are limited.,Lead Generation,Image,45-54,USA,6700,4029,55,88,17,7,36,148,0,4,3,48.15
1803,2025-06-14,YouTube,App Install Push,YT-250614-01803,Get exclusive access to App Install Push today.,Conversions,Reel,18-24,Germany,15546,13276,137,301,52,39,90,482,3895,16,13,195.92
1804,2025-06-14,YouTube,Lead Gen - Webinar,YT-250614-01804,Install today and unlock Lead Gen - Webinar.,App Installs,Story,55+,Brazil,17387,13814,91,345,42,51,60,498,8641,11,2,151.42
1805,2025-06-15,Instagram,Brand Awareness Q3,IG-250615-01805,Full details on our site — Brand Awareness Q3.,Traffic,Image,55+,Brazil,19347,11671,95,615,93,53,144,905,0,17,11,182.76
1806,2025-06-15,Instagram,Holiday Promo,IG-250615-01806,Reserve your spot for Holiday Promo — seats are limited.,Lead Generation,Reel,45-54,UAE,28497,16173,272,1119,168,110,292,1689,6892,29,20,315.06
1807,2025-06-15,LinkedIn,Lead Gen - Webinar,LI-250615-01807,Your next favorite thing is one click away. Lead Gen - Webinar,Conversions,Text,18-24,Brazil,300,165,2,4,1,0,2,7,0,0,0,4.04
1808,2025-06-15,LinkedIn,Summer Sale Launch,LI-250615-01808,Double tap if you agree! Summer Sale Launch,Engagement,Story,45-54,Germany,6753,4691,42,154,28,16,35,233,3485,4,3,131.96
1809,2025-06-15,TikTok,Brand Awareness Q3,TT-250615-01809,Big things are coming. Stay tuned for Brand Awareness Q3.,Awareness,Text,35-44,Brazil,16049,12514,153,845,140,98,229,1312,0,59,15,67.47
1810,2025-06-15,TikTok,Holiday Promo,TT-250615-01810,Sign up now for exclusive access to Holiday Promo.,Lead Generation,Image,55+,Germany,36390,25099,479,1621,425,171,654,2871,0,37,24,204.94
1811,2025-06-15,TikTok,Lead Gen - Webinar,TT-250615-01811,Link in bio to learn more about Lead Gen - Webinar.,Traffic,Story,55+,Germany,12188,10966,196,837,178,65,204,1284,6801,48,16,62.46
1812,2025-06-15,X (Twitter),Holiday Promo,XT-250615-01812,Don't miss out — Holiday Promo ends soon.,Conversions,Story,25-34,Germany,9146,5797,139,205,31,23,47,306,5175,8,15,54.08
1813,2025-06-15,X (Twitter),Retargeting Campaign,XT-250615-01813,Sign up now for exclusive access to Retargeting Campaign.,Lead Generation,Text,18-24,UAE,4269,2465,22,38,7,7,16,68,0,2,1,34.88
1814,2025-06-15,YouTube,Holiday Promo,YT-250615-01814,Swipe up to explore Holiday Promo today.,Traffic,Reel,45-54,UK,12938,11318,83,166,30,26,61,283,5510,5,4,123.9
1815,2025-06-15,YouTube,Retargeting Campaign,YT-250615-01815,We want to hear your story. Share below. Retargeting Campaign,Engagement,Carousel,35-44,USA,12652,10389,74,132,28,17,25,202,0,3,2,133.03
1816,2025-06-16,Facebook,Brand Awareness Q3,FB-250616-01816,Tag a friend who needs to see this. Brand Awareness Q3,Engagement,Carousel,45-54,UK,22832,19685,227,615,132,91,256,1094,0,30,23,237.09
1817,2025-06-16,Instagram,App Install Push,IG-250616-01817,Tell us what you think in the comments! App Install Push,Engagement,Carousel,45-54,India,16321,14074,159,633,142,56,138,969,0,15,12,171.77
1818,2025-06-16,Instagram,New Feature Announcement,IG-250616-01818,We want to hear your story. Share below. New Feature Announcement,Engagement,Image,35-44,Germany,32018,25408,314,636,127,62,94,919,0,12,35,297.08
1819,2025-06-16,Instagram,Product Demo Series,IG-250616-01819,Install today and unlock Product Demo Series.,App Installs,Text,18-24,Brazil,21938,17396,113,1010,175,98,399,1682,0,38,4,144.42
1820,2025-06-16,LinkedIn,App Install Push,LI-250616-01820,"You asked, we delivered. Introducing App Install Push.",Awareness,Video,25-34,USA,4631,3604,31,48,8,5,10,71,1171,1,1,74.68
1821,2025-06-16,LinkedIn,New Feature Announcement,LI-250616-01821,Get the free guide: New Feature Announcement.,Lead Generation,Reel,45-54,Brazil,5262,4733,26,99,23,16,24,162,2904,4,0,85.29
1822,2025-06-16,LinkedIn,Product Demo Series,LI-250616-01822,Discover what makes Product Demo Series different. #NewLaunch,Awareness,Video,25-34,Germany,9491,6802,42,113,23,16,15,167,2668,4,3,160.32
1823,2025-06-16,LinkedIn,Retargeting Campaign,LI-250616-01823,Tell us what you think in the comments! Retargeting Campaign,Engagement,Story,35-44,Germany,6221,4359,56,120,17,18,52,207,2136,9,6,107.36
1824,2025-06-16,X (Twitter),App Install Push,XT-250616-01824,Double tap if you agree! App Install Push,Engagement,Video,35-44,India,6938,5181,40,74,16,10,27,127,1627,5,2,57.83
1825,2025-06-16,X (Twitter),Retargeting Campaign,XT-250616-01825,Sign up now for exclusive access to Retargeting Campaign.,Lead Generation,Story,45-54,UAE,6522,4265,67,101,20,16,36,173,3572,4,7,44.98
1826,2025-06-16,X (Twitter),Summer Sale Launch,XT-250616-01826,Get the free guide: Summer Sale Launch.,Lead Generation,Video,45-54,UK,11887,9859,160,158,36,16,58,268,5583,10,6,72.98
1827,2025-06-16,YouTube,Influencer Collab,YT-250616-01827,Available now on iOS and Android — Influencer Collab.,App Installs,Video,35-44,UAE,14970,10234,113,304,46,28,168,546,4028,18,10,136.47
1828,2025-06-16,YouTube,Lead Gen - Webinar,YT-250616-01828,Install today and unlock Lead Gen - Webinar.,App Installs,Reel,25-34,UAE,300,208,2,4,0,0,4,8,84,0,0,2.81
1829,2025-06-16,YouTube,Summer Sale Launch,YT-250616-01829,Get exclusive access to Summer Sale Launch today.,Conversions,Carousel,18-24,UAE,18079,15215,162,426,85,39,93,643,0,14,4,139.97
1830,2025-06-17,Facebook,App Install Push,FB-250617-01830,Swipe up to explore App Install Push today.,Traffic,Text,18-24,Germany,22084,12286,284,487,126,94,135,842,0,19,21,149.85
1831,2025-06-17,Facebook,Brand Awareness Q3,FB-250617-01831,Join thousands who've already signed up for Brand Awareness Q3.,Lead Generation,Image,35-44,Germany,31232,21262,374,779,146,128,88,1141,0,40,43,280.24
1832,2025-06-17,Facebook,Holiday Promo,FB-250617-01832,Get the free guide: Holiday Promo.,Lead Generation,Text,45-54,UAE,18677,16701,197,309,61,35,88,493,0,22,23,168.14
1833,2025-06-17,Facebook,Lead Gen - Webinar,FB-250617-01833,Get the app. Get Lead Gen - Webinar.,App Installs,Video,45-54,UK,14165,9236,133,285,40,48,95,468,8085,5,14,101.54
1834,2025-06-17,Facebook,Product Demo Series,FB-250617-01834,Limited time only. Shop Product Demo Series now.,Conversions,Text,25-34,UK,19357,15301,166,539,93,60,134,826,0,22,19,164.55
1835,2025-06-17,LinkedIn,App Install Push,LI-250617-01835,Get the free guide: App Install Push.,Lead Generation,Text,55+,Brazil,1150,1001,5,18,3,2,9,32,0,0,0,14.81
1836,2025-06-17,TikTok,Brand Awareness Q3,TT-250617-01836,Reserve your spot for Brand Awareness Q3 — seats are limited.,Lead Generation,Image,45-54,Brazil,21879,18636,268,1605,326,262,670,2863,0,100,26,114.65
1837,2025-06-17,TikTok,Lead Gen - Webinar,TT-250617-01837,We want to hear your story. Share below. Lead Gen - Webinar,Engagement,Carousel,25-34,Germany,24460,20529,273,1568,230,138,319,2255,0,36,16,155.22
1838,2025-06-17,TikTok,New Feature Announcement,TT-250617-01838,Get the free guide: New Feature Announcement.,Lead Generation,Story,45-54,UAE,41991,30420,550,3422,615,530,895,5462,24053,202,28,222.43
1839,2025-06-17,TikTok,Product Demo Series,TT-250617-01839,Tag a friend who needs to see this. Product Demo Series,Engagement,Image,25-34,UK,4765,3485,57,267,58,32,118,475,0,15,4,20.37
1840,2025-06-17,X (Twitter),Product Demo Series,XT-250617-01840,Link in bio to learn more about Product Demo Series.,Traffic,Story,45-54,Germany,10397,7270,60,209,28,27,62,326,4603,13,1,74.1
1841,2025-06-17,YouTube,Brand Awareness Q3,YT-250617-01841,Big things are coming. Stay tuned for Brand Awareness Q3.,Awareness,Reel,55+,USA,10998,6342,73,167,33,14,81,295,2306,12,2,102.52
1842,2025-06-17,YouTube,Lead Gen - Webinar,YT-250617-01842,Ready to dive in? Click through for Lead Gen - Webinar.,Traffic,Story,18-24,UK,14902,10635,93,278,52,39,88,457,5231,12,8,167.66
1843,2025-06-17,YouTube,Product Demo Series,YT-250617-01843,Don't miss out — Product Demo Series ends soon.,Conversions,Text,35-44,Germany,22682,19294,172,215,31,19,111,376,0,7,10,196.99
1844,2025-06-18,Facebook,Holiday Promo,FB-250618-01844,Tag a friend who needs to see this. Holiday Promo,Engagement,Video,45-54,UAE,20004,14717,134,571,81,103,191,946,10973,43,5,140.54
1845,2025-06-18,Facebook,Product Demo Series,FB-250618-01845,This is more than a campaign — it's a movement. Product Demo Series,Awareness,Reel,25-34,India,26539,15886,263,567,148,105,194,1014,11717,31,9,241.16
1846,2025-06-18,X (Twitter),Lead Gen - Webinar,XT-250618-01846,We want to hear your story. Share below. Lead Gen - Webinar,Engagement,Carousel,55+,India,10150,5812,109,112,13,18,25,168,0,6,9,94.44
1847,2025-06-18,X (Twitter),New Feature Announcement,XT-250618-01847,Ready to dive in? Click through for New Feature Announcement.,Traffic,Text,45-54,USA,10302,6888,91,162,20,22,42,246,0,11,4,95.76
1848,2025-06-18,X (Twitter),Product Demo Series,XT-250618-01848,Link in bio to learn more about Product Demo Series.,Traffic,Text,35-44,UAE,6382,4729,77,103,13,11,31,158,0,2,3,43.56
1849,2025-06-18,X (Twitter),Retargeting Campaign,XT-250618-01849,Full details on our site — Retargeting Campaign.,Traffic,Image,25-34,Germany,9765,6452,72,69,10,6,37,122,0,4,3,66.56
1850,2025-06-18,YouTube,App Install Push,YT-250618-01850,Link in bio to learn more about App Install Push.,Traffic,Image,45-54,India,10769,8703,88,168,35,19,35,257,0,8,2,83.62
1851,2025-06-18,YouTube,Product Demo Series,YT-250618-01851,Don't miss out — Product Demo Series ends soon.,Conversions,Image,45-54,Germany,20909,12634,64,470,73,85,205,833,0,38,5,176.66
1852,2025-06-19,Facebook,App Install Push,FB-250619-01852,Tag a friend who needs to see this. App Install Push,Engagement,Text,55+,Germany,8699,7508,52,149,29,15,32,225,0,5,5,48.5
1853,2025-06-19,Facebook,Retargeting Campaign,FB-250619-01853,Install today and unlock Retargeting Campaign.,App Installs,Carousel,35-44,Brazil,21211,14186,346,501,72,87,90,750,0,10,33,175.34
1854,2025-06-19,Instagram,Brand Awareness Q3,IG-250619-01854,Big things are coming. Stay tuned for Brand Awareness Q3.,Awareness,Image,25-34,UK,29228,25047,145,856,127,140,266,1389,0,50,7,198.72
1855,2025-06-19,Instagram,Influencer Collab,IG-250619-01855,Get the app. Get Influencer Collab.,App Installs,Story,35-44,India,13294,11497,157,779,118,88,233,1218,6237,38,8,100.71
1856,2025-06-19,LinkedIn,Lead Gen - Webinar,LI-250619-01856,Limited time only. Shop Lead Gen - Webinar now.,Conversions,Text,25-34,Germany,3292,2254,15,25,3,4,11,43,0,1,1,37.17
1857,2025-06-19,LinkedIn,Summer Sale Launch,LI-250619-01857,Double tap if you agree! Summer Sale Launch,Engagement,Image,45-54,UK,6763,5775,24,74,14,14,31,133,0,3,2,100.74
1858,2025-06-19,TikTok,App Install Push,TT-250619-01858,Full details on our site — App Install Push.,Traffic,Video,18-24,India,34671,21444,518,2457,590,397,972,4416,20328,84,48,207.57
1859,2025-06-19,TikTok,Holiday Promo,TT-250619-01859,Get the app. Get Holiday Promo.,App Installs,Image,18-24,UAE,46517,27668,1039,3619,578,452,662,5311,0,199,40,297.37
1860,2025-06-19,TikTok,New Feature Announcement,TT-250619-01860,Install today and unlock New Feature Announcement.,App Installs,Reel,35-44,India,38234,34117,752,1972,311,192,654,3129,15628,150,49,238.0
1861,2025-06-19,X (Twitter),New Feature Announcement,XT-250619-01861,Get the free guide: New Feature Announcement.,Lead Generation,Text,25-34,Brazil,8945,6429,117,167,38,19,71,295,0,4,2,60.23
1862,2025-06-19,X (Twitter),Product Demo Series,XT-250619-01862,Get the free guide: Product Demo Series.,Lead Generation,Video,18-24,USA,14978,9039,152,266,45,24,63,398,5469,15,14,100.86
1863,2025-06-19,YouTube,New Feature Announcement,YT-250619-01863,Ready to dive in? Click through for New Feature Announcement.,Traffic,Video,45-54,India,11342,8513,89,333,53,34,65,485,4965,12,5,123.67
1864,2025-06-19,YouTube,Summer Sale Launch,YT-250619-01864,Download now and experience Summer Sale Launch.,App Installs,Video,45-54,UAE,23112,20015,94,276,41,39,62,418,12158,13,4,260.63
1865,2025-06-20,Facebook,Holiday Promo,FB-250620-01865,Ready to dive in? Click through for Holiday Promo.,Traffic,Carousel,25-34,Brazil,22583,12740,138,628,123,73,148,972,0,13,10,214.11
1866,2025-06-20,Facebook,Lead Gen - Webinar,FB-250620-01866,Your next favorite thing is one click away. Lead Gen - Webinar,Conversions,Image,25-34,UAE,31328,19266,435,379,81,45,136,641,0,14,44,172.67
1867,2025-06-20,Instagram,Brand Awareness Q3,IG-250620-01867,Tag a friend who needs to see this. Brand Awareness Q3,Engagement,Story,25-34,USA,20434,11404,155,559,102,92,58,811,6002,14,10,231.34
1868,2025-06-20,Instagram,Holiday Promo,IG-250620-01868,Download now and experience Holiday Promo.,App Installs,Story,45-54,UK,30562,26701,206,1253,156,98,329,1836,9289,32,17,216.35
1869,2025-06-20,Instagram,Influencer Collab,IG-250620-01869,Limited time only. Shop Influencer Collab now.,Conversions,Video,55+,UK,34869,24777,368,910,188,177,255,1530,12089,31,36,335.2
1870,2025-06-20,Instagram,Lead Gen - Webinar,IG-250620-01870,Join thousands who've already signed up for Lead Gen - Webinar.,Lead Generation,Story,45-54,UAE,14270,11354,144,567,106,52,221,946,8294,45,12,111.18
1871,2025-06-20,LinkedIn,Product Demo Series,LI-250620-01871,Double tap if you agree! Product Demo Series,Engagement,Video,35-44,Germany,8321,4760,33,95,22,12,37,166,3304,6,1,152.42
1872,2025-06-20,TikTok,Influencer Collab,TT-250620-01872,Don't miss out — Influencer Collab ends soon.,Conversions,Video,35-44,Brazil,19852,16457,430,552,103,54,199,908,10188,33,20,155.73
1873,2025-06-20,X (Twitter),App Install Push,XT-250620-01873,Join thousands who've already signed up for App Install Push.,Lead Generation,Image,18-24,UAE,5504,4233,35,115,21,14,21,171,0,5,3,50.64
1874,2025-06-20,X (Twitter),Holiday Promo,XT-250620-01874,Double tap if you agree! Holiday Promo,Engagement,Image,35-44,UK,9142,6338,109,133,26,25,34,218,0,2,12,51.91
1875,2025-06-20,X (Twitter),Lead Gen - Webinar,XT-250620-01875,Sign up now for exclusive access to Lead Gen - Webinar.,Lead Generation,Story,55+,Germany,3890,3223,23,50,7,7,23,87,1936,3,2,27.77
1876,2025-06-20,X (Twitter),New Feature Announcement,XT-250620-01876,Ready to dive in? Click through for New Feature Announcement.,Traffic,Text,25-34,India,13300,9439,190,251,37,27,133,448,0,20,6,87.64
1877,2025-06-21,Facebook,Lead Gen - Webinar,FB-250621-01877,Ready to dive in? Click through for Lead Gen - Webinar.,Traffic,Video,45-54,Germany,12610,10586,186,203,32,41,93,369,3960,15,9,121.59
1878,2025-06-21,Facebook,New Feature Announcement,FB-250621-01878,Reserve your spot for New Feature Announcement — seats are limited.,Lead Generation,Reel,45-54,Germany,15367,11260,256,175,37,23,75,310,5561,13,13,118.13
1879,2025-06-21,Facebook,Summer Sale Launch,FB-250621-01879,Reserve your spot for Summer Sale Launch — seats are limited.,Lead Generation,Text,55+,UAE,25431,22333,379,639,127,72,253,1091,0,47,22,241.39
1880,2025-06-21,Instagram,App Install Push,IG-250621-01880,Swipe up to explore App Install Push today.,Traffic,Text,55+,India,27416,16312,390,1158,197,209,290,1854,0,27,18,195.76
1881,2025-06-21,LinkedIn,Holiday Promo,LI-250621-01881,Install today and unlock Holiday Promo.,App Installs,Image,18-24,Germany,8402,5601,57,145,38,23,54,260,0,11,5,128.59
1882,2025-06-21,LinkedIn,Product Demo Series,LI-250621-01882,"You asked, we delivered. Introducing Product Demo Series.",Awareness,Reel,18-24,USA,6842,4337,69,143,26,16,28,213,2834,10,1,85.29
1883,2025-06-21,LinkedIn,Summer Sale Launch,LI-250621-01883,This is more than a campaign — it's a movement. Summer Sale Launch,Awareness,Video,45-54,Germany,6996,6250,39,100,25,16,39,180,4048,5,1,98.36
1884,2025-06-21,TikTok,Influencer Collab,TT-250621-01884,Ready to dive in? Click through for Influencer Collab.,Traffic,Video,55+,India,20420,16296,312,1400,346,175,571,2492,9063,96,7,141.93
1885,2025-06-21,TikTok,Product Demo Series,TT-250621-01885,Get exclusive access to Product Demo Series today.,Conversions,Text,35-44,UK,22716,14595,276,1522,264,311,650,2747,0,51,11,156.46
1886,2025-06-21,TikTok,Retargeting Campaign,TT-250621-01886,We want to hear your story. Share below. Retargeting Campaign,Engagement,Carousel,18-24,Germany,40441,32987,653,2320,500,412,750,3982,0,95,65,230.64
1887,2025-06-21,X (Twitter),Influencer Collab,XT-250621-01887,Swipe up to explore Influencer Collab today.,Traffic,Story,25-34,USA,7543,5122,55,116,17,11,28,172,2592,1,6,45.92
1888,2025-06-21,X (Twitter),Lead Gen - Webinar,XT-250621-01888,Get the app. Get Lead Gen - Webinar.,App Installs,Reel,35-44,USA,5033,3156,27,47,10,5,17,79,2586,3,1,42.04
1889,2025-06-21,X (Twitter),New Feature Announcement,XT-250621-01889,Sign up now for exclusive access to New Feature Announcement.,Lead Generation,Image,55+,UK,11769,10026,174,116,26,19,29,190,0,8,12,101.62
1890,2025-06-22,Instagram,Brand Awareness Q3,IG-250622-01890,Install today and unlock Brand Awareness Q3.,App Installs,Reel,25-34,Brazil,23824,13632,338,495,119,70,157,841,5868,15,19,155.3
1891,2025-06-22,Instagram,Influencer Collab,IG-250622-01891,Double tap if you agree! Influencer Collab,Engagement,Text,45-54,India,22537,16930,306,413,56,47,172,688,0,18,7,240.87
1892,2025-06-22,LinkedIn,App Install Push,LI-250622-01892,Limited time only. Shop App Install Push now.,Conversions,Image,25-34,India,4681,3095,28,109,15,19,21,164,0,5,0,51.53
1893,2025-06-22,LinkedIn,Retargeting Campaign,LI-250622-01893,Tell us what you think in the comments! Retargeting Campaign,Engagement,Image,35-44,USA,4253,3597,34,77,17,8,28,130,0,2,1,45.46
1894,2025-06-22,LinkedIn,Summer Sale Launch,LI-250622-01894,Tell us what you think in the comments! Summer Sale Launch,Engagement,Video,18-24,UK,6796,5963,50,51,7,6,21,85,2533,2,3,123.47
1895,2025-06-22,TikTok,Lead Gen - Webinar,TT-250622-01895,Tag a friend who needs to see this. Lead Gen - Webinar,Engagement,Reel,45-54,USA,30543,19823,378,1290,292,221,212,2015,11277,40,38,187.34
1896,2025-06-22,TikTok,Product Demo Series,TT-250622-01896,Tag a friend who needs to see this. Product Demo Series,Engagement,Carousel,25-34,UK,4552,2953,78,180,23,16,58,277,0,12,8,28.85
1897,2025-06-22,TikTok,Summer Sale Launch,TT-250622-01897,Tag a friend who needs to see this. Summer Sale Launch,Engagement,Image,45-54,Germany,24406,18392,492,1143,203,120,232,1698,0,59,27,132.76
1898,2025-06-22,X (Twitter),Holiday Promo,XT-250622-01898,Big things are coming. Stay tuned for Holiday Promo.,Awareness,Story,18-24,India,8859,5236,84,171,34,19,42,266,3266,7,7,81.99
1899,2025-06-22,YouTube,Holiday Promo,YT-250622-01899,Full details on our site — Holiday Promo.,Traffic,Text,55+,India,15756,12561,90,239,44,30,50,363,0,15,3,170.16
1900,2025-06-22,YouTube,Influencer Collab,YT-250622-01900,Download now and experience Influencer Collab.,App Installs,Reel,35-44,Brazil,15399,12111,109,329,68,44,135,576,3870,14,7,147.72
1901,2025-06-22,YouTube,Lead Gen - Webinar,YT-250622-01901,Don't miss out — Lead Gen - Webinar ends soon.,Conversions,Story,18-24,UAE,19146,16884,170,310,69,46,83,508,7934,15,19,197.08
1902,2025-06-22,YouTube,Summer Sale Launch,YT-250622-01902,This is more than a campaign — it's a movement. Summer Sale Launch,Awareness,Reel,55+,UK,14545,12106,99,310,55,58,112,535,5723,23,10,105.22
1903,2025-06-23,Facebook,Brand Awareness Q3,FB-250623-01903,Link in bio to learn more about Brand Awareness Q3.,Traffic,Reel,18-24,Germany,6260,5130,44,208,27,36,39,310,2494,6,5,65.25
1904,2025-06-23,Facebook,Influencer Collab,FB-250623-01904,This is more than a campaign — it's a movement. Influencer Collab,Awareness,Text,18-24,Brazil,27009,20625,336,747,131,89,277,1244,0,13,12,242.77
1905,2025-06-23,Facebook,Retargeting Campaign,FB-250623-01905,Discover what makes Retargeting Campaign different. #NewLaunch,Awareness,Image,45-54,UAE,15781,12009,142,350,47,47,119,563,0,20,12,118.17
1906,2025-06-23,Instagram,Summer Sale Launch,IG-250623-01906,Get exclusive access to Summer Sale Launch today.,Conversions,Story,35-44,UAE,26359,22288,275,583,141,71,163,958,8795,23,8,282.6
1907,2025-06-23,TikTok,Holiday Promo,TT-250623-01907,Get the app. Get Holiday Promo.,App Installs,Story,45-54,UAE,29259,17989,297,1081,236,224,334,1875,10649,42,23,203.02
1908,2025-06-23,TikTok,Influencer Collab,TT-250623-01908,Join thousands who've already signed up for Influencer Collab.,Lead Generation,Story,18-24,India,32111,24361,690,2111,402,268,382,3163,9308,74,70,231.75
1909,2025-06-23,TikTok,Lead Gen - Webinar,TT-250623-01909,Full details on our site — Lead Gen - Webinar.,Traffic,Video,25-34,India,27275,23450,335,1406,240,181,244,2071,12890,27,23,213.16
1910,2025-06-23,TikTok,Product Demo Series,TT-250623-01910,Download now and experience Product Demo Series.,App Installs,Video,18-24,Germany,21282,13893,469,1082,200,195,267,1744,7571,19,41,143.37
1911,2025-06-23,TikTok,Summer Sale Launch,TT-250623-01911,This is more than a campaign — it's a movement. Summer Sale Launch,Awareness,Text,55+,India,29699,22384,399,1089,224,97,365,1775,0,70,8,166.32
1912,2025-06-23,X (Twitter),Brand Awareness Q3,XT-250623-01912,Big things are coming. Stay tuned for Brand Awareness Q3.,Awareness,Image,25-34,UK,4278,2620,40,64,13,10,6,93,0,3,4,26.79
1913,2025-06-23,X (Twitter),Influencer Collab,XT-250623-01913,Link in bio to learn more about Influencer Collab.,Traffic,Text,55+,UK,7254,6439,38,116,23,9,27,175,0,5,4,65.83
1914,2025-06-23,YouTube,App Install Push,YT-250623-01914,We want to hear your story. Share below. App Install Push,Engagement,Image,35-44,Germany,15935,11452,52,342,75,43,101,561,0,8,1,178.41
1915,2025-06-23,YouTube,New Feature Announcement,YT-250623-01915,Your next favorite thing is one click away. New Feature Announcement,Conversions,Story,35-44,UAE,23210,12899,92,673,109,88,171,1041,8338,15,7,294.05
1916,2025-06-24,Facebook,New Feature Announcement,FB-250624-01916,Sign up now for exclusive access to New Feature Announcement.,Lead Generation,Reel,45-54,USA,24091,13685,167,416,52,43,106,617,10795,22,14,127.76
1917,2025-06-24,Facebook,Retargeting Campaign,FB-250624-01917,"You asked, we delivered. Introducing Retargeting Campaign.",Awareness,Reel,35-44,India,7918,6704,58,147,28,13,72,260,3098,8,3,52.9
1918,2025-06-24,Instagram,Holiday Promo,IG-250624-01918,Link in bio to learn more about Holiday Promo.,Traffic,Story,45-54,USA,33542,29969,408,1205,273,169,268,1915,13635,26,25,241.7
1919,2025-06-24,Instagram,New Feature Announcement,IG-250624-01919,Discover what makes New Feature Announcement different. #NewLaunch,Awareness,Reel,45-54,India,24067,20913,309,966,137,132,358,1593,7079,75,17,242.04
1920,2025-06-24,LinkedIn,App Install Push,LI-250624-01920,Get exclusive access to App Install Push today.,Conversions,Carousel,25-34,UK,4977,3442,48,89,13,15,15,132,0,5,1,61.1
1921,2025-06-24,LinkedIn,Brand Awareness Q3,LI-250624-01921,Available now on iOS and Android — Brand Awareness Q3.,App Installs,Carousel,25-34,Brazil,6638,5398,35,174,40,23,42,279,0,6,2,99.17
1922,2025-06-24,LinkedIn,Holiday Promo,LI-250624-01922,Sign up now for exclusive access to Holiday Promo.,Lead Generation,Image,18-24,Brazil,9566,6305,47,145,33,20,37,235,0,7,4,125.46
1923,2025-06-24,LinkedIn,Lead Gen - Webinar,LI-250624-01923,Sign up now for exclusive access to Lead Gen - Webinar.,Lead Generation,Text,55+,USA,4005,2596,34,107,23,12,25,167,0,6,3,57.19
1924,2025-06-24,TikTok,App Install Push,TT-250624-01924,Limited time only. Shop App Install Push now.,Conversions,Carousel,55+,UK,17007,13641,331,564,88,55,199,906,0,16,24,123.88
1925,2025-06-24,TikTok,Lead Gen - Webinar,TT-250624-01925,Install today and unlock Lead Gen - Webinar.,App Installs,Video,25-34,India,37418,24181,563,1986,459,293,587,3325,20132,163,64,209.37
1926,2025-06-24,TikTok,Retargeting Campaign,TT-250624-01926,Limited time only. Shop Retargeting Campaign now.,Conversions,Carousel,55+,USA,4891,2752,53,200,35,30,30,295,0,14,4,40.2
1927,2025-06-24,X (Twitter),Retargeting Campaign,XT-250624-01927,Your next favorite thing is one click away. Retargeting Campaign,Conversions,Text,45-54,USA,7321,4820,114,151,24,20,27,222,0,5,3,47.98
1928,2025-06-25,Instagram,Influencer Collab,IG-250625-01928,Join thousands who've already signed up for Influencer Collab.,Lead Generation,Text,45-54,UAE,34475,28791,309,1221,234,132,632,2219,0,48,20,334.37
1929,2025-06-25,LinkedIn,Product Demo Series,LI-250625-01929,"You asked, we delivered. Introducing Product Demo Series.",Awareness,Reel,18-24,USA,3519,2947,29,33,5,5,15,58,2101,1,3,39.85
1930,2025-06-25,TikTok,App Install Push,TT-250625-01930,Don't miss out — App Install Push ends soon.,Conversions,Reel,35-44,Germany,14699,12843,115,1133,223,128,325,1809,6402,89,5,121.42
1931,2025-06-25,X (Twitter),Brand Awareness Q3,XT-250625-01931,Install today and unlock Brand Awareness Q3.,App Installs,Reel,35-44,UAE,7220,5316,53,75,9,13,20,117,2932,3,3,65.94
1932,2025-06-25,X (Twitter),Retargeting Campaign,XT-250625-01932,Available now on iOS and Android — Retargeting Campaign.,App Installs,Text,45-54,UK,14627,12842,216,95,22,16,33,166,0,6,15,78.9
1933,2025-06-25,X (Twitter),Summer Sale Launch,XT-250625-01933,Get exclusive access to Summer Sale Launch today.,Conversions,Text,35-44,Germany,11815,8670,174,70,14,7,28,119,0,3,14,107.3
1934,2025-06-25,YouTube,App Install Push,YT-250625-01934,We want to hear your story. Share below. App Install Push,Engagement,Video,25-34,USA,14152,12147,92,469,67,56,124,716,7135,23,5,125.59
1935,2025-06-25,YouTube,Brand Awareness Q3,YT-250625-01935,We want to hear your story. Share below. Brand Awareness Q3,Engagement,Story,18-24,USA,12946,8111,113,145,26,15,32,218,7425,5,11,148.16
1936,2025-06-26,Facebook,Brand Awareness Q3,FB-250626-01936,Get exclusive access to Brand Awareness Q3 today.,Conversions,Carousel,55+,Brazil,24851,15843,231,724,125,121,120,1090,0,19,25,135.72
1937,2025-06-26,Facebook,Influencer Collab,FB-250626-01937,Tell us what you think in the comments! Influencer Collab,Engagement,Image,18-24,UAE,20124,18060,290,228,45,35,58,366,0,6,21,181.69
1938,2025-06-26,Facebook,Summer Sale Launch,FB-250626-01938,Swipe up to explore Summer Sale Launch today.,Traffic,Text,45-54,Germany,16486,13872,224,281,39,27,63,410,0,7,6,157.02
1939,2025-06-26,Instagram,Brand Awareness Q3,IG-250626-01939,Available now on iOS and Android — Brand Awareness Q3.,App Installs,Video,25-34,India,28544,21535,307,1180,186,160,610,2136,13027,91,8,189.22
1940,2025-06-26,LinkedIn,Influencer Collab,LI-250626-01940,Limited time only. Shop Influencer Collab now.,Conversions,Text,55+,UAE,6067,4737,47,56,7,6,19,88,0,4,2,118.99
1941,2025-06-26,LinkedIn,Summer Sale Launch,LI-250626-01941,Get the app. Get Summer Sale Launch.,App Installs,Story,45-54,UAE,7321,6287,64,93,16,17,26,152,4043,6,1,87.34
1942,2025-06-26,TikTok,Influencer Collab,TT-250626-01942,This is more than a campaign — it's a movement. Influencer Collab,Awareness,Video,25-34,USA,39775,28888,787,1361,279,237,277,2154,18341,58,77,323.35
1943,2025-06-26,YouTube,Lead Gen - Webinar,YT-250626-01943,Tag a friend who needs to see this. Lead Gen - Webinar,Engagement,Image,25-34,India,11726,10316,89,164,39,30,42,275,0,3,2,109.57
1944,2025-06-27,Facebook,Brand Awareness Q3,FB-250627-01944,"You asked, we delivered. Introducing Brand Awareness Q3.",Awareness,Story,55+,Germany,9263,7536,158,107,16,15,33,171,3894,8,12,71.31
1945,2025-06-27,Facebook,Influencer Collab,FB-250627-01945,Sign up now for exclusive access to Influencer Collab.,Lead Generation,Image,35-44,UAE,25436,16837,274,560,100,87,200,947,0,22,22,211.02
1946,2025-06-27,Facebook,Lead Gen - Webinar,FB-250627-01946,Discover what makes Lead Gen - Webinar different. #NewLaunch,Awareness,Text,45-54,India,21312,18532,137,702,140,93,176,1111,0,45,3,189.96
1947,2025-06-27,Instagram,Brand Awareness Q3,IG-250627-01947,Your next favorite thing is one click away. Brand Awareness Q3,Conversions,Story,18-24,India,23369,15436,246,497,70,46,234,847,6967,30,5,166.79
1948,2025-06-27,Instagram,Holiday Promo,IG-250627-01948,Get exclusive access to Holiday Promo today.,Conversions,Image,35-44,USA,19964,13576,110,1028,170,198,338,1734,0,70,3,206.9
1949,2025-06-27,Instagram,Summer Sale Launch,IG-250627-01949,Get exclusive access to Summer Sale Launch today.,Conversions,Story,45-54,Brazil,17217,13245,194,424,63,61,66,614,9271,26,8,150.63
1950,2025-06-27,LinkedIn,Holiday Promo,LI-250627-01950,Join thousands who've already signed up for Holiday Promo.,Lead Generation,Text,55+,UAE,4019,2767,32,52,8,8,13,81,0,1,0,49.66
1951,2025-06-27,LinkedIn,Influencer Collab,LI-250627-01951,Tag a friend who needs to see this. Influencer Collab,Engagement,Video,35-44,Brazil,8553,6223,90,126,21,18,28,193,4078,3,10,130.6
1952,2025-06-27,LinkedIn,Product Demo Series,LI-250627-01952,Get the app. Get Product Demo Series.,App Installs,Reel,35-44,USA,4938,3047,38,113,16,12,61,202,2618,2,2,82.26
1953,2025-06-27,LinkedIn,Summer Sale Launch,LI-250627-01953,Get exclusive access to Summer Sale Launch today.,Conversions,Video,18-24,Brazil,6078,3776,56,78,14,14,13,119,3063,3,5,123.38
1954,2025-06-27,TikTok,Brand Awareness Q3,TT-250627-01954,Your next favorite thing is one click away. Brand Awareness Q3,Conversions,Text,55+,Brazil,29491,17778,580,1277,227,215,348,2067,0,26,57,183.46
1955,2025-06-27,X (Twitter),App Install Push,XT-250627-01955,Get the app. Get App Install Push.,App Installs,Text,45-54,India,4519,3675,63,77,11,13,16,117,0,2,2,25.45
1956,2025-06-27,YouTube,Brand Awareness Q3,YT-250627-01956,Get the free guide: Brand Awareness Q3.,Lead Generation,Text,35-44,India,14480,12591,119,258,38,20,60,376,0,10,12,192.01
1957,2025-06-27,YouTube,Lead Gen - Webinar,YT-250627-01957,Don't miss out — Lead Gen - Webinar ends soon.,Conversions,Image,45-54,Brazil,17793,13024,167,492,72,52,96,712,0,34,5,219.46
1958,2025-06-28,Facebook,Brand Awareness Q3,FB-250628-01958,Download now and experience Brand Awareness Q3.,App Installs,Story,25-34,Germany,32058,25337,199,716,95,66,247,1124,8486,35,14,280.0
1959,2025-06-28,Instagram,Brand Awareness Q3,IG-250628-01959,Download now and experience Brand Awareness Q3.,App Installs,Text,45-54,India,19285,16767,89,756,108,81,403,1348,0,28,8,157.51
1960,2025-06-28,Instagram,Holiday Promo,IG-250628-01960,Install today and unlock Holiday Promo.,App Installs,Text,18-24,UAE,23750,18079,268,845,188,87,149,1269,0,47,30,232.17
1961,2025-06-28,Instagram,Lead Gen - Webinar,IG-250628-01961,Tell us what you think in the comments! Lead Gen - Webinar,Engagement,Reel,18-24,USA,22231,12318,166,1181,208,164,428,1981,6138,88,16,199.28
1962,2025-06-28,LinkedIn,Brand Awareness Q3,LI-250628-01962,Don't miss out — Brand Awareness Q3 ends soon.,Conversions,Story,35-44,UK,3952,3177,15,80,13,8,31,132,1248,2,0,73.8
1963,2025-06-28,LinkedIn,Holiday Promo,LI-250628-01963,Don't miss out — Holiday Promo ends soon.,Conversions,Video,25-34,UK,3710,2924,19,66,13,12,14,105,857,4,0,38.92
1964,2025-06-28,LinkedIn,Lead Gen - Webinar,LI-250628-01964,Link in bio to learn more about Lead Gen - Webinar.,Traffic,Carousel,35-44,UAE,3384,2758,30,28,6,5,12,51,0,0,1,54.42
1965,2025-06-28,LinkedIn,Summer Sale Launch,LI-250628-01965,Download now and experience Summer Sale Launch.,App Installs,Carousel,55+,UAE,4559,3570,39,48,9,9,17,83,0,1,3,46.74
1966,2025-06-28,TikTok,App Install Push,TT-250628-01966,Tell us what you think in the comments! App Install Push,Engagement,Reel,45-54,USA,33448,22197,469,1380,245,235,170,2030,8975,100,15,221.2
1967,2025-06-28,TikTok,Summer Sale Launch,TT-250628-01967,Install today and unlock Summer Sale Launch.,App Installs,Text,35-44,India,16841,10643,251,1324,273,144,221,1962,0,77,10,126.86
1968,2025-06-28,X (Twitter),Brand Awareness Q3,XT-250628-01968,Discover what makes Brand Awareness Q3 different. #NewLaunch,Awareness,Carousel,45-54,USA,12028,10427,175,137,28,20,22,207,0,5,20,71.6
1969,2025-06-28,X (Twitter),New Feature Announcement,XT-250628-01969,Tag a friend who needs to see this. New Feature Announcement,Engagement,Video,55+,USA,12364,7546,65,155,31,26,32,244,5848,12,2,94.78
1970,2025-06-28,YouTube,Brand Awareness Q3,YT-250628-01970,Tell us what you think in the comments! Brand Awareness Q3,Engagement,Reel,25-34,Germany,24306,21436,75,484,96,46,123,749,6458,8,6,318.77
1971,2025-06-29,Facebook,Influencer Collab,FB-250629-01971,This is more than a campaign — it's a movement. Influencer Collab,Awareness,Text,18-24,India,30386,20864,171,612,143,113,113,981,0,16,6,188.38
1972,2025-06-29,Facebook,Product Demo Series,FB-250629-01972,Install today and unlock Product Demo Series.,App Installs,Carousel,35-44,UK,27656,22513,229,450,70,40,118,678,0,32,12,190.91
1973,2025-06-29,Instagram,Influencer Collab,IG-250629-01973,"You asked, we delivered. Introducing Influencer Collab.",Awareness,Video,35-44,UK,35563,30086,264,2062,335,176,545,3118,11527,72,30,256.59
1974,2025-06-29,Instagram,Lead Gen - Webinar,IG-250629-01974,Get the app. Get Lead Gen - Webinar.,App Installs,Reel,55+,UAE,15607,9099,184,824,117,123,188,1252,5611,54,9,90.54
1975,2025-06-29,Instagram,New Feature Announcement,IG-250629-01975,Discover what makes New Feature Announcement different. #NewLaunch,Awareness,Video,45-54,Germany,38485,30408,181,752,111,112,220,1195,12352,42,14,342.88
1976,2025-06-29,Instagram,Summer Sale Launch,IG-250629-01976,Swipe up to explore Summer Sale Launch today.,Traffic,Reel,25-34,USA,22111,18580,317,1160,171,178,322,1831,6686,29,13,245.92
1977,2025-06-29,LinkedIn,App Install Push,LI-250629-01977,Get the free guide: App Install Push.,Lead Generation,Image,25-34,UAE,8500,6614,31,157,23,15,51,246,0,8,2,110.11
1978,2025-06-29,LinkedIn,New Feature Announcement,LI-250629-01978,Don't miss out — New Feature Announcement ends soon.,Conversions,Image,18-24,Brazil,6228,3965,26,85,16,17,27,145,0,6,1,71.07
1979,2025-06-29,TikTok,App Install Push,TT-250629-01979,Your next favorite thing is one click away. App Install Push,Conversions,Text,18-24,UK,24494,14338,473,717,184,135,226,1262,0,62,50,159.7
1980,2025-06-29,TikTok,Holiday Promo,TT-250629-01980,Available now on iOS and Android — Holiday Promo.,App Installs,Carousel,45-54,Brazil,35441,22911,428,1738,307,241,541,2827,0,118,43,270.09
1981,2025-06-29,YouTube,New Feature Announcement,YT-250629-01981,Reserve your spot for New Feature Announcement — seats are limited.,Lead Generation,Image,55+,USA,9390,8046,52,212,48,44,73,377,0,6,3,96.01
1982,2025-06-29,YouTube,Retargeting Campaign,YT-250629-01982,Big things are coming. Stay tuned for Retargeting Campaign.,Awareness,Video,45-54,India,22886,18178,148,782,132,129,98,1141,6707,41,6,213.72
1983,2025-06-30,Instagram,Retargeting Campaign,IG-250630-01983,"You asked, we delivered. Introducing Retargeting Campaign.",Awareness,Text,55+,Germany,23637,20613,312,847,144,96,317,1404,0,31,31,209.56
1984,2025-06-30,Instagram,Summer Sale Launch,IG-250630-01984,Don't miss out — Summer Sale Launch ends soon.,Conversions,Story,55+,Germany,21162,12150,242,814,131,147,213,1305,7421,59,25,132.46
1985,2025-06-30,LinkedIn,Retargeting Campaign,LI-250630-01985,Install today and unlock Retargeting Campaign.,App Installs,Text,35-44,Germany,3113,2506,13,75,9,6,26,116,0,4,1,51.68
1986,2025-06-30,TikTok,Lead Gen - Webinar,TT-250630-01986,Your next favorite thing is one click away. Lead Gen - Webinar,Conversions,Video,25-34,India,23663,13533,484,1327,230,155,501,2213,9919,90,25,144.65
1987,2025-06-30,TikTok,New Feature Announcement,TT-250630-01987,Double tap if you agree! New Feature Announcement,Engagement,Image,55+,USA,32276,20204,595,960,197,154,113,1424,0,15,49,156.24
1988,2025-06-30,X (Twitter),App Install Push,XT-250630-01988,Tell us what you think in the comments! App Install Push,Engagement,Story,18-24,India,11315,7596,168,132,26,10,33,201,6775,2,3,73.31
1989,2025-06-30,X (Twitter),Retargeting Campaign,XT-250630-01989,"You asked, we delivered. Introducing Retargeting Campaign.",Awareness,Text,25-34,Brazil,13546,8404,140,190,44,23,75,332,0,8,10,78.09
1990,2025-06-30,YouTube,Holiday Promo,YT-250630-01990,Install today and unlock Holiday Promo.,App Installs,Carousel,18-24,India,18293,11142,145,208,39,25,57,329,0,10,2,224.39
1991,2025-06-30,YouTube,New Feature Announcement,YT-250630-01991,This is more than a campaign — it's a movement. New Feature Announcement,Awareness,Carousel,35-44,India,17472,12857,136,202,32,37,50,321,0,15,12,215.78
1992,2025-06-30,YouTube,Summer Sale Launch,YT-250630-01992,Limited time only. Shop Summer Sale Launch now.,Conversions,Story,45-54,Brazil,23026,18099,113,529,66,43,145,783,6552,31,9,238.29
1993,2025-07-01,Instagram,New Feature Announcement,IG-250701-01993,Get the free guide: New Feature Announcement.,Lead Generation,Text,45-54,UAE,31733,24657,445,1269,207,137,415,2028,0,56,21,185.97
1994,2025-07-01,Instagram,Summer Sale Launch,IG-250701-01994,Full details on our site — Summer Sale Launch.,Traffic,Story,25-34,Brazil,26151,20712,290,753,186,83,327,1349,10274,24,23,205.99
1995,2025-07-01,LinkedIn,Brand Awareness Q3,LI-250701-01995,Ready to dive in? Click through for Brand Awareness Q3.,Traffic,Text,25-34,USA,6660,4745,65,142,31,13,42,228,0,8,6,129.11
1996,2025-07-01,LinkedIn,Retargeting Campaign,LI-250701-01996,Full details on our site — Retargeting Campaign.,Traffic,Text,45-54,UK,7184,6306,59,66,8,9,18,101,0,4,5,129.75
1997,2025-07-01,TikTok,Influencer Collab,TT-250701-01997,Join thousands who've already signed up for Influencer Collab.,Lead Generation,Reel,35-44,Brazil,41293,23403,797,1845,296,367,707,3215,17247,37,85,192.61
1998,2025-07-01,X (Twitter),Holiday Promo,XT-250701-01998,Swipe up to explore Holiday Promo today.,Traffic,Image,18-24,Brazil,9980,8067,126,111,14,18,19,162,0,6,4,62.36
1999,2025-07-01,X (Twitter),New Feature Announcement,XT-250701-01999,Get the free guide: New Feature Announcement.,Lead Generation,Carousel,25-34,USA,7950,4763,50,135,36,15,58,244,0,3,3,42.02
2000,2025-07-01,YouTube,Influencer Collab,YT-250701-02000,Install today and unlock Influencer Collab.,App Installs,Video,55+,Brazil,19806,16204,134,331,39,36,77,483,4157,6,8,227.71
2001,2025-07-02,Instagram,Influencer Collab,IG-250702-02001,Swipe up to explore Influencer Collab today.,Traffic,Reel,18-24,India,10598,7954,57,605,87,84,165,941,4792,33,1,68.94
2002,2025-07-02,Instagram,Retargeting Campaign,IG-250702-02002,Full details on our site — Retargeting Campaign.,Traffic,Video,55+,Brazil,12311,9371,62,527,104,93,109,833,7269,34,7,130.76
2003,2025-07-02,LinkedIn,Influencer Collab,LI-250702-02003,Swipe up to explore Influencer Collab today.,Traffic,Text,55+,Germany,8770,7438,56,176,33,17,80,306,0,10,4,101.35
2004,2025-07-02,LinkedIn,Summer Sale Launch,LI-250702-02004,Get the app. Get Summer Sale Launch.,App Installs,Text,55+,UAE,4290,2502,21,102,20,10,30,162,0,5,2,79.63
2005,2025-07-02,TikTok,Brand Awareness Q3,TT-250702-02005,Available now on iOS and Android — Brand Awareness Q3.,App Installs,Text,55+,Brazil,33493,29632,681,2065,306,399,909,3679,0,82,69,209.55
2006,2025-07-02,X (Twitter),Brand Awareness Q3,XT-250702-02006,"You asked, we delivered. Introducing Brand Awareness Q3.",Awareness,Image,18-24,India,8583,7314,59,57,7,10,15,89,0,2,3,65.76
2007,2025-07-02,YouTube,Brand Awareness Q3,YT-250702-02007,We want to hear your story. Share below. Brand Awareness Q3,Engagement,Carousel,35-44,Germany,23358,20329,83,718,109,80,167,1074,0,31,1,162.55
2008,2025-07-02,YouTube,Lead Gen - Webinar,YT-250702-02008,Sign up now for exclusive access to Lead Gen - Webinar.,Lead Generation,Image,18-24,Germany,15954,12544,106,281,43,35,84,443,0,10,3,135.88
2009,2025-07-03,Facebook,Retargeting Campaign,FB-250703-02009,Join thousands who've already signed up for Retargeting Campaign.,Lead Generation,Reel,55+,India,30218,16756,232,563,141,92,167,963,14995,20,26,205.76
2010,2025-07-03,Instagram,Retargeting Campaign,IG-250703-02010,This is more than a campaign — it's a movement. Retargeting Campaign,Awareness,Carousel,55+,India,26800,18035,356,545,118,47,170,880,0,32,36,262.34
2011,2025-07-03,LinkedIn,Retargeting Campaign,LI-250703-02011,"You asked, we delivered. Introducing Retargeting Campaign.",Awareness,Image,18-24,India,8447,5292,78,79,10,14,24,127,0,3,2,150.17
2012,2025-07-03,TikTok,Product Demo Series,TT-250703-02012,Full details on our site — Product Demo Series.,Traffic,Reel,45-54,UAE,17172,15280,257,1302,303,116,443,2164,5929,88,28,142.95
2013,2025-07-03,TikTok,Retargeting Campaign,TT-250703-02013,Tag a friend who needs to see this. Retargeting Campaign,Engagement,Text,45-54,India,39546,25034,579,1683,336,125,269,2413,0,32,53,323.51
2014,2025-07-03,X (Twitter),Brand Awareness Q3,XT-250703-02014,Your next favorite thing is one click away. Brand Awareness Q3,Conversions,Video,25-34,Brazil,6898,4984,68,97,15,9,34,155,2775,5,4,58.07
2015,2025-07-03,YouTube,Product Demo Series,YT-250703-02015,Tag a friend who needs to see this. Product Demo Series,Engagement,Story,25-34,India,22106,13400,178,255,55,36,32,378,8641,12,9,178.31
2016,2025-07-03,YouTube,Retargeting Campaign,YT-250703-02016,Your next favorite thing is one click away. Retargeting Campaign,Conversions,Story,45-54,UAE,12415,10096,111,200,45,33,45,323,2716,13,11,115.04
2017,2025-07-03,YouTube,Summer Sale Launch,YT-250703-02017,Tell us what you think in the comments! Summer Sale Launch,Engagement,Carousel,45-54,USA,19830,11637,94,190,31,38,86,345,0,11,10,163.5
2018,2025-07-04,Facebook,Influencer Collab,FB-250704-02018,We want to hear your story. Share below. Influencer Collab,Engagement,Reel,45-54,USA,10406,8953,77,124,23,13,67,227,3026,5,1,66.65
2019,2025-07-04,Facebook,New Feature Announcement,FB-250704-02019,Big things are coming. Stay tuned for New Feature Announcement.,Awareness,Carousel,55+,Germany,20740,14252,246,429,99,80,64,672,0,20,14,193.24
2020,2025-07-04,LinkedIn,App Install Push,LI-250704-02020,Tell us what you think in the comments! App Install Push,Engagement,Story,45-54,USA,4079,3542,36,37,8,4,7,56,1565,1,2,81.54
2021,2025-07-04,LinkedIn,Lead Gen - Webinar,LI-250704-02021,Swipe up to explore Lead Gen - Webinar today.,Traffic,Carousel,35-44,Germany,7383,6635,79,160,30,22,41,253,0,9,4,127.92
2022,2025-07-04,LinkedIn,Product Demo Series,LI-250704-02022,Discover what makes Product Demo Series different. #NewLaunch,Awareness,Reel,45-54,USA,7449,4776,28,144,20,16,38,218,3813,2,2,76.86
2023,2025-07-04,LinkedIn,Retargeting Campaign,LI-250704-02023,Ready to dive in? Click through for Retargeting Campaign.,Traffic,Story,18-24,UK,5519,3270,30,141,24,10,32,207,2017,7,2,107.94
2024,2025-07-04,X (Twitter),New Feature Announcement,XT-250704-02024,Full details on our site — New Feature Announcement.,Traffic,Carousel,25-34,UK,1307,733,15,16,3,3,8,30,0,1,0,12.1
2025,2025-07-04,YouTube,Influencer Collab,YT-250704-02025,Discover what makes Influencer Collab different. #NewLaunch,Awareness,Reel,25-34,USA,14322,9665,136,357,46,50,126,579,3909,6,9,188.95
2026,2025-07-04,YouTube,Summer Sale Launch,YT-250704-02026,Download now and experience Summer Sale Launch.,App Installs,Video,55+,Germany,8787,5155,27,136,26,15,47,224,3307,3,1,115.94
2027,2025-07-05,Facebook,App Install Push,FB-250705-02027,Reserve your spot for App Install Push — seats are limited.,Lead Generation,Image,45-54,UAE,22773,13963,387,317,63,43,32,455,0,5,10,207.43
2028,2025-07-05,Facebook,Influencer Collab,FB-250705-02028,Don't miss out — Influencer Collab ends soon.,Conversions,Video,35-44,USA,20545,12302,293,455,100,74,174,803,8391,39,33,163.48
2029,2025-07-05,Facebook,Product Demo Series,FB-250705-02029,Full details on our site — Product Demo Series.,Traffic,Text,18-24,UK,20632,12082,135,486,117,67,165,835,0,19,11,183.65
2030,2025-07-05,Facebook,Summer Sale Launch,FB-250705-02030,Get the app. Get Summer Sale Launch.,App Installs,Story,45-54,UAE,21282,14836,289,266,35,22,101,424,10577,19,14,180.21
2031,2025-07-05,LinkedIn,App Install Push,LI-250705-02031,Get the free guide: App Install Push.,Lead Generation,Video,25-34,Brazil,5615,4617,61,113,19,15,39,186,2167,4,6,80.75
2032,2025-07-05,LinkedIn,Brand Awareness Q3,LI-250705-02032,Your next favorite thing is one click away. Brand Awareness Q3,Conversions,Reel,18-24,USA,8346,4809,56,105,22,19,18,164,4730,6,5,123.22
2033,2025-07-05,LinkedIn,Holiday Promo,LI-250705-02033,Download now and experience Holiday Promo.,App Installs,Carousel,55+,UAE,3452,2804,23,38,6,3,11,58,0,0,1,60.23
2034,2025-07-05,LinkedIn,New Feature Announcement,LI-250705-02034,Reserve your spot for New Feature Announcement — seats are limited.,Lead Generation,Text,55+,India,3845,2747,18,75,13,6,22,116,0,4,0,57.32
2035,2025-07-05,TikTok,App Install Push,TT-250705-02035,Don't miss out — App Install Push ends soon.,Conversions,Video,45-54,Germany,30258,25012,660,1034,196,188,224,1642,11332,59,22,206.8
2036,2025-07-05,TikTok,Brand Awareness Q3,TT-250705-02036,Tell us what you think in the comments! Brand Awareness Q3,Engagement,Reel,55+,Brazil,39738,32241,796,1346,268,148,240,2002,22758,64,15,282.11
2037,2025-07-05,TikTok,New Feature Announcement,TT-250705-02037,Install today and unlock New Feature Announcement.,App Installs,Image,55+,UAE,22185,18387,355,959,119,141,208,1427,0,67,33,134.09
2038,2025-07-05,X (Twitter),Influencer Collab,XT-250705-02038,"You asked, we delivered. Introducing Influencer Collab.",Awareness,Reel,55+,UK,13816,10313,199,233,41,21,45,340,6627,16,17,125.84
2039,2025-07-05,X (Twitter),Summer Sale Launch,XT-250705-02039,"You asked, we delivered. Introducing Summer Sale Launch.",Awareness,Text,55+,USA,8877,5755,114,152,35,28,62,277,0,3,7,51.12
2040,2025-07-05,YouTube,Product Demo Series,YT-250705-02040,Full details on our site — Product Demo Series.,Traffic,Story,45-54,UAE,12134,7930,62,266,54,27,63,410,4187,20,3,106.66
2041,2025-07-06,Facebook,Brand Awareness Q3,FB-250706-02041,Don't miss out — Brand Awareness Q3 ends soon.,Conversions,Image,55+,Germany,9759,6556,81,233,47,37,41,358,0,3,7,70.43
2042,2025-07-06,Facebook,Lead Gen - Webinar,FB-250706-02042,Your next favorite thing is one click away. Lead Gen - Webinar,Conversions,Image,35-44,UK,12243,10114,193,394,69,75,149,687,0,30,3,77.04
2043,2025-07-06,Instagram,App Install Push,IG-250706-02043,Big things are coming. Stay tuned for App Install Push.,Awareness,Reel,25-34,Germany,26710,15040,219,1159,191,202,179,1731,9818,50,20,194.99
2044,2025-07-06,Instagram,New Feature Announcement,IG-250706-02044,Get exclusive access to New Feature Announcement today.,Conversions,Carousel,18-24,USA,8175,5861,101,350,70,64,80,564,0,27,10,73.5
2045,2025-07-06,Instagram,Product Demo Series,IG-250706-02045,This is more than a campaign — it's a movement. Product Demo Series,Awareness,Carousel,45-54,UK,11150,8433,116,358,75,40,48,521,0,19,10,91.8
2046,2025-07-06,Instagram,Retargeting Campaign,IG-250706-02046,Double tap if you agree! Retargeting Campaign,Engagement,Video,35-44,USA,35206,29251,261,749,139,126,179,1193,15373,44,6,397.76
2047,2025-07-06,LinkedIn,Brand Awareness Q3,LI-250706-02047,Double tap if you agree! Brand Awareness Q3,Engagement,Image,18-24,Germany,4570,3985,31,84,14,8,31,137,0,2,2,78.21
2048,2025-07-06,LinkedIn,Influencer Collab,LI-250706-02048,Your next favorite thing is one click away. Influencer Collab,Conversions,Reel,18-24,India,7240,6439,80,157,21,15,37,230,2001,6,2,143.51
2049,2025-07-06,TikTok,Product Demo Series,TT-250706-02049,Get the free guide: Product Demo Series.,Lead Generation,Reel,25-34,India,46588,35583,841,1811,446,192,814,3263,16311,40,23,336.91
2050,2025-07-06,X (Twitter),Brand Awareness Q3,XT-250706-02050,We want to hear your story. Share below. Brand Awareness Q3,Engagement,Image,55+,Germany,14780,8970,100,259,63,30,111,463,0,15,11,103.31
2051,2025-07-06,X (Twitter),Product Demo Series,XT-250706-02051,This is more than a campaign — it's a movement. Product Demo Series,Awareness,Image,25-34,UK,3493,2467,52,47,8,7,14,76,0,3,2,23.69
2052,2025-07-06,YouTube,New Feature Announcement,YT-250706-02052,Limited time only. Shop New Feature Announcement now.,Conversions,Carousel,35-44,India,10478,7399,90,194,34,24,32,284,0,9,3,92.37
2053,2025-07-06,YouTube,Summer Sale Launch,YT-250706-02053,We want to hear your story. Share below. Summer Sale Launch,Engagement,Carousel,45-54,UAE,15988,9697,88,379,71,57,69,576,0,9,8,151.95
2054,2025-07-07,Facebook,App Install Push,FB-250707-02054,Ready to dive in? Click through for App Install Push.,Traffic,Text,45-54,Germany,19187,10946,277,637,89,93,102,921,0,22,23,106.23
2055,2025-07-07,Facebook,Holiday Promo,FB-250707-02055,Tag a friend who needs to see this. Holiday Promo,Engagement,Carousel,55+,UK,12739,7568,145,291,73,33,105,502,0,15,5,94.25
2056,2025-07-07,Facebook,Influencer Collab,FB-250707-02056,Double tap if you agree! Influencer Collab,Engagement,Carousel,55+,India,18111,11849,134,659,99,66,124,948,0,26,13,152.27
2057,2025-07-07,Instagram,New Feature Announcement,IG-250707-02057,Your next favorite thing is one click away. New Feature Announcement,Conversions,Image,55+,UK,28451,21922,329,1486,387,200,513,2586,0,76,25,281.41
2058,2025-07-07,LinkedIn,Holiday Promo,LI-250707-02058,Install today and unlock Holiday Promo.,App Installs,Video,55+,Brazil,7072,4792,53,69,11,7,26,113,3212,5,1,135.99
2059,2025-07-07,LinkedIn,Lead Gen - Webinar,LI-250707-02059,Link in bio to learn more about Lead Gen - Webinar.,Traffic,Reel,55+,UAE,6287,5245,62,56,10,8,7,81,3677,2,2,69.02
2060,2025-07-07,LinkedIn,New Feature Announcement,LI-250707-02060,Reserve your spot for New Feature Announcement — seats are limited.,Lead Generation,Carousel,25-34,USA,7613,4680,40,90,19,9,37,155,0,3,3,107.2
2061,2025-07-07,LinkedIn,Product Demo Series,LI-250707-02061,Don't miss out — Product Demo Series ends soon.,Conversions,Image,18-24,India,5919,3960,54,138,24,18,49,229,0,4,4,115.49
2062,2025-07-07,TikTok,New Feature Announcement,TT-250707-02062,Discover what makes New Feature Announcement different. #NewLaunch,Awareness,Story,35-44,Brazil,24541,16856,277,1472,266,168,437,2343,13545,111,26,117.28
2063,2025-07-07,TikTok,Product Demo Series,TT-250707-02063,Double tap if you agree! Product Demo Series,Engagement,Reel,45-54,Brazil,46660,30687,678,1602,386,272,612,2872,25487,48,16,262.75
2064,2025-07-07,TikTok,Retargeting Campaign,TT-250707-02064,This is more than a campaign — it's a movement. Retargeting Campaign,Awareness,Video,55+,UAE,29433,20286,586,872,151,106,295,1424,7922,50,24,161.66
2065,2025-07-07,YouTube,Holiday Promo,YT-250707-02065,Big things are coming. Stay tuned for Holiday Promo.,Awareness,Story,25-34,USA,23776,17422,173,304,72,40,87,503,14021,23,19,285.0
2066,2025-07-08,Facebook,App Install Push,FB-250708-02066,Tag a friend who needs to see this. App Install Push,Engagement,Story,55+,Germany,15928,9399,249,348,53,37,174,612,4484,26,22,146.42
2067,2025-07-08,Facebook,Lead Gen - Webinar,FB-250708-02067,"You asked, we delivered. Introducing Lead Gen - Webinar.",Awareness,Reel,45-54,USA,12466,9596,87,339,46,48,54,487,3514,14,7,93.91
2068,2025-07-08,Facebook,Product Demo Series,FB-250708-02068,Big things are coming. Stay tuned for Product Demo Series.,Awareness,Video,55+,Germany,20381,17714,307,341,50,58,58,507,4769,16,30,182.87
2069,2025-07-08,Instagram,Brand Awareness Q3,IG-250708-02069,Don't miss out — Brand Awareness Q3 ends soon.,Conversions,Video,55+,Brazil,24102,13497,332,469,93,42,127,731,8528,10,32,144.99
2070,2025-07-08,LinkedIn,Influencer Collab,LI-250708-02070,Full details on our site — Influencer Collab.,Traffic,Text,45-54,Germany,3845,3379,29,82,17,10,10,119,0,4,3,50.64
2071,2025-07-08,TikTok,Brand Awareness Q3,TT-250708-02071,"You asked, we delivered. Introducing Brand Awareness Q3.",Awareness,Text,25-34,UAE,40865,26499,785,2343,378,263,568,3552,0,174,18,316.04
2072,2025-07-08,TikTok,Influencer Collab,TT-250708-02072,This is more than a campaign — it's a movement. Influencer Collab,Awareness,Text,25-34,India,50240,44865,502,3231,607,472,769,5079,0,233,10,316.98
2073,2025-07-08,X (Twitter),New Feature Announcement,XT-250708-02073,Get the free guide: New Feature Announcement.,Lead Generation,Text,45-54,India,7743,5378,104,179,37,15,28,259,0,6,11,70.56
2074,2025-07-08,X (Twitter),Summer Sale Launch,XT-250708-02074,Double tap if you agree! Summer Sale Launch,Engagement,Text,35-44,Germany,8433,5843,94,114,19,18,17,168,0,6,9,73.87
2075,2025-07-08,YouTube,Product Demo Series,YT-250708-02075,Full details on our site — Product Demo Series.,Traffic,Text,35-44,UAE,16272,13293,140,337,47,58,146,588,0,25,11,167.74
2076,2025-07-09,Facebook,App Install Push,FB-250709-02076,Install today and unlock App Install Push.,App Installs,Text,35-44,UK,15783,8740,87,380,55,51,124,610,0,6,9,116.97
2077,2025-07-09,Facebook,Brand Awareness Q3,FB-250709-02077,We want to hear your story. Share below. Brand Awareness Q3,Engagement,Video,45-54,Germany,19524,16144,126,681,156,64,170,1071,8336,32,10,204.34
2078,2025-07-09,Facebook,Influencer Collab,FB-250709-02078,Swipe up to explore Influencer Collab today.,Traffic,Reel,55+,India,19613,16082,247,393,71,67,38,569,10301,13,25,162.7
2079,2025-07-09,Facebook,Lead Gen - Webinar,FB-250709-02079,Your next favorite thing is one click away. Lead Gen - Webinar,Conversions,Reel,35-44,India,20522,14120,227,544,75,55,250,924,10380,13,10,155.16
2080,2025-07-09,LinkedIn,Brand Awareness Q3,LI-250709-02080,Get the app. Get Brand Awareness Q3.,App Installs,Reel,25-34,USA,6529,4236,25,169,38,18,32,257,2489,4,2,124.49
2081,2025-07-09,LinkedIn,Influencer Collab,LI-250709-02081,"You asked, we delivered. Introducing Influencer Collab.",Awareness,Reel,35-44,UAE,6132,3698,23,102,17,11,45,175,1417,5,1,102.71
2082,2025-07-09,TikTok,App Install Push,TT-250709-02082,We want to hear your story. Share below. App Install Push,Engagement,Reel,25-34,UAE,42920,32051,803,3384,724,379,798,5285,20219,92,50,221.47
2083,2025-07-09,X (Twitter),Influencer Collab,XT-250709-02083,Tag a friend who needs to see this. Influencer Collab,Engagement,Text,45-54,USA,10367,6555,71,192,36,19,29,276,0,12,4,70.07
2084,2025-07-09,X (Twitter),Lead Gen - Webinar,XT-250709-02084,Limited time only. Shop Lead Gen - Webinar now.,Conversions,Carousel,25-34,India,10260,8065,103,141,35,22,53,251,0,7,11,50.8
2085,2025-07-09,X (Twitter),Retargeting Campaign,XT-250709-02085,Discover what makes Retargeting Campaign different. #NewLaunch,Awareness,Carousel,45-54,UAE,6746,3759,37,106,19,11,30,166,0,1,2,49.19
2086,2025-07-09,YouTube,Lead Gen - Webinar,YT-250709-02086,Tell us what you think in the comments! Lead Gen - Webinar,Engagement,Text,18-24,USA,16231,9534,95,223,33,29,35,320,0,12,10,192.06
2087,2025-07-09,YouTube,Retargeting Campaign,YT-250709-02087,Discover what makes Retargeting Campaign different. #NewLaunch,Awareness,Video,18-24,Germany,17742,15340,106,315,80,35,117,547,5271,26,9,140.51
2088,2025-07-10,Facebook,App Install Push,FB-250710-02088,Link in bio to learn more about App Install Push.,Traffic,Reel,18-24,UAE,21759,18242,354,765,156,95,224,1240,10819,37,22,154.3
2089,2025-07-10,Facebook,New Feature Announcement,FB-250710-02089,Join thousands who've already signed up for New Feature Announcement.,Lead Generation,Story,35-44,USA,22731,18505,135,237,46,28,112,423,10569,8,10,236.8
2090,2025-07-10,Instagram,Influencer Collab,IG-250710-02090,Don't miss out — Influencer Collab ends soon.,Conversions,Image,25-34,UK,27589,20772,396,843,152,149,120,1264,0,42,47,289.45
2091,2025-07-10,Instagram,Product Demo Series,IG-250710-02091,Get the app. Get Product Demo Series.,App Installs,Reel,45-54,India,23154,17688,273,750,165,58,172,1145,8853,50,11,248.55
2092,2025-07-10,X (Twitter),Brand Awareness Q3,XT-250710-02092,Tell us what you think in the comments! Brand Awareness Q3,Engagement,Image,35-44,India,10847,6043,129,137,30,19,36,222,0,7,11,97.36
2093,2025-07-10,X (Twitter),Influencer Collab,XT-250710-02093,Get the app. Get Influencer Collab.,App Installs,Image,55+,Brazil,5239,4476,69,68,14,12,11,105,0,2,3,48.69
2094,2025-07-10,X (Twitter),Product Demo Series,XT-250710-02094,Discover what makes Product Demo Series different. #NewLaunch,Awareness,Story,18-24,Germany,2447,2187,34,35,5,5,7,52,936,0,3,14.25
2095,2025-07-10,X (Twitter),Summer Sale Launch,XT-250710-02095,Tag a friend who needs to see this. Summer Sale Launch,Engagement,Reel,35-44,UK,4784,3770,44,77,17,13,32,139,2480,6,4,44.2
2096,2025-07-10,YouTube,App Install Push,YT-250710-02096,We want to hear your story. Share below. App Install Push,Engagement,Carousel,35-44,USA,22836,14194,144,617,74,79,157,927,0,14,15,187.58
2097,2025-07-10,YouTube,Influencer Collab,YT-250710-02097,Ready to dive in? Click through for Influencer Collab.,Traffic,Text,55+,India,20227,11900,93,570,116,91,168,945,0,20,3,239.67
2098,2025-07-10,YouTube,New Feature Announcement,YT-250710-02098,Limited time only. Shop New Feature Announcement now.,Conversions,Story,35-44,USA,10825,6989,61,254,57,45,98,454,2936,15,5,119.06
2099,2025-07-10,YouTube,Product Demo Series,YT-250710-02099,Get exclusive access to Product Demo Series today.,Conversions,Video,35-44,USA,8941,7104,54,191,40,16,53,300,4181,6,4,105.65
2100,2025-07-10,YouTube,Summer Sale Launch,YT-250710-02100,Join thousands who've already signed up for Summer Sale Launch.,Lead Generation,Image,25-34,UAE,8438,5849,38,264,63,35,62,424,0,4,2,68.44
2101,2025-07-11,Facebook,Brand Awareness Q3,FB-250711-02101,Sign up now for exclusive access to Brand Awareness Q3.,Lead Generation,Story,18-24,UAE,17240,12812,138,210,26,37,47,320,6446,3,11,110.57
2102,2025-07-11,Facebook,Retargeting Campaign,FB-250711-02102,Sign up now for exclusive access to Retargeting Campaign.,Lead Generation,Video,18-24,Brazil,23440,13392,372,847,176,90,101,1214,5945,27,35,172.19
2103,2025-07-11,Instagram,Influencer Collab,IG-250711-02103,Full details on our site — Influencer Collab.,Traffic,Story,45-54,USA,32304,18670,223,807,153,130,342,1432,10836,54,16,292.63
2104,2025-07-11,Instagram,Retargeting Campaign,IG-250711-02104,Sign up now for exclusive access to Retargeting Campaign.,Lead Generation,Story,25-34,Brazil,18253,10585,135,413,60,54,140,667,3851,21,12,127.93
2105,2025-07-11,LinkedIn,Holiday Promo,LI-250711-02105,Limited time only. Shop Holiday Promo now.,Conversions,Reel,18-24,USA,3858,2759,28,96,12,9,30,147,1476,7,0,51.37
2106,2025-07-11,LinkedIn,Summer Sale Launch,LI-250711-02106,Big things are coming. Stay tuned for Summer Sale Launch.,Awareness,Image,45-54,Germany,9568,7549,96,120,25,11,25,181,0,7,11,130.79
2107,2025-07-11,TikTok,Holiday Promo,TT-250711-02107,Available now on iOS and Android — Holiday Promo.,App Installs,Image,55+,USA,23862,17778,301,823,134,124,322,1403,0,17,33,191.04
2108,2025-07-11,X (Twitter),App Install Push,XT-250711-02108,Tell us what you think in the comments! App Install Push,Engagement,Carousel,18-24,Germany,5176,3492,79,45,6,6,24,81,0,3,4,40.45
2109,2025-07-11,X (Twitter),Brand Awareness Q3,XT-250711-02109,Get exclusive access to Brand Awareness Q3 today.,Conversions,Image,35-44,Brazil,10028,6409,97,195,29,19,74,317,0,15,9,70.31
2110,2025-07-11,YouTube,Influencer Collab,YT-250711-02110,Get the app. Get Influencer Collab.,App Installs,Reel,18-24,India,20424,12444,61,614,82,91,158,945,7509,42,4,218.89
2111,2025-07-11,YouTube,Lead Gen - Webinar,YT-250711-02111,Limited time only. Shop Lead Gen - Webinar now.,Conversions,Story,45-54,Brazil,11985,7972,96,389,78,68,40,575,7108,5,9,135.26
2112,2025-07-11,YouTube,New Feature Announcement,YT-250711-02112,Download now and experience New Feature Announcement.,App Installs,Story,18-24,USA,13169,10872,115,377,47,63,65,552,3032,21,12,122.29
2113,2025-07-11,YouTube,Retargeting Campaign,YT-250711-02113,Get the app. Get Retargeting Campaign.,App Installs,Image,25-34,USA,15538,10082,104,286,48,31,94,459,0,20,10,173.05
2114,2025-07-12,Facebook,Brand Awareness Q3,FB-250712-02114,Tag a friend who needs to see this. Brand Awareness Q3,Engagement,Video,25-34,USA,23532,19572,276,748,128,92,121,1089,12204,30,13,159.45
2115,2025-07-12,Facebook,Retargeting Campaign,FB-250712-02115,"You asked, we delivered. Introducing Retargeting Campaign.",Awareness,Reel,18-24,Brazil,8934,6896,129,341,69,58,32,500,1826,15,2,72.11
2116,2025-07-12,Instagram,Holiday Promo,IG-250712-02116,Ready to dive in? Click through for Holiday Promo.,Traffic,Carousel,18-24,Brazil,24804,17552,153,724,106,107,279,1216,0,52,11,251.1
2117,2025-07-12,LinkedIn,Product Demo Series,LI-250712-02117,Big things are coming. Stay tuned for Product Demo Series.,Awareness,Video,35-44,Brazil,825,642,5,8,1,0,4,13,412,0,0,14.15
2118,2025-07-12,LinkedIn,Retargeting Campaign,LI-250712-02118,Your next favorite thing is one click away. Retargeting Campaign,Conversions,Reel,35-44,Germany,2001,1760,16,44,9,7,15,75,926,1,0,28.38
2119,2025-07-12,TikTok,Holiday Promo,TT-250712-02119,We want to hear your story. Share below. Holiday Promo,Engagement,Reel,25-34,UAE,12956,8941,273,654,138,81,91,964,6260,22,26,78.74
2120,2025-07-12,X (Twitter),Brand Awareness Q3,XT-250712-02120,Limited time only. Shop Brand Awareness Q3 now.,Conversions,Carousel,55+,Germany,5679,4233,72,35,7,4,14,60,0,1,6,47.98
2121,2025-07-12,X (Twitter),Influencer Collab,XT-250712-02121,Your next favorite thing is one click away. Influencer Collab,Conversions,Text,55+,India,11218,7795,96,233,37,17,53,340,0,3,4,95.72
2122,2025-07-12,X (Twitter),Lead Gen - Webinar,XT-250712-02122,Join thousands who've already signed up for Lead Gen - Webinar.,Lead Generation,Carousel,35-44,India,2211,1295,17,17,2,2,8,29,0,1,1,20.57
2123,2025-07-12,YouTube,Influencer Collab,YT-250712-02123,Join thousands who've already signed up for Influencer Collab.,Lead Generation,Reel,25-34,UK,17935,10481,168,533,113,92,91,829,4984,21,17,150.21
2124,2025-07-12,YouTube,Lead Gen - Webinar,YT-250712-02124,Tag a friend who needs to see this. Lead Gen - Webinar,Engagement,Reel,55+,USA,20746,15148,181,703,129,58,165,1055,10585,15,16,238.22
2125,2025-07-12,YouTube,New Feature Announcement,YT-250712-02125,Reserve your spot for New Feature Announcement — seats are limited.,Lead Generation,Text,25-34,USA,9754,5800,57,234,46,36,44,360,0,13,1,107.12
2126,2025-07-13,Facebook,App Install Push,FB-250713-02126,Double tap if you agree! App Install Push,Engagement,Story,55+,UK,9410,8010,123,149,34,19,47,249,3191,5,10,75.87
2127,2025-07-13,Instagram,Holiday Promo,IG-250713-02127,Sign up now for exclusive access to Holiday Promo.,Lead Generation,Carousel,55+,Germany,26458,23527,180,1290,306,224,320,2140,0,50,10,163.1
2128,2025-07-13,LinkedIn,Holiday Promo,LI-250713-02128,Link in bio to learn more about Holiday Promo.,Traffic,Image,55+,USA,8541,5075,74,60,11,5,31,107,0,4,7,160.02
2129,2025-07-13,LinkedIn,Product Demo Series,LI-250713-02129,Tell us what you think in the comments! Product Demo Series,Engagement,Carousel,45-54,UK,5215,3310,39,55,10,9,20,94,0,4,1,57.94
2130,2025-07-13,TikTok,App Install Push,TT-250713-02130,Join thousands who've already signed up for App Install Push.,Lead Generation,Text,35-44,Brazil,41894,32627,484,2773,605,334,1021,4733,0,68,40,177.54
2131,2025-07-13,TikTok,Holiday Promo,TT-250713-02131,We want to hear your story. Share below. Holiday Promo,Engagement,Story,35-44,UAE,44822,32107,462,1686,305,218,806,3015,23081,35,36,369.32
2132,2025-07-13,X (Twitter),App Install Push,XT-250713-02132,Get exclusive access to App Install Push today.,Conversions,Image,45-54,UK,5648,3965,38,79,14,11,19,123,0,5,4,28.67
2133,2025-07-13,X (Twitter),Retargeting Campaign,XT-250713-02133,This is more than a campaign — it's a movement. Retargeting Campaign,Awareness,Carousel,18-24,USA,10492,8573,136,213,27,17,54,311,0,3,6,89.72
2134,2025-07-13,YouTube,App Install Push,YT-250713-02134,Limited time only. Shop App Install Push now.,Conversions,Video,45-54,UK,8779,6072,57,222,48,39,89,398,2725,15,5,115.47
2135,2025-07-13,YouTube,Influencer Collab,YT-250713-02135,Limited time only. Shop Influencer Collab now.,Conversions,Carousel,25-34,USA,16137,13310,92,409,94,73,63,639,0,27,8,153.21
2136,2025-07-13,YouTube,Retargeting Campaign,YT-250713-02136,"You asked, we delivered. Introducing Retargeting Campaign.",Awareness,Text,25-34,UAE,8850,6781,78,116,15,13,30,174,0,3,6,77.91
2137,2025-07-14,Facebook,Brand Awareness Q3,FB-250714-02137,Link in bio to learn more about Brand Awareness Q3.,Traffic,Story,25-34,Germany,12646,9547,174,178,42,26,49,295,5150,9,5,80.8
2138,2025-07-14,Facebook,Product Demo Series,FB-250714-02138,Install today and unlock Product Demo Series.,App Installs,Image,35-44,UK,12393,7693,173,413,67,54,121,655,0,30,10,98.39
2139,2025-07-14,Instagram,Holiday Promo,IG-250714-02139,Full details on our site — Holiday Promo.,Traffic,Text,25-34,Brazil,28168,18789,302,515,106,49,232,902,0,33,10,304.11
2140,2025-07-14,Instagram,Influencer Collab,IG-250714-02140,Get the free guide: Influencer Collab.,Lead Generation,Reel,25-34,Brazil,22534,17509,259,1049,165,98,265,1577,7664,21,5,155.81
2141,2025-07-14,Instagram,Lead Gen - Webinar,IG-250714-02141,Sign up now for exclusive access to Lead Gen - Webinar.,Lead Generation,Story,25-34,USA,24069,18764,305,1263,201,112,343,1919,13067,92,32,168.11
2142,2025-07-14,Instagram,Product Demo Series,IG-250714-02142,Sign up now for exclusive access to Product Demo Series.,Lead Generation,Story,35-44,Germany,20578,11544,180,940,170,147,265,1522,5375,39,17,148.17
2143,2025-07-14,TikTok,Holiday Promo,TT-250714-02143,"You asked, we delivered. Introducing Holiday Promo.",Awareness,Text,35-44,UK,26409,22836,290,1284,292,227,250,2053,0,53,12,174.62
2144,2025-07-14,TikTok,Lead Gen - Webinar,TT-250714-02144,"You asked, we delivered. Introducing Lead Gen - Webinar.",Awareness,Text,25-34,India,22298,13406,296,696,142,94,120,1052,0,51,32,102.05
2145,2025-07-14,TikTok,Summer Sale Launch,TT-250714-02145,We want to hear your story. Share below. Summer Sale Launch,Engagement,Video,25-34,UK,12953,8832,205,377,68,67,113,625,2689,17,19,82.33
2146,2025-07-14,X (Twitter),Brand Awareness Q3,XT-250714-02146,Get the free guide: Brand Awareness Q3.,Lead Generation,Video,25-34,UK,11132,9985,120,125,17,12,34,188,3123,6,7,94.58
2147,2025-07-14,YouTube,Holiday Promo,YT-250714-02147,Discover what makes Holiday Promo different. #NewLaunch,Awareness,Video,35-44,USA,14426,11634,55,209,38,37,76,360,2921,5,4,164.4
2148,2025-07-14,YouTube,Influencer Collab,YT-250714-02148,Sign up now for exclusive access to Influencer Collab.,Lead Generation,Story,18-24,USA,7149,5845,45,183,35,30,45,293,3686,14,3,76.41
2149,2025-07-14,YouTube,Summer Sale Launch,YT-250714-02149,Ready to dive in? Click through for Summer Sale Launch.,Traffic,Video,35-44,UK,10801,7155,77,344,49,30,86,509,4534,8,9,85.69
2150,2025-07-15,Facebook,App Install Push,FB-250715-02150,Discover what makes App Install Push different. #NewLaunch,Awareness,Carousel,45-54,Brazil,22329,13677,253,743,183,70,246,1242,0,16,16,223.04
2151,2025-07-15,Facebook,Lead Gen - Webinar,FB-250715-02151,Tag a friend who needs to see this. Lead Gen - Webinar,Engagement,Video,45-54,UK,15663,13737,140,495,71,85,100,751,4046,15,12,122.62
2152,2025-07-15,Instagram,App Install Push,IG-250715-02152,Ready to dive in? Click through for App Install Push.,Traffic,Reel,45-54,UAE,40022,27837,244,881,193,171,325,1570,15327,62,6,234.51
2153,2025-07-15,Instagram,Brand Awareness Q3,IG-250715-02153,Link in bio to learn more about Brand Awareness Q3.,Traffic,Video,55+,USA,24111,20683,168,398,88,82,130,698,6564,27,11,153.82
2154,2025-07-15,LinkedIn,App Install Push,LI-250715-02154,Get the app. Get App Install Push.,App Installs,Story,45-54,India,4933,3795,46,66,13,10,12,101,1586,3,4,65.74
2155,2025-07-15,LinkedIn,Holiday Promo,LI-250715-02155,Don't miss out — Holiday Promo ends soon.,Conversions,Video,35-44,India,10679,8064,63,177,36,24,56,293,3938,6,5,108.89
2156,2025-07-15,LinkedIn,Lead Gen - Webinar,LI-250715-02156,Full details on our site — Lead Gen - Webinar.,Traffic,Story,55+,India,8334,7429,68,184,35,23,57,299,3358,8,7,144.05
2157,2025-07-15,TikTok,Retargeting Campaign,TT-250715-02157,Limited time only. Shop Retargeting Campaign now.,Conversions,Story,45-54,India,25128,20382,404,1356,238,271,444,2309,10860,34,44,130.93
2158,2025-07-15,X (Twitter),Brand Awareness Q3,XT-250715-02158,Double tap if you agree! Brand Awareness Q3,Engagement,Carousel,35-44,Brazil,5766,5066,48,110,22,19,17,168,0,2,5,44.56
2159,2025-07-15,X (Twitter),Holiday Promo,XT-250715-02159,Swipe up to explore Holiday Promo today.,Traffic,Reel,18-24,UK,8377,6964,71,115,19,18,23,175,3364,8,4,66.26
2160,2025-07-15,X (Twitter),Retargeting Campaign,XT-250715-02160,Don't miss out — Retargeting Campaign ends soon.,Conversions,Reel,25-34,Germany,8571,5385,131,96,15,9,54,174,3423,4,5,64.82
2161,2025-07-15,YouTube,App Install Push,YT-250715-02161,Get exclusive access to App Install Push today.,Conversions,Carousel,45-54,Germany,18408,12821,160,283,62,51,50,446,0,4,13,181.88
2162,2025-07-15,YouTube,Brand Awareness Q3,YT-250715-02162,Get the free guide: Brand Awareness Q3.,Lead Generation,Text,18-24,UK,10335,6254,49,146,23,17,55,241,0,3,3,118.8
2163,2025-07-15,YouTube,New Feature Announcement,YT-250715-02163,Get exclusive access to New Feature Announcement today.,Conversions,Reel,55+,Germany,13341,8254,88,387,52,55,125,619,3056,10,2,159.47
2164,2025-07-16,Facebook,App Install Push,FB-250716-02164,Get the app. Get App Install Push.,App Installs,Reel,35-44,USA,21651,13083,260,300,54,25,73,452,12311,21,19,210.12
2165,2025-07-16,Facebook,Brand Awareness Q3,FB-250716-02165,Download now and experience Brand Awareness Q3.,App Installs,Image,35-44,UK,31683,18041,449,392,62,79,154,687,0,22,38,279.98
2166,2025-07-16,Facebook,Lead Gen - Webinar,FB-250716-02166,Your next favorite thing is one click away. Lead Gen - Webinar,Conversions,Reel,18-24,India,20874,13482,216,453,66,59,149,727,11020,22,15,165.56
2167,2025-07-16,Instagram,Influencer Collab,IG-250716-02167,Link in bio to learn more about Influencer Collab.,Traffic,Text,35-44,UK,7708,5752,68,201,50,18,88,357,0,17,6,44.32
2168,2025-07-16,Instagram,Lead Gen - Webinar,IG-250716-02168,Tell us what you think in the comments! Lead Gen - Webinar,Engagement,Text,35-44,Germany,36158,20582,368,2096,424,192,431,3143,0,71,15,281.94
2169,2025-07-16,Instagram,Product Demo Series,IG-250716-02169,This is more than a campaign — it's a movement. Product Demo Series,Awareness,Image,18-24,Germany,19276,12577,205,600,134,62,255,1051,0,38,20,131.74
2170,2025-07-16,LinkedIn,Brand Awareness Q3,LI-250716-02170,"You asked, we delivered. Introducing Brand Awareness Q3.",Awareness,Reel,25-34,Germany,3588,2471,31,77,18,14,15,124,1497,3,3,51.44
2171,2025-07-16,TikTok,App Install Push,TT-250716-02171,Link in bio to learn more about App Install Push.,Traffic,Carousel,35-44,India,20855,18189,170,751,122,71,132,1076,0,42,7,155.01
2172,2025-07-16,TikTok,Retargeting Campaign,TT-250716-02172,Ready to dive in? Click through for Retargeting Campaign.,Traffic,Reel,55+,Brazil,29503,18841,333,854,147,170,273,1444,17560,23,20,206.76
2173,2025-07-16,X (Twitter),Lead Gen - Webinar,XT-250716-02173,Install today and unlock Lead Gen - Webinar.,App Installs,Reel,25-34,UAE,12439,10007,64,133,26,17,16,192,2591,6,1,73.23
2174,2025-07-17,Instagram,App Install Push,IG-250717-02174,Your next favorite thing is one click away. App Install Push,Conversions,Text,45-54,UAE,21190,17477,101,896,203,98,205,1402,0,34,6,155.55
2175,2025-07-17,Instagram,Lead Gen - Webinar,IG-250717-02175,Tell us what you think in the comments! Lead Gen - Webinar,Engagement,Reel,25-34,Germany,25018,17317,315,551,144,49,244,988,8290,37,29,283.88
2176,2025-07-17,Instagram,Summer Sale Launch,IG-250717-02176,Available now on iOS and Android — Summer Sale Launch.,App Installs,Story,25-34,India,26923,23216,134,949,157,189,382,1677,6077,44,12,231.31
2177,2025-07-17,LinkedIn,Holiday Promo,LI-250717-02177,Join thousands who've already signed up for Holiday Promo.,Lead Generation,Carousel,35-44,Brazil,4310,3481,36,102,21,12,17,152,0,5,1,86.82
2178,2025-07-17,LinkedIn,Lead Gen - Webinar,LI-250717-02178,Get exclusive access to Lead Gen - Webinar today.,Conversions,Text,45-54,Germany,7136,4501,61,154,32,15,58,259,0,12,6,97.2
2179,2025-07-17,LinkedIn,New Feature Announcement,LI-250717-02179,Don't miss out — New Feature Announcement ends soon.,Conversions,Video,45-54,USA,6399,3524,70,85,10,8,21,124,1291,4,8,80.2
2180,2025-07-17,LinkedIn,Retargeting Campaign,LI-250717-02180,Double tap if you agree! Retargeting Campaign,Engagement,Carousel,55+,UAE,6300,4274,24,92,14,9,33,148,0,2,1,96.46
2181,2025-07-17,TikTok,Influencer Collab,TT-250717-02181,Get exclusive access to Influencer Collab today.,Conversions,Reel,18-24,Germany,21339,14169,170,1521,301,258,107,2187,9194,67,17,165.41
2182,2025-07-17,X (Twitter),Brand Awareness Q3,XT-250717-02182,Join thousands who've already signed up for Brand Awareness Q3.,Lead Generation,Reel,55+,India,11745,8404,169,213,32,31,102,378,3882,13,10,88.78
2183,2025-07-17,YouTube,App Install Push,YT-250717-02183,Get the app. Get App Install Push.,App Installs,Image,45-54,UAE,12027,9859,99,160,27,18,83,288,0,7,9,85.2
2184,2025-07-17,YouTube,Brand Awareness Q3,YT-250717-02184,Full details on our site — Brand Awareness Q3.,Traffic,Carousel,25-34,India,18711,16082,87,377,82,50,76,585,0,13,9,170.91
2185,2025-07-17,YouTube,Holiday Promo,YT-250717-02185,Discover what makes Holiday Promo different. #NewLaunch,Awareness,Carousel,25-34,India,24017,20388,223,496,85,43,159,783,0,33,22,227.24
2186,2025-07-17,YouTube,Influencer Collab,YT-250717-02186,Big things are coming. Stay tuned for Influencer Collab.,Awareness,Reel,18-24,UK,22005,15774,179,703,143,58,162,1066,10502,34,21,176.33
2187,2025-07-18,Facebook,Lead Gen - Webinar,FB-250718-02187,Tag a friend who needs to see this. Lead Gen - Webinar,Engagement,Video,25-34,Germany,24542,18156,206,358,70,32,167,627,11486,25,24,186.19
2188,2025-07-18,Facebook,Retargeting Campaign,FB-250718-02188,Link in bio to learn more about Retargeting Campaign.,Traffic,Video,25-34,Germany,16709,14673,276,286,58,40,86,470,8372,12,32,96.14
2189,2025-07-18,Instagram,Brand Awareness Q3,IG-250718-02189,Limited time only. Shop Brand Awareness Q3 now.,Conversions,Text,45-54,UK,21437,13937,286,523,102,72,149,846,0,21,12,225.21
2190,2025-07-18,Instagram,Holiday Promo,IG-250718-02190,Available now on iOS and Android — Holiday Promo.,App Installs,Reel,45-54,USA,28299,19247,173,757,135,77,199,1168,16836,51,9,227.88
2191,2025-07-18,LinkedIn,Brand Awareness Q3,LI-250718-02191,Tag a friend who needs to see this. Brand Awareness Q3,Engagement,Carousel,45-54,India,7321,5628,66,102,23,17,44,186,0,8,4,82.51
2192,2025-07-18,LinkedIn,Holiday Promo,LI-250718-02192,We want to hear your story. Share below. Holiday Promo,Engagement,Video,18-24,India,7588,5083,65,191,40,22,61,314,4489,8,5,97.53
2193,2025-07-18,TikTok,Brand Awareness Q3,TT-250718-02193,Don't miss out — Brand Awareness Q3 ends soon.,Conversions,Story,18-24,India,42297,37549,591,2686,385,350,838,4259,14660,209,68,274.44
2194,2025-07-18,TikTok,Holiday Promo,TT-250718-02194,Install today and unlock Holiday Promo.,App Installs,Reel,18-24,India,22100,15986,471,1673,326,275,512,2786,8888,94,12,124.38
2195,2025-07-18,TikTok,Retargeting Campaign,TT-250718-02195,Available now on iOS and Android — Retargeting Campaign.,App Installs,Reel,25-34,USA,34003,23018,739,2630,513,503,630,4276,18325,94,48,283.13
2196,2025-07-18,X (Twitter),App Install Push,XT-250718-02196,Double tap if you agree! App Install Push,Engagement,Image,25-34,Brazil,8980,5583,90,126,26,19,18,189,0,4,2,58.37
2197,2025-07-18,X (Twitter),Summer Sale Launch,XT-250718-02197,Discover what makes Summer Sale Launch different. #NewLaunch,Awareness,Carousel,55+,USA,9678,5342,58,86,16,10,32,144,0,2,6,58.79
2198,2025-07-18,YouTube,Lead Gen - Webinar,YT-250718-02198,Sign up now for exclusive access to Lead Gen - Webinar.,Lead Generation,Reel,35-44,Brazil,9564,7911,62,155,37,33,56,281,3890,5,6,103.05
2199,2025-07-19,Facebook,Summer Sale Launch,FB-250719-02199,Tell us what you think in the comments! Summer Sale Launch,Engagement,Reel,45-54,India,22381,18562,381,696,156,97,190,1139,6480,17,19,150.13
2200,2025-07-19,Instagram,Holiday Promo,IG-250719-02200,Get the free guide: Holiday Promo.,Lead Generation,Video,45-54,UK,16867,14519,130,666,93,82,253,1094,5562,27,14,136.32
2201,2025-07-19,Instagram,New Feature Announcement,IG-250719-02201,Get exclusive access to New Feature Announcement today.,Conversions,Carousel,35-44,India,44624,35389,628,2062,357,200,915,3534,0,71,23,421.21
2202,2025-07-19,Instagram,Summer Sale Launch,IG-250719-02202,Your next favorite thing is one click away. Summer Sale Launch,Conversions,Text,25-34,UAE,27849,17115,142,1653,290,260,195,2398,0,72,15,189.2
2203,2025-07-19,LinkedIn,Brand Awareness Q3,LI-250719-02203,Get the free guide: Brand Awareness Q3.,Lead Generation,Image,45-54,UAE,5603,3688,22,64,16,7,22,109,0,4,1,70.47
2204,2025-07-19,LinkedIn,Lead Gen - Webinar,LI-250719-02204,Discover what makes Lead Gen - Webinar different. #NewLaunch,Awareness,Story,55+,UK,9175,7277,101,156,25,21,53,255,5423,12,2,174.41
2205,2025-07-19,LinkedIn,Product Demo Series,LI-250719-02205,Get the app. Get Product Demo Series.,App Installs,Image,35-44,UAE,3069,1989,32,72,18,7,30,127,0,6,2,37.96
2206,2025-07-19,X (Twitter),Influencer Collab,XT-250719-02206,Limited time only. Shop Influencer Collab now.,Conversions,Story,55+,USA,9655,8600,122,139,27,23,21,210,3093,10,12,55.36
2207,2025-07-19,YouTube,Summer Sale Launch,YT-250719-02207,Reserve your spot for Summer Sale Launch — seats are limited.,Lead Generation,Carousel,55+,India,14806,11241,76,201,28,28,83,340,0,8,6,104.1
2208,2025-07-20,Facebook,App Install Push,FB-250720-02208,Get exclusive access to App Install Push today.,Conversions,Image,18-24,Germany,23573,13623,369,737,124,87,284,1232,0,28,38,224.17
2209,2025-07-20,Instagram,Brand Awareness Q3,IG-250720-02209,Get exclusive access to Brand Awareness Q3 today.,Conversions,Reel,18-24,Germany,14300,10146,143,609,144,104,183,1040,6662,29,16,101.3
2210,2025-07-20,Instagram,New Feature Announcement,IG-250720-02210,This is more than a campaign — it's a movement. New Feature Announcement,Awareness,Image,55+,Germany,32143,19450,314,757,133,123,220,1233,0,28,32,220.0
2211,2025-07-20,Instagram,Retargeting Campaign,IG-250720-02211,Download now and experience Retargeting Campaign.,App Installs,Text,25-34,India,21392,14663,281,618,110,98,242,1068,0,20,24,167.87
2212,2025-07-20,LinkedIn,Influencer Collab,LI-250720-02212,Tell us what you think in the comments! Influencer Collab,Engagement,Reel,18-24,India,5351,3357,34,93,19,9,28,149,1712,5,1,105.72
2213,2025-07-20,TikTok,Summer Sale Launch,TT-250720-02213,Discover what makes Summer Sale Launch different. #NewLaunch,Awareness,Image,45-54,India,24974,20263,514,1574,391,295,577,2837,0,139,49,175.09
2214,2025-07-20,X (Twitter),App Install Push,XT-250720-02214,Your next favorite thing is one click away. App Install Push,Conversions,Story,25-34,Germany,13727,10554,115,157,32,19,56,264,3545,5,8,112.76
2215,2025-07-20,X (Twitter),Retargeting Campaign,XT-250720-02215,Link in bio to learn more about Retargeting Campaign.,Traffic,Text,45-54,UK,12789,8963,73,149,27,24,69,269,0,11,6,79.72
2216,2025-07-21,Facebook,New Feature Announcement,FB-250721-02216,Double tap if you agree! New Feature Announcement,Engagement,Text,45-54,UK,23388,14321,352,400,77,39,187,703,0,30,20,155.11
2217,2025-07-21,LinkedIn,App Install Push,LI-250721-02217,This is more than a campaign — it's a movement. App Install Push,Awareness,Text,35-44,UK,5134,3802,39,65,12,5,17,99,0,3,4,72.73
2218,2025-07-21,LinkedIn,Product Demo Series,LI-250721-02218,Limited time only. Shop Product Demo Series now.,Conversions,Video,18-24,UAE,4336,3182,32,85,19,14,11,129,1310,2,1,49.22
2219,2025-07-21,TikTok,Product Demo Series,TT-250721-02219,Your next favorite thing is one click away. Product Demo Series,Conversions,Carousel,25-34,UK,44004,36408,608,3062,500,486,773,4821,0,167,49,311.14
2220,2025-07-21,X (Twitter),Retargeting Campaign,XT-250721-02220,This is more than a campaign — it's a movement. Retargeting Campaign,Awareness,Reel,18-24,UK,5923,5059,40,110,16,16,42,184,2205,6,4,38.79
2221,2025-07-21,YouTube,Holiday Promo,YT-250721-02221,Get exclusive access to Holiday Promo today.,Conversions,Carousel,25-34,UK,8401,5336,30,209,37,19,108,373,0,8,0,99.52
2222,2025-07-21,YouTube,Product Demo Series,YT-250721-02222,Link in bio to learn more about Product Demo Series.,Traffic,Image,55+,UAE,23127,15215,101,428,84,60,97,669,0,31,9,305.75
2223,2025-07-21,YouTube,Summer Sale Launch,YT-250721-02223,"You asked, we delivered. Introducing Summer Sale Launch.",Awareness,Image,55+,UAE,14076,10661,55,313,40,52,43,448,0,7,6,170.76
2224,2025-07-22,Facebook,Holiday Promo,FB-250722-02224,"You asked, we delivered. Introducing Holiday Promo.",Awareness,Text,25-34,UAE,11304,8732,155,233,60,49,77,419,0,11,12,84.93
2225,2025-07-22,Facebook,Product Demo Series,FB-250722-02225,Get exclusive access to Product Demo Series today.,Conversions,Text,35-44,India,13102,9835,136,227,52,45,60,384,0,4,3,92.73
2226,2025-07-22,Facebook,Retargeting Campaign,FB-250722-02226,Swipe up to explore Retargeting Campaign today.,Traffic,Video,18-24,India,18445,16230,213,603,121,58,290,1072,4982,21,5,157.86
2227,2025-07-22,Instagram,App Install Push,IG-250722-02227,Tag a friend who needs to see this. App Install Push,Engagement,Video,18-24,USA,22729,14208,324,845,179,98,303,1425,13530,48,16,237.48
2228,2025-07-22,LinkedIn,Brand Awareness Q3,LI-250722-02228,Your next favorite thing is one click away. Brand Awareness Q3,Conversions,Image,18-24,Germany,5480,4633,22,82,15,7,21,125,0,4,1,75.43
2229,2025-07-22,LinkedIn,Influencer Collab,LI-250722-02229,Your next favorite thing is one click away. Influencer Collab,Conversions,Video,25-34,Germany,9285,5711,79,156,23,19,45,243,3669,4,8,114.05
2230,2025-07-22,LinkedIn,Retargeting Campaign,LI-250722-02230,Big things are coming. Stay tuned for Retargeting Campaign.,Awareness,Carousel,35-44,Brazil,5520,3406,35,90,16,10,17,133,0,1,4,85.97
2231,2025-07-22,X (Twitter),App Install Push,XT-250722-02231,We want to hear your story. Share below. App Install Push,Engagement,Image,45-54,Brazil,7294,5175,102,47,10,4,14,75,0,1,9,41.08
2232,2025-07-22,X (Twitter),Influencer Collab,XT-250722-02232,"You asked, we delivered. Introducing Influencer Collab.",Awareness,Reel,18-24,USA,9995,8238,126,216,42,26,33,317,4006,10,8,62.24
2233,2025-07-22,X (Twitter),Lead Gen - Webinar,XT-250722-02233,Download now and experience Lead Gen - Webinar.,App Installs,Video,55+,UK,8228,4668,100,54,11,11,21,97,4930,3,5,55.88
2234,2025-07-22,X (Twitter),New Feature Announcement,XT-250722-02234,Tag a friend who needs to see this. New Feature Announcement,Engagement,Text,18-24,UK,4887,3042,46,49,6,8,8,71,0,1,2,33.23
2235,2025-07-22,X (Twitter),Retargeting Campaign,XT-250722-02235,Join thousands who've already signed up for Retargeting Campaign.,Lead Generation,Story,45-54,USA,5528,3766,51,50,8,5,18,81,2230,0,2,30.54
2236,2025-07-22,YouTube,Influencer Collab,YT-250722-02236,Double tap if you agree! Influencer Collab,Engagement,Video,18-24,Germany,11219,8891,38,308,58,47,53,466,2857,10,3,81.17
2237,2025-07-23,Facebook,App Install Push,FB-250723-02237,Get exclusive access to App Install Push today.,Conversions,Image,35-44,USA,14372,9916,202,157,24,25,71,277,0,9,7,93.78
2238,2025-07-23,Facebook,Product Demo Series,FB-250723-02238,Get the free guide: Product Demo Series.,Lead Generation,Image,18-24,UK,13177,9760,160,470,69,80,95,714,0,11,12,108.84
2239,2025-07-23,Facebook,Summer Sale Launch,FB-250723-02239,Join thousands who've already signed up for Summer Sale Launch.,Lead Generation,Story,18-24,UAE,21170,13125,234,374,81,62,89,606,6467,11,26,168.47
2240,2025-07-23,Instagram,App Install Push,IG-250723-02240,Discover what makes App Install Push different. #NewLaunch,Awareness,Reel,35-44,UAE,33054,23555,464,909,147,138,365,1559,10621,55,37,369.93
2241,2025-07-23,Instagram,Lead Gen - Webinar,IG-250723-02241,Double tap if you agree! Lead Gen - Webinar,Engagement,Text,35-44,UAE,35054,20682,252,1459,306,212,307,2284,0,64,28,320.65
2242,2025-07-23,Instagram,New Feature Announcement,IG-250723-02242,Get the free guide: New Feature Announcement.,Lead Generation,Text,25-34,Brazil,15407,13300,189,905,164,121,222,1412,0,50,12,122.61
2243,2025-07-23,LinkedIn,Product Demo Series,LI-250723-02243,Get the app. Get Product Demo Series.,App Installs,Story,25-34,Germany,8764,5309,73,122,26,26,48,222,2090,8,8,120.07
2244,2025-07-23,TikTok,Lead Gen - Webinar,TT-250723-02244,We want to hear your story. Share below. Lead Gen - Webinar,Engagement,Text,45-54,UK,27627,15723,598,1835,476,325,571,3207,0,45,48,170.84
2245,2025-07-23,TikTok,Product Demo Series,TT-250723-02245,"You asked, we delivered. Introducing Product Demo Series.",Awareness,Video,45-54,Germany,22860,19346,206,603,147,57,184,991,7426,38,19,105.78
2246,2025-07-23,TikTok,Retargeting Campaign,TT-250723-02246,Join thousands who've already signed up for Retargeting Campaign.,Lead Generation,Reel,25-34,Germany,46066,26086,753,2316,477,310,395,3498,23012,69,62,193.81
2247,2025-07-23,X (Twitter),Holiday Promo,XT-250723-02247,Discover what makes Holiday Promo different. #NewLaunch,Awareness,Reel,18-24,Germany,9310,7861,112,144,24,12,40,220,4339,6,7,86.96
2248,2025-07-23,X (Twitter),Lead Gen - Webinar,XT-250723-02248,Reserve your spot for Lead Gen - Webinar — seats are limited.,Lead Generation,Text,18-24,UK,9283,8136,107,192,32,21,38,283,0,3,6,72.45
2249,2025-07-23,X (Twitter),Retargeting Campaign,XT-250723-02249,Get the free guide: Retargeting Campaign.,Lead Generation,Reel,45-54,India,7526,6144,65,101,26,13,39,179,3849,1,7,71.56
2250,2025-07-24,Facebook,Product Demo Series,FB-250724-02250,Limited time only. Shop Product Demo Series now.,Conversions,Text,18-24,USA,14937,11452,173,297,53,37,65,452,0,22,17,130.78
2251,2025-07-24,Instagram,App Install Push,IG-250724-02251,Install today and unlock App Install Push.,App Installs,Video,25-34,Brazil,18989,15203,94,643,124,115,242,1124,5711,27,3,159.01
2252,2025-07-24,Instagram,Holiday Promo,IG-250724-02252,Your next favorite thing is one click away. Holiday Promo,Conversions,Text,35-44,USA,29629,26164,322,1057,185,113,350,1705,0,53,23,235.83
2253,2025-07-24,Instagram,Retargeting Campaign,IG-250724-02253,Get exclusive access to Retargeting Campaign today.,Conversions,Image,25-34,USA,25296,19484,332,438,66,39,154,697,0,18,31,222.44
2254,2025-07-24,Instagram,Summer Sale Launch,IG-250724-02254,Double tap if you agree! Summer Sale Launch,Engagement,Text,35-44,Germany,16729,13397,171,925,217,163,217,1522,0,20,14,157.26
2255,2025-07-24,LinkedIn,App Install Push,LI-250724-02255,Get exclusive access to App Install Push today.,Conversions,Text,35-44,UK,6227,5294,66,153,22,24,23,222,0,8,2,94.1
2256,2025-07-24,TikTok,Retargeting Campaign,TT-250724-02256,Double tap if you agree! Retargeting Campaign,Engagement,Video,55+,USA,43321,38234,374,2443,448,377,807,4075,25779,137,24,347.31
2257,2025-07-24,TikTok,Summer Sale Launch,TT-250724-02257,Full details on our site — Summer Sale Launch.,Traffic,Carousel,18-24,Brazil,17960,10050,180,809,131,108,359,1407,0,32,17,147.98
2258,2025-07-24,X (Twitter),Lead Gen - Webinar,XT-250724-02258,Don't miss out — Lead Gen - Webinar ends soon.,Conversions,Reel,35-44,UK,7651,4394,87,105,20,14,49,188,2588,5,6,48.58
2259,2025-07-24,X (Twitter),Product Demo Series,XT-250724-02259,Available now on iOS and Android — Product Demo Series.,App Installs,Video,25-34,UK,8605,6049,70,99,20,9,37,165,3601,4,6,44.75
2260,2025-07-25,Facebook,Lead Gen - Webinar,FB-250725-02260,Get the free guide: Lead Gen - Webinar.,Lead Generation,Reel,45-54,UK,16845,10128,276,484,84,92,204,864,10090,42,31,159.45
2261,2025-07-25,Instagram,App Install Push,IG-250725-02261,Get the app. Get App Install Push.,App Installs,Video,35-44,India,25118,15674,272,424,98,39,196,757,8840,8,28,227.77
2262,2025-07-25,Instagram,Product Demo Series,IG-250725-02262,Get exclusive access to Product Demo Series today.,Conversions,Text,45-54,Germany,37948,22896,325,2064,390,163,404,3021,0,68,14,363.85
2263,2025-07-25,Instagram,Retargeting Campaign,IG-250725-02263,Big things are coming. Stay tuned for Retargeting Campaign.,Awareness,Carousel,45-54,India,24788,19855,253,583,135,69,270,1057,0,33,16,264.39
2264,2025-07-25,LinkedIn,Lead Gen - Webinar,LI-250725-02264,Tag a friend who needs to see this. Lead Gen - Webinar,Engagement,Story,45-54,India,6378,5190,60,139,30,23,10,202,2967,2,5,118.09
2265,2025-07-25,LinkedIn,New Feature Announcement,LI-250725-02265,Get exclusive access to New Feature Announcement today.,Conversions,Video,55+,UK,4618,3784,31,92,21,9,28,150,1242,1,2,78.51
2266,2025-07-25,X (Twitter),Brand Awareness Q3,XT-250725-02266,Double tap if you agree! Brand Awareness Q3,Engagement,Text,25-34,UK,10879,8453,127,165,31,26,61,283,0,6,12,84.75
2267,2025-07-25,YouTube,Lead Gen - Webinar,YT-250725-02267,Ready to dive in? Click through for Lead Gen - Webinar.,Traffic,Carousel,55+,India,12565,7730,118,300,62,44,106,512,0,22,10,154.12
2268,2025-07-26,Facebook,Brand Awareness Q3,FB-250726-02268,Get exclusive access to Brand Awareness Q3 today.,Conversions,Image,35-44,UK,22369,14507,149,529,69,64,168,830,0,12,3,147.7
2269,2025-07-26,Facebook,Lead Gen - Webinar,FB-250726-02269,Don't miss out — Lead Gen - Webinar ends soon.,Conversions,Story,45-54,UAE,12559,8845,179,406,70,74,99,649,4328,28,8,81.16
2270,2025-07-26,Instagram,Influencer Collab,IG-250726-02270,Big things are coming. Stay tuned for Influencer Collab.,Awareness,Text,45-54,India,11638,8414,57,286,64,39,78,467,0,10,6,105.97
2271,2025-07-26,Instagram,Product Demo Series,IG-250726-02271,Get exclusive access to Product Demo Series today.,Conversions,Text,35-44,UAE,21051,17600,115,904,206,119,294,1523,0,16,13,201.23
2272,2025-07-26,Instagram,Summer Sale Launch,IG-250726-02272,Double tap if you agree! Summer Sale Launch,Engagement,Video,45-54,Germany,30760,25598,246,1716,364,243,171,2494,7963,121,5,213.88
2273,2025-07-26,LinkedIn,Holiday Promo,LI-250726-02273,Full details on our site — Holiday Promo.,Traffic,Story,55+,Brazil,7809,5949,42,96,18,9,19,142,2057,4,2,128.01
2274,2025-07-26,LinkedIn,Influencer Collab,LI-250726-02274,Big things are coming. Stay tuned for Influencer Collab.,Awareness,Image,45-54,Brazil,2177,1694,12,26,3,3,10,42,0,2,1,43.23
2275,2025-07-26,LinkedIn,New Feature Announcement,LI-250726-02275,Download now and experience New Feature Announcement.,App Installs,Carousel,55+,UAE,8423,6003,72,65,12,10,24,111,0,2,6,100.16
2276,2025-07-26,LinkedIn,Summer Sale Launch,LI-250726-02276,Get the app. Get Summer Sale Launch.,App Installs,Text,35-44,India,9224,6957,38,191,31,32,39,293,0,13,1,172.55
2277,2025-07-26,TikTok,Brand Awareness Q3,TT-250726-02277,Swipe up to explore Brand Awareness Q3 today.,Traffic,Story,45-54,Germany,25730,22892,416,580,94,66,306,1046,15120,37,17,191.02
2278,2025-07-26,TikTok,Retargeting Campaign,TT-250726-02278,Tell us what you think in the comments! Retargeting Campaign,Engagement,Image,18-24,Brazil,26852,15046,447,1153,266,208,465,2092,0,65,24,183.7
2279,2025-07-26,X (Twitter),Product Demo Series,XT-250726-02279,Install today and unlock Product Demo Series.,App Installs,Reel,18-24,India,10927,8658,80,223,48,40,32,343,5696,15,2,58.55
2280,2025-07-26,YouTube,Holiday Promo,YT-250726-02280,Get the app. Get Holiday Promo.,App Installs,Story,25-34,UK,13617,11318,80,155,27,29,65,276,4924,8,2,123.56
2281,2025-07-26,YouTube,Lead Gen - Webinar,YT-250726-02281,Get exclusive access to Lead Gen - Webinar today.,Conversions,Story,35-44,India,9257,6420,43,232,53,34,72,391,3732,12,2,110.43
2282,2025-07-27,Facebook,Brand Awareness Q3,FB-250727-02282,Ready to dive in? Click through for Brand Awareness Q3.,Traffic,Text,45-54,UAE,17945,14370,120,444,76,48,216,784,0,25,9,110.52
2283,2025-07-27,Facebook,Product Demo Series,FB-250727-02283,Discover what makes Product Demo Series different. #NewLaunch,Awareness,Image,45-54,India,14217,11468,164,433,61,62,138,694,0,31,11,111.37
2284,2025-07-27,Instagram,Retargeting Campaign,IG-250727-02284,Full details on our site — Retargeting Campaign.,Traffic,Reel,45-54,UAE,29326,23321,382,722,178,142,156,1198,9043,31,10,205.91
2285,2025-07-27,Instagram,Summer Sale Launch,IG-250727-02285,We want to hear your story. Share below. Summer Sale Launch,Engagement,Story,18-24,USA,27573,22676,356,800,125,72,256,1253,12878,45,12,266.56
2286,2025-07-27,LinkedIn,Holiday Promo,LI-250727-02286,Reserve your spot for Holiday Promo — seats are limited.,Lead Generation,Text,25-34,USA,3848,2441,34,46,9,9,19,83,0,3,2,55.05
2287,2025-07-27,TikTok,Lead Gen - Webinar,TT-250727-02287,Available now on iOS and Android — Lead Gen - Webinar.,App Installs,Reel,18-24,Brazil,35966,31045,502,1889,350,350,423,3012,14840,105,23,249.15
2288,2025-07-27,X (Twitter),App Install Push,XT-250727-02288,Tag a friend who needs to see this. App Install Push,Engagement,Story,25-34,India,12466,7631,66,138,18,24,45,225,3263,2,7,79.76
2289,2025-07-27,X (Twitter),Influencer Collab,XT-250727-02289,Get the free guide: Influencer Collab.,Lead Generation,Text,45-54,Brazil,4715,3363,66,80,13,10,42,145,0,6,3,35.79
2290,2025-07-27,X (Twitter),Lead Gen - Webinar,XT-250727-02290,Don't miss out — Lead Gen - Webinar ends soon.,Conversions,Text,35-44,USA,12337,9971,108,283,41,26,69,419,0,18,7,77.16
2291,2025-07-27,X (Twitter),New Feature Announcement,XT-250727-02291,This is more than a campaign — it's a movement. New Feature Announcement,Awareness,Image,55+,Germany,6252,3702,71,132,30,16,31,209,0,7,4,42.73
2292,2025-07-27,X (Twitter),Retargeting Campaign,XT-250727-02292,We want to hear your story. Share below. Retargeting Campaign,Engagement,Carousel,25-34,UAE,8466,5745,122,55,10,8,17,90,0,2,7,51.42
2293,2025-07-27,YouTube,New Feature Announcement,YT-250727-02293,Tell us what you think in the comments! New Feature Announcement,Engagement,Carousel,25-34,Brazil,25833,22341,133,663,97,100,317,1177,0,53,7,182.04
2294,2025-07-27,YouTube,Summer Sale Launch,YT-250727-02294,Full details on our site — Summer Sale Launch.,Traffic,Text,35-44,Brazil,24471,17590,103,657,129,136,270,1192,0,26,3,225.29
2295,2025-07-28,LinkedIn,Retargeting Campaign,LI-250728-02295,Get exclusive access to Retargeting Campaign today.,Conversions,Reel,25-34,UK,5439,3074,39,59,7,7,15,88,2512,1,4,83.97
2296,2025-07-28,TikTok,New Feature Announcement,TT-250728-02296,Get exclusive access to New Feature Announcement today.,Conversions,Video,55+,USA,29827,19447,428,1621,194,230,306,2351,8084,73,49,231.88
2297,2025-07-28,TikTok,Summer Sale Launch,TT-250728-02297,Join thousands who've already signed up for Summer Sale Launch.,Lead Generation,Image,25-34,USA,23334,18665,476,876,140,159,167,1342,0,41,9,127.3
2298,2025-07-28,X (Twitter),Lead Gen - Webinar,XT-250728-02298,Link in bio to learn more about Lead Gen - Webinar.,Traffic,Story,45-54,UAE,7870,5379,54,141,20,13,41,215,2307,5,6,40.35
2299,2025-07-28,X (Twitter),New Feature Announcement,XT-250728-02299,Double tap if you agree! New Feature Announcement,Engagement,Text,25-34,UK,9919,7013,62,136,24,11,61,232,0,7,6,65.29
2300,2025-07-28,YouTube,App Install Push,YT-250728-02300,Limited time only. Shop App Install Push now.,Conversions,Video,25-34,Germany,13219,10895,126,399,76,47,81,603,5982,25,11,152.12
2301,2025-07-28,YouTube,Brand Awareness Q3,YT-250728-02301,Link in bio to learn more about Brand Awareness Q3.,Traffic,Image,45-54,USA,6531,3936,21,172,29,25,36,262,0,8,1,66.81
2302,2025-07-28,YouTube,Retargeting Campaign,YT-250728-02302,Tag a friend who needs to see this. Retargeting Campaign,Engagement,Image,25-34,UK,12299,10020,92,252,60,43,99,454,0,10,7,160.62
2303,2025-07-29,Facebook,App Install Push,FB-250729-02303,Big things are coming. Stay tuned for App Install Push.,Awareness,Carousel,18-24,UAE,11230,7232,121,270,42,24,70,406,0,15,5,73.78
2304,2025-07-29,Facebook,Brand Awareness Q3,FB-250729-02304,Reserve your spot for Brand Awareness Q3 — seats are limited.,Lead Generation,Image,45-54,Brazil,26102,19315,225,578,70,77,120,845,0,38,13,188.08
2305,2025-07-29,Facebook,Retargeting Campaign,FB-250729-02305,Discover what makes Retargeting Campaign different. #NewLaunch,Awareness,Image,45-54,UAE,21659,19365,176,837,175,71,192,1275,0,31,4,147.87
2306,2025-07-29,Facebook,Summer Sale Launch,FB-250729-02306,Get exclusive access to Summer Sale Launch today.,Conversions,Text,25-34,USA,7120,6361,48,160,37,18,77,292,0,11,2,42.22
2307,2025-07-29,Instagram,Retargeting Campaign,IG-250729-02307,Ready to dive in? Click through for Retargeting Campaign.,Traffic,Reel,45-54,Germany,12196,8548,61,710,92,99,233,1134,5858,17,5,130.93
2308,2025-07-29,LinkedIn,App Install Push,LI-250729-02308,We want to hear your story. Share below. App Install Push,Engagement,Carousel,45-54,India,7968,4458,28,114,23,14,15,166,0,3,1,125.62
2309,2025-07-29,LinkedIn,Holiday Promo,LI-250729-02309,Link in bio to learn more about Holiday Promo.,Traffic,Text,35-44,Germany,8378,6536,78,169,24,16,39,248,0,2,6,158.98
2310,2025-07-29,TikTok,Holiday Promo,TT-250729-02310,Sign up now for exclusive access to Holiday Promo.,Lead Generation,Image,18-24,UK,36228,25889,648,1979,431,280,206,2896,0,137,45,283.59
2311,2025-07-29,X (Twitter),Brand Awareness Q3,XT-250729-02311,Sign up now for exclusive access to Brand Awareness Q3.,Lead Generation,Carousel,45-54,India,10785,9154,124,110,19,13,36,178,0,3,9,56.61
2312,2025-07-29,X (Twitter),Influencer Collab,XT-250729-02312,Get the free guide: Influencer Collab.,Lead Generation,Image,35-44,Germany,7788,6505,48,108,14,14,32,168,0,3,4,58.48
2313,2025-07-30,Facebook,Influencer Collab,FB-250730-02313,Reserve your spot for Influencer Collab — seats are limited.,Lead Generation,Story,25-34,USA,16459,9101,283,458,87,41,111,697,5933,22,9,137.82
2314,2025-07-30,Instagram,New Feature Announcement,IG-250730-02314,Swipe up to explore New Feature Announcement today.,Traffic,Image,35-44,UAE,9699,7448,54,195,44,29,80,348,0,13,5,90.06
2315,2025-07-30,Instagram,Retargeting Campaign,IG-250730-02315,Full details on our site — Retargeting Campaign.,Traffic,Story,45-54,UAE,10050,5947,61,437,66,73,53,629,2738,29,6,59.89
2316,2025-07-30,LinkedIn,Brand Awareness Q3,LI-250730-02316,Get the free guide: Brand Awareness Q3.,Lead Generation,Video,25-34,Brazil,3976,3419,25,75,12,9,34,130,874,5,1,52.63
2317,2025-07-30,LinkedIn,Holiday Promo,LI-250730-02317,Get exclusive access to Holiday Promo today.,Conversions,Image,45-54,UAE,6291,5452,46,114,17,18,56,205,0,9,3,120.51
2318,2025-07-30,LinkedIn,Retargeting Campaign,LI-250730-02318,Install today and unlock Retargeting Campaign.,App Installs,Carousel,18-24,UAE,5252,3915,23,47,9,3,12,71,0,2,2,60.1
2319,2025-07-30,TikTok,Lead Gen - Webinar,TT-250730-02319,Get the app. Get Lead Gen - Webinar.,App Installs,Image,45-54,Germany,23329,16839,300,1690,297,244,197,2428,0,68,24,106.6
2320,2025-07-30,X (Twitter),Holiday Promo,XT-250730-02320,Get the free guide: Holiday Promo.,Lead Generation,Text,55+,USA,9351,6750,105,101,18,11,27,157,0,4,9,81.3
2321,2025-07-30,X (Twitter),Influencer Collab,XT-250730-02321,Tell us what you think in the comments! Influencer Collab,Engagement,Story,18-24,Germany,18058,15289,273,240,59,26,88,413,8862,19,14,90.12
2322,2025-07-30,X (Twitter),New Feature Announcement,XT-250730-02322,Get exclusive access to New Feature Announcement today.,Conversions,Video,55+,India,8767,6238,138,103,27,9,44,183,3519,5,7,64.68
2323,2025-07-30,X (Twitter),Retargeting Campaign,XT-250730-02323,Download now and experience Retargeting Campaign.,App Installs,Reel,45-54,UK,10440,6079,59,177,29,13,36,255,3498,2,2,60.69
2324,2025-07-30,YouTube,Holiday Promo,YT-250730-02324,Your next favorite thing is one click away. Holiday Promo,Conversions,Text,55+,USA,16782,13670,79,285,66,48,84,483,0,6,2,208.83
2325,2025-07-31,Facebook,Brand Awareness Q3,FB-250731-02325,Install today and unlock Brand Awareness Q3.,App Installs,Reel,25-34,UAE,18406,15819,306,378,55,53,152,638,8596,9,23,188.07
2326,2025-07-31,Facebook,Lead Gen - Webinar,FB-250731-02326,Download now and experience Lead Gen - Webinar.,App Installs,Reel,45-54,UK,23159,14424,255,379,86,56,86,607,12977,20,9,225.59
2327,2025-07-31,Facebook,Retargeting Campaign,FB-250731-02327,Tell us what you think in the comments! Retargeting Campaign,Engagement,Carousel,18-24,Germany,18563,16390,119,534,62,73,109,778,0,27,6,143.74
2328,2025-07-31,Instagram,App Install Push,IG-250731-02328,"You asked, we delivered. Introducing App Install Push.",Awareness,Text,25-34,Brazil,19145,11012,115,363,61,56,115,595,0,17,9,168.76
2329,2025-07-31,Instagram,Brand Awareness Q3,IG-250731-02329,Available now on iOS and Android — Brand Awareness Q3.,App Installs,Text,45-54,USA,22159,14341,308,507,74,63,91,735,0,19,8,141.04
2330,2025-07-31,Instagram,Retargeting Campaign,IG-250731-02330,Ready to dive in? Click through for Retargeting Campaign.,Traffic,Story,35-44,UK,26520,18702,195,901,210,83,268,1462,12711,51,14,194.81
2331,2025-07-31,LinkedIn,Summer Sale Launch,LI-250731-02331,Big things are coming. Stay tuned for Summer Sale Launch.,Awareness,Image,18-24,Germany,5339,3034,49,39,7,5,16,67,0,3,5,70.85
2332,2025-07-31,X (Twitter),New Feature Announcement,XT-250731-02332,Install today and unlock New Feature Announcement.,App Installs,Text,45-54,UAE,12169,9092,162,231,45,32,64,372,0,9,17,90.51
2333,2025-07-31,X (Twitter),Retargeting Campaign,XT-250731-02333,Reserve your spot for Retargeting Campaign — seats are limited.,Lead Generation,Image,35-44,India,11894,7385,165,156,23,16,29,224,0,10,19,92.71
2334,2025-07-31,YouTube,Holiday Promo,YT-250731-02334,Install today and unlock Holiday Promo.,App Installs,Carousel,25-34,Brazil,10397,7764,50,206,42,25,28,301,0,14,1,85.6
2335,2025-07-31,YouTube,Lead Gen - Webinar,YT-250731-02335,Big things are coming. Stay tuned for Lead Gen - Webinar.,Awareness,Reel,35-44,UK,20637,12386,125,613,143,59,201,1016,11225,10,10,221.91
2336,2025-07-31,YouTube,New Feature Announcement,YT-250731-02336,Install today and unlock New Feature Announcement.,App Installs,Carousel,45-54,UAE,9174,8069,75,186,35,31,69,321,0,10,8,112.13
2337,2025-08-01,Facebook,Holiday Promo,FB-250801-02337,Download now and experience Holiday Promo.,App Installs,Text,18-24,Brazil,25934,17182,296,1025,150,158,150,1483,0,43,34,217.02
2338,2025-08-01,Facebook,Summer Sale Launch,FB-250801-02338,Get exclusive access to Summer Sale Launch today.,Conversions,Text,45-54,UK,12700,7092,123,436,74,54,88,652,0,20,5,105.31
2339,2025-08-01,Instagram,Holiday Promo,IG-250801-02339,Install today and unlock Holiday Promo.,App Installs,Video,45-54,Germany,33355,24656,226,945,208,103,162,1418,19051,52,10,323.18
2340,2025-08-01,LinkedIn,Influencer Collab,LI-250801-02340,Big things are coming. Stay tuned for Influencer Collab.,Awareness,Carousel,55+,India,8842,5273,57,207,27,23,41,298,0,7,2,98.28
2341,2025-08-01,LinkedIn,Summer Sale Launch,LI-250801-02341,Tell us what you think in the comments! Summer Sale Launch,Engagement,Text,25-34,UAE,11094,7813,69,219,52,26,57,354,0,10,3,195.96
2342,2025-08-01,TikTok,Brand Awareness Q3,TT-250801-02342,Get the free guide: Brand Awareness Q3.,Lead Generation,Carousel,25-34,UAE,48290,26746,691,2272,435,267,515,3489,0,123,31,204.29
2343,2025-08-01,TikTok,Lead Gen - Webinar,TT-250801-02343,Limited time only. Shop Lead Gen - Webinar now.,Conversions,Text,45-54,Germany,36261,22952,688,2067,348,381,763,3559,0,130,36,184.14
2344,2025-08-01,TikTok,Product Demo Series,TT-250801-02344,Download now and experience Product Demo Series.,App Installs,Video,55+,UAE,24039,21214,225,659,122,114,151,1046,13750,40,16,196.76
2345,2025-08-01,TikTok,Retargeting Campaign,TT-250801-02345,Sign up now for exclusive access to Retargeting Campaign.,Lead Generation,Reel,25-34,USA,23406,15040,498,1490,310,190,445,2435,12396,95,45,109.53
2346,2025-08-01,X (Twitter),Brand Awareness Q3,XT-250801-02346,Ready to dive in? Click through for Brand Awareness Q3.,Traffic,Carousel,55+,UAE,11280,9262,151,165,24,14,44,247,0,7,17,76.52
2347,2025-08-01,X (Twitter),Summer Sale Launch,XT-250801-02347,Limited time only. Shop Summer Sale Launch now.,Conversions,Image,55+,India,14412,12378,228,262,55,46,60,423,0,12,22,100.52
2348,2025-08-01,YouTube,Influencer Collab,YT-250801-02348,Get the app. Get Influencer Collab.,App Installs,Story,18-24,Germany,18569,12117,87,436,54,59,117,666,8342,14,2,144.53
2349,2025-08-01,YouTube,New Feature Announcement,YT-250801-02349,Tag a friend who needs to see this. New Feature Announcement,Engagement,Text,18-24,UK,4822,3448,23,42,9,7,15,73,0,0,1,41.05
2350,2025-08-01,YouTube,Product Demo Series,YT-250801-02350,Swipe up to explore Product Demo Series today.,Traffic,Video,35-44,UK,8092,5545,52,209,33,28,48,318,2353,5,6,102.77
2351,2025-08-02,Facebook,App Install Push,FB-250802-02351,Reserve your spot for App Install Push — seats are limited.,Lead Generation,Text,35-44,Brazil,25667,17730,149,592,127,66,177,962,0,21,6,164.06
2352,2025-08-02,Facebook,Brand Awareness Q3,FB-250802-02352,Big things are coming. Stay tuned for Brand Awareness Q3.,Awareness,Video,35-44,Brazil,10847,8112,152,118,17,16,60,211,3136,10,14,59.33
2353,2025-08-02,Instagram,Brand Awareness Q3,IG-250802-02353,We want to hear your story. Share below. Brand Awareness Q3,Engagement,Text,55+,India,40017,23914,459,2246,328,207,748,3529,0,107,13,289.36
2354,2025-08-02,LinkedIn,Holiday Promo,LI-250802-02354,Install today and unlock Holiday Promo.,App Installs,Reel,18-24,UAE,9856,7089,87,217,38,30,90,375,3473,13,4,196.28
2355,2025-08-02,LinkedIn,New Feature Announcement,LI-250802-02355,"You asked, we delivered. Introducing New Feature Announcement.",Awareness,Text,35-44,India,507,365,3,11,2,2,3,18,0,0,0,7.32
2356,2025-08-02,LinkedIn,Retargeting Campaign,LI-250802-02356,Get exclusive access to Retargeting Campaign today.,Conversions,Video,45-54,UK,2803,2129,19,38,6,7,12,63,1354,0,1,35.08
2357,2025-08-02,LinkedIn,Summer Sale Launch,LI-250802-02357,Tag a friend who needs to see this. Summer Sale Launch,Engagement,Video,25-34,UAE,7866,7038,45,169,30,26,25,250,1748,12,3,112.93
2358,2025-08-02,TikTok,App Install Push,TT-250802-02358,Tag a friend who needs to see this. App Install Push,Engagement,Story,45-54,UAE,19942,13893,431,1573,314,135,488,2510,6853,47,39,142.03
2359,2025-08-02,TikTok,Holiday Promo,TT-250802-02359,Get exclusive access to Holiday Promo today.,Conversions,Text,45-54,Germany,37382,21461,319,2087,332,287,778,3484,0,146,18,261.65
2360,2025-08-02,TikTok,Influencer Collab,TT-250802-02360,Install today and unlock Influencer Collab.,App Installs,Video,55+,UK,24752,16119,431,873,151,145,326,1495,13146,47,37,196.42
2361,2025-08-02,X (Twitter),Influencer Collab,XT-250802-02361,Tell us what you think in the comments! Influencer Collab,Engagement,Text,18-24,Germany,11842,9828,172,182,25,34,74,315,0,10,7,78.71
2362,2025-08-02,X (Twitter),Retargeting Campaign,XT-250802-02362,Get the app. Get Retargeting Campaign.,App Installs,Carousel,35-44,UAE,4280,3701,31,67,14,13,24,118,0,5,2,29.7
2363,2025-08-02,YouTube,App Install Push,YT-250802-02363,We want to hear your story. Share below. App Install Push,Engagement,Image,18-24,Germany,14245,11093,45,286,45,39,56,426,0,20,2,114.61
2364,2025-08-02,YouTube,Brand Awareness Q3,YT-250802-02364,Get exclusive access to Brand Awareness Q3 today.,Conversions,Video,18-24,USA,19273,14421,172,632,130,45,107,914,4162,11,5,247.87
2365,2025-08-03,Facebook,Influencer Collab,FB-250803-02365,Install today and unlock Influencer Collab.,App Installs,Text,45-54,UAE,12528,9324,107,160,33,14,30,237,0,4,10,117.54
2366,2025-08-03,Instagram,Product Demo Series,IG-250803-02366,Limited time only. Shop Product Demo Series now.,Conversions,Carousel,18-24,Brazil,26928,15389,179,1322,288,151,566,2327,0,32,10,248.21
2367,2025-08-03,Instagram,Retargeting Campaign,IG-250803-02367,Get the app. Get Retargeting Campaign.,App Installs,Text,18-24,India,34887,24338,303,1830,234,242,403,2709,0,43,29,352.79
2368,2025-08-03,LinkedIn,App Install Push,LI-250803-02368,Get the app. Get App Install Push.,App Installs,Story,35-44,USA,6172,4891,31,156,28,20,46,250,1551,11,2,106.03
2369,2025-08-03,TikTok,Brand Awareness Q3,TT-250803-02369,Big things are coming. Stay tuned for Brand Awareness Q3.,Awareness,Image,18-24,USA,22080,16234,374,982,186,140,159,1467,0,30,43,131.76
2370,2025-08-03,TikTok,Influencer Collab,TT-250803-02370,Download now and experience Influencer Collab.,App Installs,Story,35-44,UAE,42083,27837,570,2778,691,354,1109,4932,9923,67,24,177.0
2371,2025-08-03,X (Twitter),New Feature Announcement,XT-250803-02371,Limited time only. Shop New Feature Announcement now.,Conversions,Text,55+,UK,8600,6468,72,133,19,25,62,239,0,8,3,58.71
2372,2025-08-03,X (Twitter),Product Demo Series,XT-250803-02372,"You asked, we delivered. Introducing Product Demo Series.",Awareness,Reel,55+,Brazil,6015,3698,93,88,19,12,26,145,2157,6,3,35.55
2373,2025-08-04,Facebook,New Feature Announcement,FB-250804-02373,Your next favorite thing is one click away. New Feature Announcement,Conversions,Carousel,18-24,USA,16499,13575,241,278,53,23,113,467,0,6,16,112.38
2374,2025-08-04,Facebook,Retargeting Campaign,FB-250804-02374,Double tap if you agree! Retargeting Campaign,Engagement,Reel,25-34,UAE,17340,13973,270,435,74,44,148,701,6693,29,26,104.38
2375,2025-08-04,LinkedIn,Holiday Promo,LI-250804-02375,Don't miss out — Holiday Promo ends soon.,Conversions,Text,18-24,India,7648,4770,42,203,36,20,47,306,0,13,4,86.24
2376,2025-08-04,LinkedIn,Summer Sale Launch,LI-250804-02376,Install today and unlock Summer Sale Launch.,App Installs,Text,18-24,UK,5593,4255,62,57,7,8,14,86,0,1,6,93.28
2377,2025-08-04,TikTok,Brand Awareness Q3,TT-250804-02377,Download now and experience Brand Awareness Q3.,App Installs,Image,25-34,Brazil,28901,19086,242,1569,307,229,181,2286,0,63,26,186.09
2378,2025-08-04,TikTok,Retargeting Campaign,TT-250804-02378,Ready to dive in? Click through for Retargeting Campaign.,Traffic,Image,55+,UK,48289,38056,811,2668,529,417,636,4250,0,68,63,335.63
2379,2025-08-04,X (Twitter),Lead Gen - Webinar,XT-250804-02379,Join thousands who've already signed up for Lead Gen - Webinar.,Lead Generation,Reel,55+,India,9549,6744,81,169,35,14,46,264,3169,7,4,59.93
2380,2025-08-04,X (Twitter),New Feature Announcement,XT-250804-02380,Big things are coming. Stay tuned for New Feature Announcement.,Awareness,Reel,55+,Brazil,8280,5374,81,102,18,14,21,155,1726,2,4,47.71
2381,2025-08-04,X (Twitter),Summer Sale Launch,XT-250804-02381,Install today and unlock Summer Sale Launch.,App Installs,Video,18-24,Brazil,9723,6299,54,80,15,8,23,126,5524,4,5,79.94
2382,2025-08-05,Facebook,Influencer Collab,FB-250805-02382,We want to hear your story. Share below. Influencer Collab,Engagement,Text,18-24,UAE,10393,6419,144,266,55,41,54,416,0,13,14,56.93
2383,2025-08-05,Facebook,Lead Gen - Webinar,FB-250805-02383,Link in bio to learn more about Lead Gen - Webinar.,Traffic,Reel,25-34,India,11290,8991,88,270,48,38,83,439,6339,4,8,117.48
2384,2025-08-05,Facebook,Product Demo Series,FB-250805-02384,Your next favorite thing is one click away. Product Demo Series,Conversions,Text,35-44,Brazil,23678,19577,363,358,83,76,126,643,0,10,16,179.83
2385,2025-08-05,Instagram,Influencer Collab,IG-250805-02385,Big things are coming. Stay tuned for Influencer Collab.,Awareness,Reel,35-44,UAE,9324,5432,123,455,100,57,57,669,3071,9,4,58.51
2386,2025-08-05,LinkedIn,Lead Gen - Webinar,LI-250805-02386,This is more than a campaign — it's a movement. Lead Gen - Webinar,Awareness,Video,18-24,UK,7668,5861,35,114,19,10,48,191,2678,8,1,90.27
2387,2025-08-05,LinkedIn,New Feature Announcement,LI-250805-02387,Get the app. Get New Feature Announcement.,App Installs,Image,25-34,Germany,5151,3990,37,140,18,22,23,203,0,8,2,77.47
2388,2025-08-05,TikTok,Brand Awareness Q3,TT-250805-02388,Double tap if you agree! Brand Awareness Q3,Engagement,Carousel,25-34,UK,5916,3680,79,275,34,26,78,413,0,13,9,30.08
2389,2025-08-05,YouTube,Holiday Promo,YT-250805-02389,Sign up now for exclusive access to Holiday Promo.,Lead Generation,Story,25-34,Brazil,11951,10655,91,157,28,21,47,253,5670,7,2,122.05
2390,2025-08-05,YouTube,New Feature Announcement,YT-250805-02390,Swipe up to explore New Feature Announcement today.,Traffic,Reel,55+,Brazil,9867,6890,72,136,26,26,57,245,3961,5,8,98.32
2391,2025-08-06,Facebook,App Install Push,FB-250806-02391,Get the free guide: App Install Push.,Lead Generation,Image,55+,India,15111,11682,182,267,40,28,69,404,0,19,15,116.72
2392,2025-08-06,Facebook,New Feature Announcement,FB-250806-02392,Link in bio to learn more about New Feature Announcement.,Traffic,Reel,55+,Brazil,17269,11034,99,546,136,61,246,989,4876,44,10,126.22
2393,2025-08-06,Instagram,App Install Push,IG-250806-02393,Don't miss out — App Install Push ends soon.,Conversions,Image,35-44,UAE,16822,10137,178,799,201,78,330,1408,0,45,14,130.25
2394,2025-08-06,Instagram,Influencer Collab,IG-250806-02394,Ready to dive in? Click through for Influencer Collab.,Traffic,Carousel,25-34,UK,14001,10220,169,519,139,66,215,939,0,29,11,100.4
2395,2025-08-06,Instagram,New Feature Announcement,IG-250806-02395,Download now and experience New Feature Announcement.,App Installs,Text,25-34,UAE,23200,14526,250,1102,274,156,454,1986,0,75,14,220.79
2396,2025-08-06,LinkedIn,New Feature Announcement,LI-250806-02396,Swipe up to explore New Feature Announcement today.,Traffic,Story,25-34,India,5108,3109,22,116,23,13,34,186,1650,6,1,80.55
2397,2025-08-06,LinkedIn,Summer Sale Launch,LI-250806-02397,Double tap if you agree! Summer Sale Launch,Engagement,Image,35-44,USA,7483,5147,67,83,14,8,21,126,0,1,6,113.51
2398,2025-08-06,TikTok,App Install Push,TT-250806-02398,Tag a friend who needs to see this. App Install Push,Engagement,Image,35-44,UAE,39863,30341,500,2219,341,185,548,3293,0,78,29,320.0
2399,2025-08-06,X (Twitter),Brand Awareness Q3,XT-250806-02399,Get exclusive access to Brand Awareness Q3 today.,Conversions,Text,25-34,Brazil,9425,8271,65,152,38,26,57,273,0,11,2,61.47
2400,2025-08-06,X (Twitter),Holiday Promo,XT-250806-02400,Get exclusive access to Holiday Promo today.,Conversions,Story,18-24,Brazil,8878,7045,94,123,15,16,23,177,4903,4,8,79.7
2401,2025-08-06,YouTube,Brand Awareness Q3,YT-250806-02401,Tag a friend who needs to see this. Brand Awareness Q3,Engagement,Story,25-34,Germany,2948,2304,15,53,8,5,15,81,1176,2,1,35.44
2402,2025-08-06,YouTube,New Feature Announcement,YT-250806-02402,This is more than a campaign — it's a movement. New Feature Announcement,Awareness,Carousel,18-24,Germany,13425,7698,107,273,42,45,57,417,0,5,12,137.02
2403,2025-08-07,Facebook,Influencer Collab,FB-250807-02403,We want to hear your story. Share below. Influencer Collab,Engagement,Carousel,18-24,UAE,24098,21674,292,580,81,48,137,846,0,21,8,206.74
2404,2025-08-07,Facebook,Retargeting Campaign,FB-250807-02404,Swipe up to explore Retargeting Campaign today.,Traffic,Text,55+,Germany,26717,16119,205,871,200,90,207,1368,0,58,24,208.38
2405,2025-08-07,Facebook,Summer Sale Launch,FB-250807-02405,Join thousands who've already signed up for Summer Sale Launch.,Lead Generation,Story,18-24,Brazil,14506,10212,173,339,68,40,47,494,3622,9,19,76.17
2406,2025-08-07,Instagram,Lead Gen - Webinar,IG-250807-02406,"You asked, we delivered. Introducing Lead Gen - Webinar.",Awareness,Video,35-44,India,26639,20842,197,729,140,152,261,1282,13247,13,14,196.54
2407,2025-08-07,Instagram,Product Demo Series,IG-250807-02407,Reserve your spot for Product Demo Series — seats are limited.,Lead Generation,Text,25-34,UAE,40008,27935,396,2168,395,220,935,3718,0,108,36,369.18
2408,2025-08-07,LinkedIn,Retargeting Campaign,LI-250807-02408,We want to hear your story. Share below. Retargeting Campaign,Engagement,Video,45-54,Brazil,7367,5442,35,111,26,19,25,181,3640,8,3,129.69
2409,2025-08-07,TikTok,Brand Awareness Q3,TT-250807-02409,Available now on iOS and Android — Brand Awareness Q3.,App Installs,Carousel,18-24,UAE,15624,8891,219,1112,160,128,345,1745,0,41,10,86.47
2410,2025-08-07,TikTok,Retargeting Campaign,TT-250807-02410,Reserve your spot for Retargeting Campaign — seats are limited.,Lead Generation,Carousel,55+,USA,21392,17526,264,1247,238,196,264,1945,0,55,7,149.3
2411,2025-08-07,YouTube,Influencer Collab,YT-250807-02411,Reserve your spot for Influencer Collab — seats are limited.,Lead Generation,Story,45-54,Brazil,19326,16197,157,370,79,38,150,637,11527,29,12,152.94
2412,2025-08-07,YouTube,Retargeting Campaign,YT-250807-02412,Double tap if you agree! Retargeting Campaign,Engagement,Carousel,55+,Brazil,13774,11765,44,166,28,30,54,278,0,4,3,92.62
2413,2025-08-08,Instagram,Product Demo Series,IG-250808-02413,Install today and unlock Product Demo Series.,App Installs,Text,55+,UAE,24411,16449,221,1115,252,189,167,1723,0,33,25,251.37
2414,2025-08-08,Instagram,Retargeting Campaign,IG-250808-02414,Link in bio to learn more about Retargeting Campaign.,Traffic,Image,18-24,USA,32662,27607,261,1215,155,134,297,1801,0,72,23,365.97
2415,2025-08-08,LinkedIn,Brand Awareness Q3,LI-250808-02415,Big things are coming. Stay tuned for Brand Awareness Q3.,Awareness,Story,18-24,Brazil,7850,6032,86,74,17,9,21,121,3751,5,1,138.6
2416,2025-08-08,LinkedIn,Product Demo Series,LI-250808-02416,Tell us what you think in the comments! Product Demo Series,Engagement,Story,45-54,Brazil,2629,1925,9,41,6,4,15,66,891,3,0,32.54
2417,2025-08-08,TikTok,App Install Push,TT-250808-02417,We want to hear your story. Share below. App Install Push,Engagement,Text,18-24,UAE,32797,22431,240,956,182,80,181,1399,0,59,24,145.27
2418,2025-08-08,TikTok,Lead Gen - Webinar,TT-250808-02418,Reserve your spot for Lead Gen - Webinar — seats are limited.,Lead Generation,Carousel,35-44,India,42269,34225,839,3231,549,285,1211,5276,0,209,22,342.72
2419,2025-08-08,TikTok,New Feature Announcement,TT-250808-02419,Swipe up to explore New Feature Announcement today.,Traffic,Reel,45-54,USA,26674,18141,552,1794,307,148,385,2634,7405,35,56,163.93
2420,2025-08-08,X (Twitter),Influencer Collab,XT-250808-02420,Install today and unlock Influencer Collab.,App Installs,Video,18-24,UK,8866,6018,84,140,32,12,70,254,4755,4,5,44.86
2421,2025-08-08,X (Twitter),Product Demo Series,XT-250808-02421,Join thousands who've already signed up for Product Demo Series.,Lead Generation,Image,18-24,UAE,4453,3313,55,43,9,5,12,69,0,2,4,24.53
2422,2025-08-08,YouTube,App Install Push,YT-250808-02422,Install today and unlock App Install Push.,App Installs,Image,35-44,India,13426,9200,57,462,88,47,70,667,0,8,6,111.17
2423,2025-08-08,YouTube,Brand Awareness Q3,YT-250808-02423,Get exclusive access to Brand Awareness Q3 today.,Conversions,Text,55+,UAE,13084,10768,84,401,82,55,108,646,0,12,5,169.05
2424,2025-08-08,YouTube,Influencer Collab,YT-250808-02424,Get exclusive access to Influencer Collab today.,Conversions,Text,55+,UAE,6285,4181,34,92,15,15,41,163,0,5,2,57.93
2425,2025-08-08,YouTube,Summer Sale Launch,YT-250808-02425,Join thousands who've already signed up for Summer Sale Launch.,Lead Generation,Text,25-34,Germany,15256,10409,141,308,45,32,74,459,0,14,16,161.87
2426,2025-08-09,Facebook,Product Demo Series,FB-250809-02426,Full details on our site — Product Demo Series.,Traffic,Carousel,25-34,USA,15643,10405,136,523,97,65,196,881,0,15,5,89.2
2427,2025-08-09,Instagram,Brand Awareness Q3,IG-250809-02427,Don't miss out — Brand Awareness Q3 ends soon.,Conversions,Reel,45-54,USA,16670,14154,177,776,109,75,168,1128,6316,39,16,144.79
2428,2025-08-09,Instagram,Retargeting Campaign,IG-250809-02428,Download now and experience Retargeting Campaign.,App Installs,Reel,25-34,UK,16629,11047,215,604,118,59,222,1003,7350,38,10,95.96
2429,2025-08-09,LinkedIn,Brand Awareness Q3,LI-250809-02429,Tell us what you think in the comments! Brand Awareness Q3,Engagement,Carousel,55+,USA,9475,7636,53,164,38,23,55,280,0,12,5,158.0
2430,2025-08-09,LinkedIn,Retargeting Campaign,LI-250809-02430,Don't miss out — Retargeting Campaign ends soon.,Conversions,Video,35-44,USA,4848,2868,35,98,20,8,28,154,2441,6,1,70.28
2431,2025-08-09,X (Twitter),Influencer Collab,XT-250809-02431,Ready to dive in? Click through for Influencer Collab.,Traffic,Text,25-34,Brazil,10969,7113,66,99,18,15,44,176,0,3,3,103.05
2432,2025-08-09,X (Twitter),Product Demo Series,XT-250809-02432,Discover what makes Product Demo Series different. #NewLaunch,Awareness,Carousel,35-44,India,7843,4842,104,62,10,7,10,89,0,2,9,50.68
2433,2025-08-09,X (Twitter),Retargeting Campaign,XT-250809-02433,Ready to dive in? Click through for Retargeting Campaign.,Traffic,Image,45-54,India,7231,5020,49,49,7,7,22,85,0,2,2,61.81
2434,2025-08-09,YouTube,Holiday Promo,YT-250809-02434,Get the app. Get Holiday Promo.,App Installs,Text,55+,India,10808,8902,82,149,31,22,34,236,0,2,7,115.0
2435,2025-08-09,YouTube,Product Demo Series,YT-250809-02435,Big things are coming. Stay tuned for Product Demo Series.,Awareness,Carousel,25-34,Brazil,23067,13289,77,277,42,31,99,449,0,14,4,252.78
2436,2025-08-10,Facebook,Retargeting Campaign,FB-250810-02436,Don't miss out — Retargeting Campaign ends soon.,Conversions,Video,55+,Germany,23449,15705,162,535,114,102,127,878,13464,22,6,215.88
2437,2025-08-10,Facebook,Summer Sale Launch,FB-250810-02437,Get exclusive access to Summer Sale Launch today.,Conversions,Carousel,18-24,USA,20881,14791,269,626,139,114,207,1086,0,11,14,158.64
2438,2025-08-10,Instagram,Product Demo Series,IG-250810-02438,Full details on our site — Product Demo Series.,Traffic,Text,25-34,USA,17954,10096,129,983,210,97,375,1665,0,36,15,165.08
2439,2025-08-10,LinkedIn,Product Demo Series,LI-250810-02439,Sign up now for exclusive access to Product Demo Series.,Lead Generation,Reel,25-34,India,8228,7101,71,146,35,23,58,262,4795,11,8,154.32
2440,2025-08-10,TikTok,App Install Push,TT-250810-02440,Limited time only. Shop App Install Push now.,Conversions,Carousel,35-44,Germany,26065,20360,402,1027,204,105,403,1739,0,23,10,198.23
2441,2025-08-10,TikTok,Brand Awareness Q3,TT-250810-02441,Available now on iOS and Android — Brand Awareness Q3.,App Installs,Carousel,25-34,India,14178,12606,242,526,129,57,160,872,0,35,14,92.99
2442,2025-08-10,TikTok,Holiday Promo,TT-250810-02442,Big things are coming. Stay tuned for Holiday Promo.,Awareness,Story,18-24,UK,37921,21361,715,1176,263,189,295,1923,8220,71,43,160.23
2443,2025-08-10,X (Twitter),Holiday Promo,XT-250810-02443,Limited time only. Shop Holiday Promo now.,Conversions,Story,25-34,USA,7064,4768,61,101,20,12,22,155,2251,2,5,55.92
2444,2025-08-10,YouTube,Holiday Promo,YT-250810-02444,We want to hear your story. Share below. Holiday Promo,Engagement,Carousel,45-54,USA,10594,7912,73,211,47,31,88,377,0,4,7,101.34
2445,2025-08-10,YouTube,New Feature Announcement,YT-250810-02445,"You asked, we delivered. Introducing New Feature Announcement.",Awareness,Story,45-54,UK,1614,1046,14,27,4,4,8,43,762,1,0,19.04
2446,2025-08-11,Facebook,New Feature Announcement,FB-250811-02446,Join thousands who've already signed up for New Feature Announcement.,Lead Generation,Story,25-34,Germany,24779,20710,391,433,94,53,98,678,7018,13,43,251.35
2447,2025-08-11,Facebook,Product Demo Series,FB-250811-02447,Link in bio to learn more about Product Demo Series.,Traffic,Image,45-54,India,16527,11051,211,257,51,34,99,441,0,13,5,112.36
2448,2025-08-11,Instagram,Brand Awareness Q3,IG-250811-02448,"You asked, we delivered. Introducing Brand Awareness Q3.",Awareness,Story,45-54,Germany,30958,21733,305,1718,348,244,355,2665,6524,133,23,291.96
2449,2025-08-11,TikTok,Holiday Promo,TT-250811-02449,Available now on iOS and Android — Holiday Promo.,App Installs,Video,18-24,UAE,35956,30349,793,986,225,148,334,1693,11225,46,32,200.5
2450,2025-08-11,TikTok,Influencer Collab,TT-250811-02450,Limited time only. Shop Influencer Collab now.,Conversions,Reel,45-54,UK,24872,21582,530,714,133,86,185,1118,6668,16,60,170.45
2451,2025-08-11,TikTok,New Feature Announcement,TT-250811-02451,This is more than a campaign — it's a movement. New Feature Announcement,Awareness,Image,18-24,UK,24609,13822,310,1094,205,183,299,1781,0,76,16,143.89
2452,2025-08-11,TikTok,Summer Sale Launch,TT-250811-02452,Available now on iOS and Android — Summer Sale Launch.,App Installs,Video,45-54,UAE,26376,22335,589,1517,323,277,428,2545,8642,54,38,129.76
2453,2025-08-11,YouTube,Influencer Collab,YT-250811-02453,Ready to dive in? Click through for Influencer Collab.,Traffic,Story,55+,UAE,13627,11023,101,185,35,29,60,309,5140,9,6,139.82
2454,2025-08-11,YouTube,Product Demo Series,YT-250811-02454,Tell us what you think in the comments! Product Demo Series,Engagement,Carousel,55+,USA,12724,8399,107,135,25,14,53,227,0,9,6,99.84
2455,2025-08-12,Facebook,Lead Gen - Webinar,FB-250812-02455,Install today and unlock Lead Gen - Webinar.,App Installs,Video,45-54,UK,15394,12857,168,357,45,43,69,514,4730,5,5,113.83
2456,2025-08-12,Instagram,Product Demo Series,IG-250812-02456,Link in bio to learn more about Product Demo Series.,Traffic,Text,25-34,UK,26549,20119,193,1087,250,181,385,1903,0,40,21,300.4
2457,2025-08-12,Instagram,Retargeting Campaign,IG-250812-02457,Tag a friend who needs to see this. Retargeting Campaign,Engagement,Reel,25-34,UK,16316,10908,97,683,88,130,198,1099,4714,17,4,126.39
2458,2025-08-12,Instagram,Summer Sale Launch,IG-250812-02458,Swipe up to explore Summer Sale Launch today.,Traffic,Video,25-34,India,21947,17706,309,906,155,146,396,1603,7947,45,35,160.69
2459,2025-08-12,LinkedIn,App Install Push,LI-250812-02459,Double tap if you agree! App Install Push,Engagement,Carousel,18-24,Germany,5804,3405,24,128,28,14,40,210,0,7,1,74.02
2460,2025-08-12,LinkedIn,Lead Gen - Webinar,LI-250812-02460,This is more than a campaign — it's a movement. Lead Gen - Webinar,Awareness,Story,45-54,Brazil,5686,4577,37,105,13,13,25,156,2602,1,1,70.1
2461,2025-08-12,LinkedIn,Summer Sale Launch,LI-250812-02461,Get the app. Get Summer Sale Launch.,App Installs,Reel,55+,UK,7991,7138,67,82,21,11,32,146,1932,5,7,96.91
2462,2025-08-12,X (Twitter),Holiday Promo,XT-250812-02462,"You asked, we delivered. Introducing Holiday Promo.",Awareness,Video,45-54,USA,9706,8732,80,130,23,14,24,191,2826,6,7,87.7
2463,2025-08-12,YouTube,Brand Awareness Q3,YT-250812-02463,"You asked, we delivered. Introducing Brand Awareness Q3.",Awareness,Reel,25-34,USA,19311,15363,124,311,67,61,116,555,4848,23,7,216.48
2464,2025-08-12,YouTube,Holiday Promo,YT-250812-02464,Don't miss out — Holiday Promo ends soon.,Conversions,Text,18-24,UAE,16424,13718,105,393,86,33,88,600,0,29,9,145.37
2465,2025-08-13,Facebook,Holiday Promo,FB-250813-02465,Tell us what you think in the comments! Holiday Promo,Engagement,Image,18-24,USA,20544,14089,240,525,101,82,54,762,0,20,23,122.21
2466,2025-08-13,Facebook,Influencer Collab,FB-250813-02466,Get the free guide: Influencer Collab.,Lead Generation,Video,35-44,Germany,19236,11540,175,553,69,73,145,840,7699,32,4,158.08
2467,2025-08-13,Instagram,New Feature Announcement,IG-250813-02467,Available now on iOS and Android — New Feature Announcement.,App Installs,Carousel,55+,Brazil,15068,8568,181,666,94,106,121,987,0,17,10,94.67
2468,2025-08-13,LinkedIn,Holiday Promo,LI-250813-02468,Don't miss out — Holiday Promo ends soon.,Conversions,Video,35-44,USA,5721,4086,53,129,17,15,46,207,1875,8,2,112.19
2469,2025-08-13,LinkedIn,Lead Gen - Webinar,LI-250813-02469,Available now on iOS and Android — Lead Gen - Webinar.,App Installs,Text,35-44,UK,6480,3616,25,128,29,21,34,212,0,3,2,67.2
2470,2025-08-13,LinkedIn,Summer Sale Launch,LI-250813-02470,Ready to dive in? Click through for Summer Sale Launch.,Traffic,Carousel,35-44,UAE,6091,4635,22,62,14,11,11,98,0,1,1,71.19
2471,2025-08-13,TikTok,Brand Awareness Q3,TT-250813-02471,Big things are coming. Stay tuned for Brand Awareness Q3.,Awareness,Image,18-24,UAE,18492,13354,249,1431,345,194,400,2370,0,102,23,152.56
2472,2025-08-13,X (Twitter),Lead Gen - Webinar,XT-250813-02472,Big things are coming. Stay tuned for Lead Gen - Webinar.,Awareness,Story,25-34,Germany,5322,3391,84,52,7,7,10,76,1396,1,7,36.89
2473,2025-08-13,YouTube,New Feature Announcement,YT-250813-02473,Link in bio to learn more about New Feature Announcement.,Traffic,Story,35-44,Brazil,24876,21280,149,732,119,93,153,1097,13839,44,3,281.3
2474,2025-08-13,YouTube,Retargeting Campaign,YT-250813-02474,Don't miss out — Retargeting Campaign ends soon.,Conversions,Carousel,35-44,Germany,20493,17154,183,263,36,39,47,385,0,7,3,235.6
2475,2025-08-14,Facebook,Lead Gen - Webinar,FB-250814-02475,Full details on our site — Lead Gen - Webinar.,Traffic,Story,18-24,India,26307,16796,184,693,96,94,305,1188,9946,43,9,180.99
2476,2025-08-14,Facebook,New Feature Announcement,FB-250814-02476,Sign up now for exclusive access to New Feature Announcement.,Lead Generation,Image,25-34,Brazil,19024,11580,164,615,109,97,160,981,0,32,19,159.99
2477,2025-08-14,Facebook,Retargeting Campaign,FB-250814-02477,Big things are coming. Stay tuned for Retargeting Campaign.,Awareness,Story,45-54,Brazil,21846,15973,245,383,51,48,96,578,12387,27,21,163.01
2478,2025-08-14,Instagram,App Install Push,IG-250814-02478,Reserve your spot for App Install Push — seats are limited.,Lead Generation,Text,25-34,USA,13612,7521,78,819,182,64,168,1233,0,50,1,131.28
2479,2025-08-14,Instagram,New Feature Announcement,IG-250814-02479,Swipe up to explore New Feature Announcement today.,Traffic,Text,45-54,UK,28162,17685,402,677,133,84,165,1059,0,37,43,238.44
2480,2025-08-14,Instagram,Retargeting Campaign,IG-250814-02480,Tag a friend who needs to see this. Retargeting Campaign,Engagement,Video,45-54,USA,27322,15081,220,1047,204,196,229,1676,8371,72,6,295.65
2481,2025-08-14,TikTok,Lead Gen - Webinar,TT-250814-02481,"You asked, we delivered. Introducing Lead Gen - Webinar.",Awareness,Image,55+,UAE,33955,18976,242,1318,286,222,481,2307,0,83,27,276.94
2482,2025-08-14,TikTok,Retargeting Campaign,TT-250814-02482,Available now on iOS and Android — Retargeting Campaign.,App Installs,Carousel,55+,Germany,33562,18896,670,868,131,83,426,1508,0,41,17,144.58
2483,2025-08-14,X (Twitter),App Install Push,XT-250814-02483,Swipe up to explore App Install Push today.,Traffic,Text,25-34,Germany,16337,13608,191,290,51,31,45,417,0,4,16,131.52
2484,2025-08-14,X (Twitter),Brand Awareness Q3,XT-250814-02484,We want to hear your story. Share below. Brand Awareness Q3,Engagement,Video,45-54,Brazil,8972,6130,54,125,26,20,41,212,3182,6,6,72.82
2485,2025-08-14,X (Twitter),Lead Gen - Webinar,XT-250814-02485,This is more than a campaign — it's a movement. Lead Gen - Webinar,Awareness,Reel,55+,Germany,7253,5843,89,89,21,15,29,154,3601,7,8,40.36
2486,2025-08-14,X (Twitter),Product Demo Series,XT-250814-02486,"You asked, we delivered. Introducing Product Demo Series.",Awareness,Reel,18-24,UAE,3169,2261,41,46,7,8,8,69,1178,2,1,19.5
2487,2025-08-15,Facebook,App Install Push,FB-250815-02487,Ready to dive in? Click through for App Install Push.,Traffic,Reel,18-24,UK,16397,10052,268,588,120,101,160,969,6124,39,9,119.88
2488,2025-08-15,Instagram,Brand Awareness Q3,IG-250815-02488,We want to hear your story. Share below. Brand Awareness Q3,Engagement,Image,55+,UK,16661,10183,226,334,42,54,76,506,0,6,11,182.22
2489,2025-08-15,LinkedIn,App Install Push,LI-250815-02489,Join thousands who've already signed up for App Install Push.,Lead Generation,Video,55+,UAE,3563,2352,30,36,7,5,13,61,922,1,2,39.46
2490,2025-08-15,LinkedIn,Influencer Collab,LI-250815-02490,Install today and unlock Influencer Collab.,App Installs,Text,55+,Germany,5785,3303,47,100,23,9,41,173,0,6,1,106.06
2491,2025-08-15,LinkedIn,Lead Gen - Webinar,LI-250815-02491,Link in bio to learn more about Lead Gen - Webinar.,Traffic,Video,35-44,UAE,5684,4562,32,108,13,16,21,158,1408,7,1,61.46
2492,2025-08-15,TikTok,Influencer Collab,TT-250815-02492,Tell us what you think in the comments! Influencer Collab,Engagement,Video,18-24,UK,32842,24292,670,1483,294,209,432,2418,13971,35,16,237.11
2493,2025-08-15,X (Twitter),Influencer Collab,XT-250815-02493,This is more than a campaign — it's a movement. Influencer Collab,Awareness,Reel,45-54,Brazil,5921,5315,40,114,25,13,18,170,1593,4,4,52.82
2494,2025-08-15,YouTube,Influencer Collab,YT-250815-02494,Your next favorite thing is one click away. Influencer Collab,Conversions,Story,55+,Germany,11191,7501,40,142,28,22,43,235,6435,8,3,99.08
2495,2025-08-15,YouTube,Product Demo Series,YT-250815-02495,Your next favorite thing is one click away. Product Demo Series,Conversions,Reel,45-54,Brazil,8495,6670,46,213,42,24,41,320,4657,14,2,88.57
2496,2025-08-16,Facebook,Holiday Promo,FB-250816-02496,Full details on our site — Holiday Promo.,Traffic,Video,35-44,USA,21315,18175,264,602,128,84,137,951,10747,40,26,124.33
2497,2025-08-16,Facebook,New Feature Announcement,FB-250816-02497,Full details on our site — New Feature Announcement.,Traffic,Carousel,18-24,UAE,20079,17435,214,489,75,49,269,882,0,16,11,187.45
2498,2025-08-16,Facebook,Product Demo Series,FB-250816-02498,Get the free guide: Product Demo Series.,Lead Generation,Image,18-24,UAE,22551,16197,205,512,74,59,144,789,0,18,17,211.04
2499,2025-08-16,Instagram,App Install Push,IG-250816-02499,Link in bio to learn more about App Install Push.,Traffic,Text,55+,Brazil,17578,14574,118,426,56,35,146,663,0,25,2,111.67
2500,2025-08-16,Instagram,New Feature Announcement,IG-250816-02500,Download now and experience New Feature Announcement.,App Installs,Video,45-54,Brazil,14851,9389,157,274,53,28,70,425,4518,12,11,136.23
2501,2025-08-16,Instagram,Retargeting Campaign,IG-250816-02501,Install today and unlock Retargeting Campaign.,App Installs,Text,45-54,UAE,15654,11710,76,339,68,55,56,518,0,8,8,132.47
2502,2025-08-16,Instagram,Summer Sale Launch,IG-250816-02502,Ready to dive in? Click through for Summer Sale Launch.,Traffic,Image,55+,Germany,27566,18920,178,1231,152,167,277,1827,0,65,14,260.0
2503,2025-08-16,X (Twitter),App Install Push,XT-250816-02503,Link in bio to learn more about App Install Push.,Traffic,Text,55+,Germany,12677,9601,96,84,17,12,13,126,0,5,7,64.96
2504,2025-08-16,X (Twitter),Lead Gen - Webinar,XT-250816-02504,Join thousands who've already signed up for Lead Gen - Webinar.,Lead Generation,Text,55+,USA,7085,4630,75,56,8,6,23,93,0,1,7,57.55
2505,2025-08-16,YouTube,Lead Gen - Webinar,YT-250816-02505,"You asked, we delivered. Introducing Lead Gen - Webinar.",Awareness,Carousel,25-34,UAE,11312,7197,66,193,31,23,57,304,0,13,7,140.14
2506,2025-08-17,Instagram,App Install Push,IG-250817-02506,Full details on our site — App Install Push.,Traffic,Image,35-44,UK,23656,18667,149,704,138,129,160,1131,0,54,13,187.92
2507,2025-08-17,Instagram,Lead Gen - Webinar,IG-250817-02507,Don't miss out — Lead Gen - Webinar ends soon.,Conversions,Image,45-54,UK,14210,11068,163,731,109,117,96,1053,0,12,7,83.34
2508,2025-08-17,Instagram,New Feature Announcement,IG-250817-02508,Join thousands who've already signed up for New Feature Announcement.,Lead Generation,Story,25-34,UAE,24168,16072,223,1203,178,226,440,2047,7789,62,24,142.37
2509,2025-08-17,LinkedIn,Brand Awareness Q3,LI-250817-02509,Available now on iOS and Android — Brand Awareness Q3.,App Installs,Story,35-44,UK,5459,3631,28,150,20,16,35,221,2383,8,1,97.65
2510,2025-08-17,TikTok,Influencer Collab,TT-250817-02510,Double tap if you agree! Influencer Collab,Engagement,Story,45-54,USA,19099,15351,355,506,111,94,120,831,6850,10,8,128.52
2511,2025-08-17,TikTok,Product Demo Series,TT-250817-02511,Your next favorite thing is one click away. Product Demo Series,Conversions,Video,25-34,UK,22191,18773,376,623,133,91,102,949,10939,23,39,96.05
2512,2025-08-17,X (Twitter),App Install Push,XT-250817-02512,Big things are coming. Stay tuned for App Install Push.,Awareness,Video,18-24,India,14018,8232,145,168,29,34,58,289,5810,10,5,85.99
2513,2025-08-17,X (Twitter),Brand Awareness Q3,XT-250817-02513,Tag a friend who needs to see this. Brand Awareness Q3,Engagement,Story,55+,UK,9399,5670,136,124,18,13,33,188,4938,2,15,45.95
2514,2025-08-17,YouTube,Influencer Collab,YT-250817-02514,We want to hear your story. Share below. Influencer Collab,Engagement,Story,25-34,UAE,12935,9659,56,202,34,29,37,302,7607,9,2,124.96
2515,2025-08-18,Facebook,Brand Awareness Q3,FB-250818-02515,Ready to dive in? Click through for Brand Awareness Q3.,Traffic,Image,55+,India,18942,10881,134,482,107,69,134,792,0,12,15,187.19
2516,2025-08-18,Facebook,Influencer Collab,FB-250818-02516,Tell us what you think in the comments! Influencer Collab,Engagement,Image,25-34,USA,28291,18584,247,1018,196,126,121,1461,0,41,18,214.25
2517,2025-08-18,Facebook,New Feature Announcement,FB-250818-02517,Link in bio to learn more about New Feature Announcement.,Traffic,Video,55+,USA,10006,8035,122,315,58,49,90,512,4502,5,7,64.15
2518,2025-08-18,Facebook,Retargeting Campaign,FB-250818-02518,Tell us what you think in the comments! Retargeting Campaign,Engagement,Video,18-24,Brazil,15904,9631,151,462,89,70,169,790,7388,32,17,133.92
2519,2025-08-18,Facebook,Summer Sale Launch,FB-250818-02519,We want to hear your story. Share below. Summer Sale Launch,Engagement,Story,55+,India,17151,9795,151,316,58,41,49,464,8608,14,12,135.66
2520,2025-08-18,LinkedIn,Retargeting Campaign,LI-250818-02520,Discover what makes Retargeting Campaign different. #NewLaunch,Awareness,Video,25-34,USA,5295,3769,35,91,14,12,22,139,2359,4,1,70.05
2521,2025-08-18,TikTok,Retargeting Campaign,TT-250818-02521,Download now and experience Retargeting Campaign.,App Installs,Carousel,55+,USA,42369,31931,840,1608,400,272,487,2767,0,69,56,297.45
2522,2025-08-18,X (Twitter),Lead Gen - Webinar,XT-250818-02522,Swipe up to explore Lead Gen - Webinar today.,Traffic,Text,35-44,UK,6946,5717,40,94,22,12,31,159,0,4,1,62.77
2523,2025-08-18,X (Twitter),Product Demo Series,XT-250818-02523,We want to hear your story. Share below. Product Demo Series,Engagement,Carousel,35-44,India,12949,11374,203,284,63,34,57,438,0,20,22,114.62
2524,2025-08-18,YouTube,App Install Push,YT-250818-02524,We want to hear your story. Share below. App Install Push,Engagement,Story,45-54,UK,9532,6920,41,300,57,52,44,453,5056,22,1,81.41
2525,2025-08-18,YouTube,Brand Awareness Q3,YT-250818-02525,Discover what makes Brand Awareness Q3 different. #NewLaunch,Awareness,Image,55+,UAE,25662,22802,225,403,54,43,144,644,0,13,7,302.88
2526,2025-08-18,YouTube,Holiday Promo,YT-250818-02526,Full details on our site — Holiday Promo.,Traffic,Text,18-24,UK,8201,7220,69,239,46,20,48,353,0,7,4,82.71
2527,2025-08-18,YouTube,Retargeting Campaign,YT-250818-02527,"You asked, we delivered. Introducing Retargeting Campaign.",Awareness,Image,18-24,Brazil,9649,6842,57,213,48,31,39,331,0,11,4,120.87
2528,2025-08-19,Facebook,App Install Push,FB-250819-02528,Swipe up to explore App Install Push today.,Traffic,Video,18-24,Germany,24377,17574,175,800,171,93,268,1332,6404,65,17,191.98
2529,2025-08-19,Facebook,Influencer Collab,FB-250819-02529,Double tap if you agree! Influencer Collab,Engagement,Text,45-54,UK,15416,9201,145,362,56,44,62,524,0,24,2,100.81
2530,2025-08-19,Facebook,Retargeting Campaign,FB-250819-02530,Get the app. Get Retargeting Campaign.,App Installs,Video,35-44,UK,15364,8895,195,469,99,89,178,835,4783,31,18,160.22
2531,2025-08-19,Instagram,Brand Awareness Q3,IG-250819-02531,Ready to dive in? Click through for Brand Awareness Q3.,Traffic,Carousel,18-24,Germany,17977,11375,109,905,130,143,392,1570,0,23,6,138.91
2532,2025-08-19,Instagram,Lead Gen - Webinar,IG-250819-02532,Download now and experience Lead Gen - Webinar.,App Installs,Image,18-24,UK,20649,14290,281,451,72,72,82,677,0,32,6,179.38
2533,2025-08-19,LinkedIn,App Install Push,LI-250819-02533,Available now on iOS and Android — App Install Push.,App Installs,Text,35-44,Brazil,5877,3400,64,61,14,5,16,96,0,1,6,84.94
2534,2025-08-19,TikTok,App Install Push,TT-250819-02534,Big things are coming. Stay tuned for App Install Push.,Awareness,Reel,45-54,UAE,41223,35633,809,2435,392,261,1311,4399,23410,160,25,177.21
2535,2025-08-19,TikTok,Retargeting Campaign,TT-250819-02535,Link in bio to learn more about Retargeting Campaign.,Traffic,Image,35-44,USA,31216,27516,315,1813,400,176,593,2982,0,78,28,188.43
2536,2025-08-19,TikTok,Summer Sale Launch,TT-250819-02536,Your next favorite thing is one click away. Summer Sale Launch,Conversions,Story,45-54,USA,40906,34728,341,1332,302,170,258,2062,22954,95,38,336.83
2537,2025-08-19,X (Twitter),Holiday Promo,XT-250819-02537,Tag a friend who needs to see this. Holiday Promo,Engagement,Video,45-54,Germany,6957,3997,75,153,21,13,35,222,2741,9,1,57.1
2538,2025-08-19,X (Twitter),Influencer Collab,XT-250819-02538,Discover what makes Influencer Collab different. #NewLaunch,Awareness,Reel,25-34,UK,9434,6850,48,160,20,21,32,233,1972,6,1,77.63
2539,2025-08-19,YouTube,Lead Gen - Webinar,YT-250819-02539,Get exclusive access to Lead Gen - Webinar today.,Conversions,Text,35-44,Germany,16240,13184,113,262,55,47,92,456,0,8,2,141.73
2540,2025-08-19,YouTube,Summer Sale Launch,YT-250819-02540,Your next favorite thing is one click away. Summer Sale Launch,Conversions,Reel,35-44,Brazil,13441,11114,54,392,62,52,100,606,5373,21,2,175.69
2541,2025-08-20,Facebook,New Feature Announcement,FB-250820-02541,Swipe up to explore New Feature Announcement today.,Traffic,Carousel,25-34,Germany,24201,14468,331,289,67,50,77,483,0,18,35,208.98
2542,2025-08-20,LinkedIn,App Install Push,LI-250820-02542,We want to hear your story. Share below. App Install Push,Engagement,Story,45-54,Brazil,3223,2322,34,65,10,6,18,99,1005,3,2,41.08
2543,2025-08-20,LinkedIn,Holiday Promo,LI-250820-02543,Sign up now for exclusive access to Holiday Promo.,Lead Generation,Reel,25-34,India,7466,5724,67,99,14,12,31,156,1716,3,2,78.3
2544,2025-08-20,LinkedIn,Summer Sale Launch,LI-250820-02544,Limited time only. Shop Summer Sale Launch now.,Conversions,Reel,55+,India,6536,5213,59,74,14,5,20,113,2310,1,4,70.25
2545,2025-08-20,TikTok,Holiday Promo,TT-250820-02545,Limited time only. Shop Holiday Promo now.,Conversions,Video,18-24,USA,10547,6391,161,469,88,41,148,746,5355,10,13,73.58
2546,2025-08-20,TikTok,New Feature Announcement,TT-250820-02546,Reserve your spot for New Feature Announcement — seats are limited.,Lead Generation,Text,25-34,UAE,13745,9631,280,1142,167,127,217,1653,0,38,32,58.81
2547,2025-08-20,X (Twitter),App Install Push,XT-250820-02547,We want to hear your story. Share below. App Install Push,Engagement,Image,35-44,Brazil,11587,6545,135,174,21,27,39,261,0,12,7,83.88
2548,2025-08-20,X (Twitter),Lead Gen - Webinar,XT-250820-02548,Limited time only. Shop Lead Gen - Webinar now.,Conversions,Video,55+,India,4812,3521,75,81,13,14,20,128,1341,1,1,29.68
2549,2025-08-20,X (Twitter),New Feature Announcement,XT-250820-02549,"You asked, we delivered. Introducing New Feature Announcement.",Awareness,Reel,45-54,Brazil,9138,7722,83,177,31,18,47,273,4345,9,2,83.61
2550,2025-08-20,X (Twitter),Product Demo Series,XT-250820-02550,"You asked, we delivered. Introducing Product Demo Series.",Awareness,Video,35-44,USA,7892,5456,118,113,16,15,34,178,2383,2,8,72.06
2551,2025-08-21,Facebook,Holiday Promo,FB-250821-02551,Get exclusive access to Holiday Promo today.,Conversions,Reel,25-34,USA,9409,7236,142,242,51,33,54,380,5195,7,10,79.59
2552,2025-08-21,Facebook,Influencer Collab,FB-250821-02552,Limited time only. Shop Influencer Collab now.,Conversions,Video,25-34,India,7539,6504,50,160,37,17,48,262,4384,8,1,65.1
2553,2025-08-21,Facebook,New Feature Announcement,FB-250821-02553,Tell us what you think in the comments! New Feature Announcement,Engagement,Image,18-24,Brazil,15599,8648,159,343,71,65,127,606,0,14,8,112.82
2554,2025-08-21,Instagram,App Install Push,IG-250821-02554,Double tap if you agree! App Install Push,Engagement,Story,18-24,UAE,29295,22792,180,1457,270,175,428,2330,6962,51,9,313.54
2555,2025-08-21,Instagram,Lead Gen - Webinar,IG-250821-02555,Discover what makes Lead Gen - Webinar different. #NewLaunch,Awareness,Text,55+,USA,24748,13657,286,785,180,144,248,1357,0,31,6,157.85
2556,2025-08-21,X (Twitter),New Feature Announcement,XT-250821-02556,Install today and unlock New Feature Announcement.,App Installs,Video,55+,UAE,7779,5983,76,82,17,16,26,141,2018,6,8,50.35
2557,2025-08-21,YouTube,Influencer Collab,YT-250821-02557,Don't miss out — Influencer Collab ends soon.,Conversions,Carousel,18-24,UAE,12237,9794,89,150,33,25,58,266,0,13,9,111.17
2558,2025-08-21,YouTube,Product Demo Series,YT-250821-02558,We want to hear your story. Share below. Product Demo Series,Engagement,Carousel,25-34,USA,11846,9912,67,227,47,38,14,326,0,7,7,89.99
2559,2025-08-21,YouTube,Summer Sale Launch,YT-250821-02559,Link in bio to learn more about Summer Sale Launch.,Traffic,Story,45-54,UAE,8559,6093,66,217,40,18,75,350,3624,11,3,74.24
2560,2025-08-22,Facebook,Holiday Promo,FB-250822-02560,Tag a friend who needs to see this. Holiday Promo,Engagement,Text,55+,Brazil,13985,8871,217,455,79,77,140,751,0,15,6,95.09
2561,2025-08-22,Facebook,Influencer Collab,FB-250822-02561,We want to hear your story. Share below. Influencer Collab,Engagement,Text,25-34,India,21146,14286,125,402,77,34,108,621,0,14,9,142.92
2562,2025-08-22,Facebook,Summer Sale Launch,FB-250822-02562,Download now and experience Summer Sale Launch.,App Installs,Video,45-54,UK,11078,6379,173,390,61,32,157,640,6255,8,15,71.96
2563,2025-08-22,Instagram,Summer Sale Launch,IG-250822-02563,Sign up now for exclusive access to Summer Sale Launch.,Lead Generation,Image,25-34,India,34731,19214,251,729,188,97,267,1281,0,15,23,304.43
2564,2025-08-22,LinkedIn,Brand Awareness Q3,LI-250822-02564,Discover what makes Brand Awareness Q3 different. #NewLaunch,Awareness,Reel,25-34,Brazil,2797,2233,25,35,4,5,10,54,1149,1,2,31.29
2565,2025-08-22,TikTok,Summer Sale Launch,TT-250822-02565,Ready to dive in? Click through for Summer Sale Launch.,Traffic,Image,55+,India,49255,31854,777,3616,597,547,592,5352,0,93,32,269.3
2566,2025-08-22,X (Twitter),Lead Gen - Webinar,XT-250822-02566,Available now on iOS and Android — Lead Gen - Webinar.,App Installs,Story,55+,UAE,4850,3046,48,75,19,9,26,129,2686,5,1,35.38
2567,2025-08-22,X (Twitter),New Feature Announcement,XT-250822-02567,Ready to dive in? Click through for New Feature Announcement.,Traffic,Reel,55+,Germany,12611,10550,165,273,60,25,45,403,6219,12,13,78.32
2568,2025-08-22,YouTube,Lead Gen - Webinar,YT-250822-02568,Tag a friend who needs to see this. Lead Gen - Webinar,Engagement,Image,45-54,India,17911,15162,98,273,53,34,75,435,0,4,7,223.53
2569,2025-08-22,YouTube,Retargeting Campaign,YT-250822-02569,This is more than a campaign — it's a movement. Retargeting Campaign,Awareness,Text,45-54,India,12127,8701,95,227,44,40,95,406,0,10,2,85.33
2570,2025-08-23,Facebook,Holiday Promo,FB-250823-02570,Tag a friend who needs to see this. Holiday Promo,Engagement,Text,18-24,UK,18477,14268,133,378,53,65,98,594,0,8,4,99.67
2571,2025-08-23,Instagram,Brand Awareness Q3,IG-250823-02571,"You asked, we delivered. Introducing Brand Awareness Q3.",Awareness,Carousel,25-34,Brazil,14859,10497,209,697,157,101,256,1211,0,38,18,101.24
2572,2025-08-23,Instagram,Holiday Promo,IG-250823-02572,Discover what makes Holiday Promo different. #NewLaunch,Awareness,Carousel,35-44,India,21353,17932,199,912,155,97,327,1491,0,36,17,217.01
2573,2025-08-23,LinkedIn,Summer Sale Launch,LI-250823-02573,Discover what makes Summer Sale Launch different. #NewLaunch,Awareness,Carousel,18-24,Germany,4864,3644,49,101,17,10,53,181,0,5,5,90.38
2574,2025-08-23,TikTok,Influencer Collab,TT-250823-02574,Tag a friend who needs to see this. Influencer Collab,Engagement,Carousel,25-34,Brazil,23776,14794,221,1456,227,112,318,2113,0,41,10,170.38
2575,2025-08-23,TikTok,Lead Gen - Webinar,TT-250823-02575,Full details on our site — Lead Gen - Webinar.,Traffic,Image,55+,Brazil,27449,20170,454,1282,295,118,466,2161,0,22,10,147.6
2576,2025-08-23,TikTok,Retargeting Campaign,TT-250823-02576,Big things are coming. Stay tuned for Retargeting Campaign.,Awareness,Image,25-34,Brazil,42400,35471,680,1794,266,346,602,3008,0,109,15,291.72
2577,2025-08-23,X (Twitter),Lead Gen - Webinar,XT-250823-02577,Swipe up to explore Lead Gen - Webinar today.,Traffic,Image,18-24,USA,8566,5295,130,121,26,15,43,205,0,7,5,46.16
2578,2025-08-23,YouTube,Influencer Collab,YT-250823-02578,"You asked, we delivered. Introducing Influencer Collab.",Awareness,Reel,45-54,USA,9090,5853,76,126,24,13,26,189,2284,8,4,93.49
2579,2025-08-23,YouTube,New Feature Announcement,YT-250823-02579,Full details on our site — New Feature Announcement.,Traffic,Reel,35-44,USA,11811,9318,99,311,69,26,75,481,4121,12,6,91.7
2580,2025-08-24,Facebook,New Feature Announcement,FB-250824-02580,We want to hear your story. Share below. New Feature Announcement,Engagement,Reel,55+,UAE,21510,12529,181,542,111,79,59,791,10172,11,9,115.65
2581,2025-08-24,Facebook,Retargeting Campaign,FB-250824-02581,Swipe up to explore Retargeting Campaign today.,Traffic,Reel,45-54,USA,11103,6207,105,242,56,22,70,390,6617,17,5,88.54
2582,2025-08-24,Instagram,Holiday Promo,IG-250824-02582,Download now and experience Holiday Promo.,App Installs,Reel,18-24,Brazil,21767,14418,98,443,79,55,112,689,7701,11,6,228.33
2583,2025-08-24,TikTok,App Install Push,TT-250824-02583,Download now and experience App Install Push.,App Installs,Text,25-34,UAE,41858,32048,394,3286,696,531,589,5102,0,87,10,228.17
2584,2025-08-24,TikTok,Holiday Promo,TT-250824-02584,Get the app. Get Holiday Promo.,App Installs,Text,45-54,UK,51510,36241,1153,2646,547,302,1107,4602,0,190,131,354.0
2585,2025-08-24,TikTok,Influencer Collab,TT-250824-02585,Tell us what you think in the comments! Influencer Collab,Engagement,Video,45-54,USA,35428,20568,663,1186,218,145,478,2027,11250,21,24,196.66
2586,2025-08-24,TikTok,New Feature Announcement,TT-250824-02586,We want to hear your story. Share below. New Feature Announcement,Engagement,Reel,55+,USA,20134,11561,229,614,127,100,143,984,6347,13,12,89.6
2587,2025-08-24,TikTok,Product Demo Series,TT-250824-02587,Double tap if you agree! Product Demo Series,Engagement,Image,55+,India,33135,19296,563,1798,386,246,247,2677,0,86,14,240.98
2588,2025-08-24,X (Twitter),Influencer Collab,XT-250824-02588,Get exclusive access to Influencer Collab today.,Conversions,Video,35-44,Germany,5987,4914,93,125,24,16,22,187,3161,7,3,31.94
2589,2025-08-24,X (Twitter),New Feature Announcement,XT-250824-02589,Get the free guide: New Feature Announcement.,Lead Generation,Text,55+,Germany,13250,7974,166,79,18,13,29,139,0,5,11,103.51
2590,2025-08-24,YouTube,Brand Awareness Q3,YT-250824-02590,Get the app. Get Brand Awareness Q3.,App Installs,Image,25-34,UK,19507,13957,157,604,98,90,106,898,0,33,4,167.07
2591,2025-08-24,YouTube,Holiday Promo,YT-250824-02591,Don't miss out — Holiday Promo ends soon.,Conversions,Reel,18-24,Germany,21593,17584,135,537,73,44,131,785,11664,27,13,242.77
2592,2025-08-25,Facebook,Lead Gen - Webinar,FB-250825-02592,Available now on iOS and Android — Lead Gen - Webinar.,App Installs,Video,45-54,Germany,11485,10143,150,256,38,23,67,384,6090,10,11,93.1
2593,2025-08-25,Facebook,Retargeting Campaign,FB-250825-02593,Discover what makes Retargeting Campaign different. #NewLaunch,Awareness,Image,25-34,UAE,6511,5701,58,139,28,26,49,242,0,11,5,44.58
2594,2025-08-25,Facebook,Summer Sale Launch,FB-250825-02594,Don't miss out — Summer Sale Launch ends soon.,Conversions,Carousel,45-54,Germany,10122,5825,148,164,34,28,59,285,0,13,3,74.12
2595,2025-08-25,Instagram,Summer Sale Launch,IG-250825-02595,Your next favorite thing is one click away. Summer Sale Launch,Conversions,Text,25-34,USA,14880,10771,71,466,86,47,143,742,0,24,3,151.75
2596,2025-08-25,LinkedIn,App Install Push,LI-250825-02596,Link in bio to learn more about App Install Push.,Traffic,Reel,35-44,Germany,5933,4445,51,117,19,20,50,206,3512,3,3,111.43
2597,2025-08-25,LinkedIn,New Feature Announcement,LI-250825-02597,Ready to dive in? Click through for New Feature Announcement.,Traffic,Story,45-54,Brazil,9652,8525,73,230,50,22,46,348,3446,7,8,179.02
2598,2025-08-25,TikTok,Brand Awareness Q3,TT-250825-02598,Reserve your spot for Brand Awareness Q3 — seats are limited.,Lead Generation,Story,18-24,Germany,39810,25678,539,1538,261,121,465,2385,10879,79,36,171.91
2599,2025-08-25,X (Twitter),App Install Push,XT-250825-02599,Tag a friend who needs to see this. App Install Push,Engagement,Carousel,25-34,USA,8872,5841,98,200,31,27,41,299,0,11,10,68.55
2600,2025-08-25,X (Twitter),Summer Sale Launch,XT-250825-02600,Get exclusive access to Summer Sale Launch today.,Conversions,Image,45-54,Germany,5694,3854,47,97,15,14,17,143,0,2,5,31.06
2601,2025-08-26,Facebook,Lead Gen - Webinar,FB-250826-02601,Your next favorite thing is one click away. Lead Gen - Webinar,Conversions,Image,25-34,India,10907,9432,107,281,55,27,47,410,0,19,5,75.86
2602,2025-08-26,Facebook,Product Demo Series,FB-250826-02602,Download now and experience Product Demo Series.,App Installs,Text,45-54,USA,7103,4458,88,134,27,18,56,235,0,8,2,64.68
2603,2025-08-26,Instagram,Influencer Collab,IG-250826-02603,Don't miss out — Influencer Collab ends soon.,Conversions,Carousel,18-24,Germany,23176,13310,179,538,74,72,87,771,0,14,15,170.86
2604,2025-08-26,LinkedIn,Brand Awareness Q3,LI-250826-02604,This is more than a campaign — it's a movement. Brand Awareness Q3,Awareness,Story,45-54,UK,7248,6070,27,70,13,11,18,112,4212,3,2,92.64
2605,2025-08-26,LinkedIn,Lead Gen - Webinar,LI-250826-02605,This is more than a campaign — it's a movement. Lead Gen - Webinar,Awareness,Image,25-34,UAE,9432,6280,76,198,45,25,83,351,0,6,5,107.48
2606,2025-08-26,TikTok,Lead Gen - Webinar,TT-250826-02606,Link in bio to learn more about Lead Gen - Webinar.,Traffic,Story,25-34,Brazil,24983,19594,443,2193,322,263,437,3215,8365,89,49,183.34
2607,2025-08-26,TikTok,New Feature Announcement,TT-250826-02607,Don't miss out — New Feature Announcement ends soon.,Conversions,Story,55+,India,29904,23918,520,726,114,75,310,1225,11659,24,22,217.09
2608,2025-08-26,TikTok,Product Demo Series,TT-250826-02608,Join thousands who've already signed up for Product Demo Series.,Lead Generation,Image,25-34,USA,40022,32460,441,2694,428,342,650,4114,0,93,50,235.96
2609,2025-08-26,X (Twitter),Holiday Promo,XT-250826-02609,Download now and experience Holiday Promo.,App Installs,Image,25-34,UAE,7196,5406,52,93,13,14,18,138,0,1,1,43.94
2610,2025-08-26,X (Twitter),Influencer Collab,XT-250826-02610,Limited time only. Shop Influencer Collab now.,Conversions,Text,18-24,Germany,8108,6438,75,130,23,23,28,204,0,5,6,39.49
2611,2025-08-26,YouTube,App Install Push,YT-250826-02611,Ready to dive in? Click through for App Install Push.,Traffic,Reel,45-54,UK,23409,19308,87,747,140,60,158,1105,5823,17,9,188.14
2612,2025-08-26,YouTube,New Feature Announcement,YT-250826-02612,Ready to dive in? Click through for New Feature Announcement.,Traffic,Story,18-24,Brazil,16769,11784,95,216,54,28,93,391,7143,10,10,187.46
2613,2025-08-27,Facebook,Product Demo Series,FB-250827-02613,Reserve your spot for Product Demo Series — seats are limited.,Lead Generation,Video,35-44,UK,23514,20364,165,374,82,56,101,613,5607,17,13,186.88
2614,2025-08-27,Instagram,App Install Push,IG-250827-02614,Install today and unlock App Install Push.,App Installs,Video,18-24,UK,26537,14851,372,783,126,128,232,1269,6413,49,12,226.3
2615,2025-08-27,Instagram,Summer Sale Launch,IG-250827-02615,We want to hear your story. Share below. Summer Sale Launch,Engagement,Image,25-34,USA,21080,17552,120,773,133,107,276,1289,0,22,7,241.64
2616,2025-08-27,LinkedIn,Holiday Promo,LI-250827-02616,Big things are coming. Stay tuned for Holiday Promo.,Awareness,Carousel,45-54,India,6469,5102,55,110,21,11,21,163,0,1,3,105.03
2617,2025-08-27,TikTok,Product Demo Series,TT-250827-02617,"You asked, we delivered. Introducing Product Demo Series.",Awareness,Carousel,45-54,USA,24343,17643,471,961,224,98,342,1625,0,70,54,165.3
2618,2025-08-27,TikTok,Retargeting Campaign,TT-250827-02618,Full details on our site — Retargeting Campaign.,Traffic,Video,25-34,Germany,26919,22244,296,1879,257,193,857,3186,6555,46,15,224.5
2619,2025-08-27,X (Twitter),App Install Push,XT-250827-02619,Download now and experience App Install Push.,App Installs,Story,35-44,Germany,4691,2753,26,30,5,3,11,49,2655,1,0,39.84
2620,2025-08-27,X (Twitter),Product Demo Series,XT-250827-02620,Discover what makes Product Demo Series different. #NewLaunch,Awareness,Image,45-54,Germany,8392,7529,50,111,22,16,39,188,0,4,5,63.01
2621,2025-08-27,X (Twitter),Summer Sale Launch,XT-250827-02621,Link in bio to learn more about Summer Sale Launch.,Traffic,Text,45-54,India,7768,4440,66,72,15,6,11,104,0,2,6,61.74
2622,2025-08-28,Instagram,Brand Awareness Q3,IG-250828-02622,Link in bio to learn more about Brand Awareness Q3.,Traffic,Image,45-54,Germany,39011,23729,301,856,117,129,151,1253,0,27,20,302.2
2623,2025-08-28,LinkedIn,Holiday Promo,LI-250828-02623,Big things are coming. Stay tuned for Holiday Promo.,Awareness,Reel,55+,UK,6020,3964,22,97,19,9,42,167,1353,4,1,87.37
2624,2025-08-28,LinkedIn,Influencer Collab,LI-250828-02624,Tag a friend who needs to see this. Influencer Collab,Engagement,Carousel,35-44,USA,4338,3579,18,102,24,13,42,181,0,4,0,82.13
2625,2025-08-28,LinkedIn,Summer Sale Launch,LI-250828-02625,Tell us what you think in the comments! Summer Sale Launch,Engagement,Text,45-54,UAE,7001,5441,48,80,15,7,31,133,0,1,4,139.11
2626,2025-08-28,TikTok,App Install Push,TT-250828-02626,Sign up now for exclusive access to App Install Push.,Lead Generation,Image,18-24,UK,24410,18524,275,1774,319,180,422,2695,0,42,16,128.53
2627,2025-08-28,TikTok,Retargeting Campaign,TT-250828-02627,We want to hear your story. Share below. Retargeting Campaign,Engagement,Carousel,25-34,UK,47860,27402,1063,3307,417,353,703,4780,0,216,110,227.93
2628,2025-08-28,X (Twitter),New Feature Announcement,XT-250828-02628,Double tap if you agree! New Feature Announcement,Engagement,Story,25-34,India,10902,6585,74,226,32,23,86,367,3643,10,5,65.82
2629,2025-08-28,X (Twitter),Summer Sale Launch,XT-250828-02629,Join thousands who've already signed up for Summer Sale Launch.,Lead Generation,Video,55+,India,13982,9543,185,184,32,19,48,283,8243,7,17,106.92
2630,2025-08-28,YouTube,Holiday Promo,YT-250828-02630,Install today and unlock Holiday Promo.,App Installs,Video,45-54,UAE,20085,13420,150,541,86,97,178,902,4233,34,9,252.53
2631,2025-08-28,YouTube,Lead Gen - Webinar,YT-250828-02631,Join thousands who've already signed up for Lead Gen - Webinar.,Lead Generation,Text,18-24,India,19390,12607,89,443,95,43,185,766,0,11,6,208.91
2632,2025-08-28,YouTube,New Feature Announcement,YT-250828-02632,Discover what makes New Feature Announcement different. #NewLaunch,Awareness,Text,55+,Brazil,9538,7264,65,206,35,23,95,359,0,8,4,97.71
2633,2025-08-29,Facebook,Brand Awareness Q3,FB-250829-02633,Tag a friend who needs to see this. Brand Awareness Q3,Engagement,Reel,45-54,India,20037,17971,196,503,88,47,87,725,6727,13,7,177.71
2634,2025-08-29,Facebook,Influencer Collab,FB-250829-02634,Big things are coming. Stay tuned for Influencer Collab.,Awareness,Reel,45-54,USA,25724,17421,249,617,126,69,143,955,12516,15,14,214.24
2635,2025-08-29,Facebook,Summer Sale Launch,FB-250829-02635,Sign up now for exclusive access to Summer Sale Launch.,Lead Generation,Story,55+,Germany,18036,13971,186,353,41,37,84,515,7450,9,15,184.03
2636,2025-08-29,LinkedIn,App Install Push,LI-250829-02636,Big things are coming. Stay tuned for App Install Push.,Awareness,Text,45-54,Brazil,6865,5386,57,170,38,32,41,281,0,7,5,103.93
2637,2025-08-29,LinkedIn,Lead Gen - Webinar,LI-250829-02637,Discover what makes Lead Gen - Webinar different. #NewLaunch,Awareness,Image,18-24,UAE,4095,3447,17,111,16,13,30,170,0,3,0,53.91
2638,2025-08-29,LinkedIn,Product Demo Series,LI-250829-02638,Tag a friend who needs to see this. Product Demo Series,Engagement,Video,45-54,Brazil,2269,1316,8,51,9,10,19,89,915,3,0,42.07
2639,2025-08-29,TikTok,Brand Awareness Q3,TT-250829-02639,Swipe up to explore Brand Awareness Q3 today.,Traffic,Text,45-54,UAE,30525,19406,215,2259,327,213,1002,3801,0,60,25,199.49
2640,2025-08-29,TikTok,Lead Gen - Webinar,TT-250829-02640,Big things are coming. Stay tuned for Lead Gen - Webinar.,Awareness,Video,45-54,India,25273,16096,251,966,170,131,127,1394,5114,47,10,207.45
2641,2025-08-29,X (Twitter),Lead Gen - Webinar,XT-250829-02641,Join thousands who've already signed up for Lead Gen - Webinar.,Lead Generation,Image,35-44,India,10186,6168,116,92,21,8,28,149,0,3,9,49.96
2642,2025-08-29,X (Twitter),New Feature Announcement,XT-250829-02642,Limited time only. Shop New Feature Announcement now.,Conversions,Text,55+,Brazil,9948,6365,96,197,45,17,52,311,0,10,5,69.14
2643,2025-08-29,X (Twitter),Summer Sale Launch,XT-250829-02643,Your next favorite thing is one click away. Summer Sale Launch,Conversions,Story,35-44,Germany,4694,2790,53,67,10,8,18,103,1733,4,4,22.82
2644,2025-08-29,YouTube,Holiday Promo,YT-250829-02644,Full details on our site — Holiday Promo.,Traffic,Text,55+,USA,14266,10659,70,226,37,42,64,369,0,15,3,98.85
2645,2025-08-29,YouTube,Retargeting Campaign,YT-250829-02645,Swipe up to explore Retargeting Campaign today.,Traffic,Video,55+,Brazil,17663,12854,108,187,30,21,66,304,6027,6,5,143.58
2646,2025-08-30,Facebook,Influencer Collab,FB-250830-02646,Link in bio to learn more about Influencer Collab.,Traffic,Video,55+,Germany,8260,6562,121,174,34,28,67,303,1866,14,3,69.76
2647,2025-08-30,Facebook,Summer Sale Launch,FB-250830-02647,Tag a friend who needs to see this. Summer Sale Launch,Engagement,Story,35-44,Brazil,25387,21253,327,467,80,94,200,841,9812,30,25,242.3
2648,2025-08-30,Instagram,Holiday Promo,IG-250830-02648,Link in bio to learn more about Holiday Promo.,Traffic,Text,35-44,Germany,18392,15057,157,450,86,59,131,726,0,26,7,202.58
2649,2025-08-30,LinkedIn,Holiday Promo,LI-250830-02649,Get exclusive access to Holiday Promo today.,Conversions,Text,25-34,USA,4333,2553,28,87,18,9,36,150,0,5,2,48.5
2650,2025-08-30,LinkedIn,Product Demo Series,LI-250830-02650,Sign up now for exclusive access to Product Demo Series.,Lead Generation,Carousel,35-44,UK,6234,3862,25,105,23,12,36,176,0,2,2,125.2
2651,2025-08-30,TikTok,App Install Push,TT-250830-02651,We want to hear your story. Share below. App Install Push,Engagement,Carousel,55+,UAE,26872,17357,286,1401,274,228,458,2361,0,43,26,200.59
2652,2025-08-30,TikTok,Influencer Collab,TT-250830-02652,Tell us what you think in the comments! Influencer Collab,Engagement,Text,45-54,UAE,26811,20530,236,1363,255,173,275,2066,0,43,23,132.48
2653,2025-08-30,TikTok,New Feature Announcement,TT-250830-02653,Get the free guide: New Feature Announcement.,Lead Generation,Story,25-34,Brazil,19405,14128,303,1293,235,156,387,2071,6346,25,34,103.63
2654,2025-08-30,X (Twitter),Lead Gen - Webinar,XT-250830-02654,Don't miss out — Lead Gen - Webinar ends soon.,Conversions,Video,55+,UAE,9712,7335,131,191,33,17,44,285,3366,9,10,53.08
2655,2025-08-30,YouTube,New Feature Announcement,YT-250830-02655,Limited time only. Shop New Feature Announcement now.,Conversions,Image,18-24,USA,12832,7967,52,156,26,18,34,234,0,3,2,166.45
2656,2025-08-30,YouTube,Summer Sale Launch,YT-250830-02656,Limited time only. Shop Summer Sale Launch now.,Conversions,Image,55+,India,13894,10065,96,124,29,14,57,224,0,11,7,152.66
2657,2025-08-31,Facebook,Influencer Collab,FB-250831-02657,Get the app. Get Influencer Collab.,App Installs,Video,45-54,UAE,19014,14119,244,610,119,58,101,888,8534,40,7,182.27
2658,2025-08-31,Facebook,New Feature Announcement,FB-250831-02658,Sign up now for exclusive access to New Feature Announcement.,Lead Generation,Text,55+,USA,16752,12756,179,318,50,61,133,562,0,24,10,153.89
2659,2025-08-31,Facebook,Retargeting Campaign,FB-250831-02659,"You asked, we delivered. Introducing Retargeting Campaign.",Awareness,Image,45-54,USA,20664,11595,249,627,151,70,213,1061,0,46,8,116.78
2660,2025-08-31,Instagram,Lead Gen - Webinar,IG-250831-02660,We want to hear your story. Share below. Lead Gen - Webinar,Engagement,Carousel,25-34,USA,18132,15462,226,732,111,95,345,1283,0,25,26,193.05
2661,2025-08-31,LinkedIn,Lead Gen - Webinar,LI-250831-02661,Get the free guide: Lead Gen - Webinar.,Lead Generation,Story,18-24,UAE,6602,3817,54,171,26,25,32,254,2722,10,5,95.66
2662,2025-08-31,LinkedIn,Summer Sale Launch,LI-250831-02662,Your next favorite thing is one click away. Summer Sale Launch,Conversions,Text,35-44,Brazil,10509,6910,104,211,48,29,64,352,0,13,2,125.29
2663,2025-08-31,X (Twitter),App Install Push,XT-250831-02663,Get the app. Get App Install Push.,App Installs,Carousel,25-34,UK,6624,3877,95,120,19,15,39,193,0,6,3,62.07
2664,2025-08-31,X (Twitter),Summer Sale Launch,XT-250831-02664,Available now on iOS and Android — Summer Sale Launch.,App Installs,Video,35-44,UK,6556,5867,68,81,21,9,35,146,2401,5,4,48.01
2665,2025-08-31,YouTube,Summer Sale Launch,YT-250831-02665,Get the app. Get Summer Sale Launch.,App Installs,Reel,25-34,USA,22878,15924,188,485,106,62,127,780,10398,29,5,274.16
2666,2025-09-01,Facebook,Holiday Promo,FB-250901-02666,Available now on iOS and Android — Holiday Promo.,App Installs,Story,45-54,Germany,17761,12768,195,526,129,95,154,904,5538,21,7,124.31
2667,2025-09-01,Facebook,Lead Gen - Webinar,FB-250901-02667,Link in bio to learn more about Lead Gen - Webinar.,Traffic,Image,25-34,UAE,19674,16010,309,535,90,56,175,856,0,28,33,160.86
2668,2025-09-01,Instagram,Influencer Collab,IG-250901-02668,Limited time only. Shop Influencer Collab now.,Conversions,Image,45-54,USA,29554,18241,297,957,188,172,213,1530,0,53,8,202.26
2669,2025-09-01,Instagram,New Feature Announcement,IG-250901-02669,Available now on iOS and Android — New Feature Announcement.,App Installs,Story,25-34,UK,9396,6999,46,465,82,47,231,825,4191,15,4,67.78
2670,2025-09-01,Instagram,Retargeting Campaign,IG-250901-02670,This is more than a campaign — it's a movement. Retargeting Campaign,Awareness,Story,55+,USA,27683,15930,290,1788,355,176,256,2575,6153,46,29,162.46
2671,2025-09-01,Instagram,Summer Sale Launch,IG-250901-02671,Get the free guide: Summer Sale Launch.,Lead Generation,Text,55+,USA,24530,21386,197,1164,228,171,236,1799,0,88,6,172.01
2672,2025-09-01,TikTok,Retargeting Campaign,TT-250901-02672,Link in bio to learn more about Retargeting Campaign.,Traffic,Video,45-54,USA,22850,18302,287,1120,227,86,255,1688,7783,36,11,109.77
2673,2025-09-01,X (Twitter),App Install Push,XT-250901-02673,Big things are coming. Stay tuned for App Install Push.,Awareness,Carousel,35-44,India,8864,6193,79,168,36,19,31,254,0,12,8,66.0
2674,2025-09-01,X (Twitter),Retargeting Campaign,XT-250901-02674,Limited time only. Shop Retargeting Campaign now.,Conversions,Text,18-24,UK,10587,7283,71,85,13,16,21,135,0,4,2,70.85
2675,2025-09-01,YouTube,App Install Push,YT-250901-02675,We want to hear your story. Share below. App Install Push,Engagement,Image,18-24,India,16944,15084,55,176,34,21,80,311,0,9,3,203.6
2676,2025-09-01,YouTube,Brand Awareness Q3,YT-250901-02676,This is more than a campaign — it's a movement. Brand Awareness Q3,Awareness,Video,35-44,Germany,3412,2526,14,101,20,16,16,153,1167,5,1,27.67
2677,2025-09-01,YouTube,New Feature Announcement,YT-250901-02677,Big things are coming. Stay tuned for New Feature Announcement.,Awareness,Text,55+,USA,20433,15973,82,449,74,41,109,673,0,10,3,178.44
2678,2025-09-02,Facebook,Brand Awareness Q3,FB-250902-02678,Tell us what you think in the comments! Brand Awareness Q3,Engagement,Video,45-54,India,18598,12013,116,496,98,70,140,804,9458,24,11,175.64
2679,2025-09-02,Facebook,Influencer Collab,FB-250902-02679,Join thousands who've already signed up for Influencer Collab.,Lead Generation,Story,25-34,Germany,20766,11521,343,411,56,48,88,603,7608,22,28,190.72
2680,2025-09-02,Facebook,Summer Sale Launch,FB-250902-02680,"You asked, we delivered. Introducing Summer Sale Launch.",Awareness,Carousel,25-34,UK,12299,10063,122,187,37,15,61,300,0,9,12,83.4
2681,2025-09-02,Instagram,Brand Awareness Q3,IG-250902-02681,Big things are coming. Stay tuned for Brand Awareness Q3.,Awareness,Text,25-34,Germany,13033,10942,145,524,81,50,108,763,0,17,11,124.29
2682,2025-09-02,Instagram,Holiday Promo,IG-250902-02682,Tag a friend who needs to see this. Holiday Promo,Engagement,Video,35-44,India,26028,19316,188,1060,234,91,441,1826,8361,55,11,231.39
2683,2025-09-02,Instagram,Influencer Collab,IG-250902-02683,Ready to dive in? Click through for Influencer Collab.,Traffic,Story,45-54,India,13078,7785,152,549,112,71,145,877,6368,39,9,114.39
2684,2025-09-02,LinkedIn,Influencer Collab,LI-250902-02684,Tell us what you think in the comments! Influencer Collab,Engagement,Carousel,18-24,UK,1473,1281,7,25,5,3,10,43,0,0,0,28.77
2685,2025-09-02,LinkedIn,Retargeting Campaign,LI-250902-02685,Link in bio to learn more about Retargeting Campaign.,Traffic,Story,25-34,USA,7131,4779,46,99,18,12,22,151,2234,2,2,101.18
2686,2025-09-02,X (Twitter),Product Demo Series,XT-250902-02686,"You asked, we delivered. Introducing Product Demo Series.",Awareness,Reel,55+,UK,7089,6303,91,52,13,10,20,95,3232,2,4,58.93
2687,2025-09-02,YouTube,Influencer Collab,YT-250902-02687,Limited time only. Shop Influencer Collab now.,Conversions,Story,55+,UAE,17969,10224,72,346,43,54,97,540,6637,16,4,186.26
2688,2025-09-02,YouTube,New Feature Announcement,YT-250902-02688,Discover what makes New Feature Announcement different. #NewLaunch,Awareness,Reel,55+,Germany,16596,13966,128,325,44,40,126,535,6383,11,7,203.99
2689,2025-09-02,YouTube,Product Demo Series,YT-250902-02689,Link in bio to learn more about Product Demo Series.,Traffic,Text,55+,UAE,10307,7644,83,208,41,35,17,301,0,10,6,128.6
2690,2025-09-03,Facebook,Retargeting Campaign,FB-250903-02690,Get the app. Get Retargeting Campaign.,App Installs,Reel,35-44,India,22107,18479,129,257,55,42,105,459,5023,8,8,221.23
2691,2025-09-03,Instagram,Holiday Promo,IG-250903-02691,Tell us what you think in the comments! Holiday Promo,Engagement,Carousel,18-24,USA,30122,18762,177,1398,226,237,476,2337,0,104,8,300.17
2692,2025-09-03,LinkedIn,Summer Sale Launch,LI-250903-02692,This is more than a campaign — it's a movement. Summer Sale Launch,Awareness,Video,35-44,Germany,8599,6206,73,111,29,21,40,201,3904,3,4,93.69
2693,2025-09-03,TikTok,App Install Push,TT-250903-02693,Ready to dive in? Click through for App Install Push.,Traffic,Video,45-54,Brazil,15373,10662,233,1144,194,208,220,1766,5173,33,9,71.53
2694,2025-09-03,TikTok,Product Demo Series,TT-250903-02694,We want to hear your story. Share below. Product Demo Series,Engagement,Image,55+,Germany,46910,33418,874,2515,641,321,1031,4508,0,174,25,224.19
2695,2025-09-03,TikTok,Retargeting Campaign,TT-250903-02695,Don't miss out — Retargeting Campaign ends soon.,Conversions,Video,35-44,UK,40771,25998,795,1470,200,118,346,2134,16747,79,30,229.38
2696,2025-09-03,X (Twitter),Holiday Promo,XT-250903-02696,Reserve your spot for Holiday Promo — seats are limited.,Lead Generation,Story,35-44,Brazil,11563,9208,146,222,44,34,69,369,6735,5,7,108.95
2697,2025-09-03,X (Twitter),Product Demo Series,XT-250903-02697,Discover what makes Product Demo Series different. #NewLaunch,Awareness,Image,25-34,Germany,13080,7230,177,270,42,19,55,386,0,18,13,76.88
2698,2025-09-03,X (Twitter),Summer Sale Launch,XT-250903-02698,Full details on our site — Summer Sale Launch.,Traffic,Text,18-24,UAE,16701,13208,147,222,32,27,57,338,0,11,10,131.45
2699,2025-09-03,YouTube,Influencer Collab,YT-250903-02699,Swipe up to explore Influencer Collab today.,Traffic,Text,18-24,India,13999,8492,52,233,43,29,50,355,0,7,3,146.3
2700,2025-09-04,Facebook,App Install Push,FB-250904-02700,Your next favorite thing is one click away. App Install Push,Conversions,Story,18-24,Germany,22660,19214,216,314,75,32,110,531,12210,25,14,158.13
2701,2025-09-04,Facebook,Retargeting Campaign,FB-250904-02701,Swipe up to explore Retargeting Campaign today.,Traffic,Text,18-24,USA,16636,12041,150,528,105,109,197,939,0,31,13,166.03
2702,2025-09-04,Instagram,App Install Push,IG-250904-02702,Full details on our site — App Install Push.,Traffic,Image,55+,USA,20887,18349,150,509,75,98,193,875,0,38,17,237.37
2703,2025-09-04,Instagram,Lead Gen - Webinar,IG-250904-02703,Your next favorite thing is one click away. Lead Gen - Webinar,Conversions,Text,45-54,Germany,20502,12352,181,506,94,61,170,831,0,36,13,227.95
2704,2025-09-04,Instagram,New Feature Announcement,IG-250904-02704,Ready to dive in? Click through for New Feature Announcement.,Traffic,Carousel,35-44,Germany,11242,7752,65,233,34,19,79,365,0,5,4,122.42
2705,2025-09-04,LinkedIn,New Feature Announcement,LI-250904-02705,Link in bio to learn more about New Feature Announcement.,Traffic,Video,25-34,USA,8884,7251,76,133,29,18,63,243,4390,11,4,100.79
2706,2025-09-04,LinkedIn,Retargeting Campaign,LI-250904-02706,Your next favorite thing is one click away. Retargeting Campaign,Conversions,Carousel,25-34,India,7177,6074,61,155,28,25,59,267,0,11,5,136.57
2707,2025-09-04,TikTok,Product Demo Series,TT-250904-02707,Download now and experience Product Demo Series.,App Installs,Image,55+,UAE,32247,24794,245,1092,235,204,308,1839,0,59,9,243.58
2708,2025-09-04,TikTok,Retargeting Campaign,TT-250904-02708,Limited time only. Shop Retargeting Campaign now.,Conversions,Image,18-24,India,7112,4971,151,225,57,33,79,394,0,16,10,35.42
2709,2025-09-04,TikTok,Summer Sale Launch,TT-250904-02709,Tag a friend who needs to see this. Summer Sale Launch,Engagement,Reel,35-44,Brazil,32304,24206,657,1841,382,229,421,2873,14523,50,36,145.66
2710,2025-09-04,X (Twitter),Product Demo Series,XT-250904-02710,Don't miss out — Product Demo Series ends soon.,Conversions,Video,55+,USA,9621,5791,79,68,10,6,19,103,2000,1,8,77.81
2711,2025-09-04,YouTube,Brand Awareness Q3,YT-250904-02711,Discover what makes Brand Awareness Q3 different. #NewLaunch,Awareness,Reel,55+,USA,24476,21856,98,743,147,131,162,1183,10056,12,6,229.44
2712,2025-09-04,YouTube,Product Demo Series,YT-250904-02712,Get exclusive access to Product Demo Series today.,Conversions,Image,55+,Germany,25725,19922,101,593,109,103,167,972,0,43,3,227.95
2713,2025-09-04,YouTube,Retargeting Campaign,YT-250904-02713,Limited time only. Shop Retargeting Campaign now.,Conversions,Image,45-54,UAE,10549,6134,86,182,29,23,47,281,0,5,8,109.08
2714,2025-09-05,Facebook,Holiday Promo,FB-250905-02714,This is more than a campaign — it's a movement. Holiday Promo,Awareness,Video,18-24,Germany,24449,13449,152,604,124,104,40,872,7881,32,3,181.86
2715,2025-09-05,Facebook,Influencer Collab,FB-250905-02715,Ready to dive in? Click through for Influencer Collab.,Traffic,Text,25-34,UK,17779,13615,155,346,41,31,92,510,0,12,15,150.29
2716,2025-09-05,LinkedIn,App Install Push,LI-250905-02716,Big things are coming. Stay tuned for App Install Push.,Awareness,Carousel,18-24,Germany,5053,4019,51,45,6,4,23,78,0,1,5,52.81
2717,2025-09-05,LinkedIn,Product Demo Series,LI-250905-02717,Big things are coming. Stay tuned for Product Demo Series.,Awareness,Carousel,18-24,USA,6275,4271,65,47,12,9,17,85,0,1,5,65.46
2718,2025-09-05,TikTok,Brand Awareness Q3,TT-250905-02718,Tell us what you think in the comments! Brand Awareness Q3,Engagement,Image,25-34,UAE,24936,20619,184,1313,302,185,258,2058,0,53,13,121.36
2719,2025-09-05,TikTok,Influencer Collab,TT-250905-02719,Install today and unlock Influencer Collab.,App Installs,Text,45-54,UK,18199,10870,211,513,78,46,189,826,0,26,11,107.87
2720,2025-09-05,TikTok,Lead Gen - Webinar,TT-250905-02720,Sign up now for exclusive access to Lead Gen - Webinar.,Lead Generation,Story,18-24,UK,37744,21611,625,3115,365,428,550,4458,16824,66,13,224.24
2721,2025-09-05,X (Twitter),Holiday Promo,XT-250905-02721,Big things are coming. Stay tuned for Holiday Promo.,Awareness,Image,25-34,USA,7905,4934,65,138,28,13,34,213,0,6,2,50.88
2722,2025-09-05,X (Twitter),Lead Gen - Webinar,XT-250905-02722,Swipe up to explore Lead Gen - Webinar today.,Traffic,Text,55+,India,13679,9893,132,88,12,14,26,140,0,5,11,81.89
2723,2025-09-05,X (Twitter),New Feature Announcement,XT-250905-02723,Ready to dive in? Click through for New Feature Announcement.,Traffic,Reel,18-24,UAE,9976,7160,71,125,28,20,46,219,4454,4,7,51.21
2724,2025-09-05,YouTube,New Feature Announcement,YT-250905-02724,Ready to dive in? Click through for New Feature Announcement.,Traffic,Video,55+,India,25396,17332,119,443,74,63,131,711,13752,13,9,209.19
2725,2025-09-06,Facebook,Influencer Collab,FB-250906-02725,Tag a friend who needs to see this. Influencer Collab,Engagement,Text,25-34,UAE,10351,7099,92,294,45,36,112,487,0,11,8,100.74
2726,2025-09-06,Instagram,New Feature Announcement,IG-250906-02726,Get exclusive access to New Feature Announcement today.,Conversions,Story,55+,Brazil,25100,18831,184,1123,210,196,511,2040,10452,64,7,274.88
2727,2025-09-06,Instagram,Retargeting Campaign,IG-250906-02727,Your next favorite thing is one click away. Retargeting Campaign,Conversions,Video,45-54,USA,28114,21079,143,1446,216,135,757,2554,13996,117,4,230.33
2728,2025-09-06,LinkedIn,App Install Push,LI-250906-02728,This is more than a campaign — it's a movement. App Install Push,Awareness,Video,25-34,Germany,4744,4234,36,78,19,9,26,132,1611,1,0,69.96
2729,2025-09-06,LinkedIn,Brand Awareness Q3,LI-250906-02729,Tag a friend who needs to see this. Brand Awareness Q3,Engagement,Image,35-44,Germany,10616,7936,67,186,35,29,87,337,0,12,4,109.97
2730,2025-09-06,LinkedIn,Holiday Promo,LI-250906-02730,Reserve your spot for Holiday Promo — seats are limited.,Lead Generation,Carousel,35-44,UAE,3114,2739,24,51,11,7,16,85,0,1,1,61.09
2731,2025-09-06,LinkedIn,Retargeting Campaign,LI-250906-02731,"You asked, we delivered. Introducing Retargeting Campaign.",Awareness,Image,45-54,USA,8892,7712,36,70,10,6,38,124,0,4,2,149.94
2732,2025-09-06,TikTok,Product Demo Series,TT-250906-02732,Tell us what you think in the comments! Product Demo Series,Engagement,Story,25-34,USA,46895,40140,364,2185,308,228,1065,3786,26918,68,15,389.28
2733,2025-09-06,X (Twitter),Retargeting Campaign,XT-250906-02733,Install today and unlock Retargeting Campaign.,App Installs,Image,35-44,Brazil,9366,7640,58,202,33,21,60,316,0,9,6,70.12
2734,2025-09-06,X (Twitter),Summer Sale Launch,XT-250906-02734,Link in bio to learn more about Summer Sale Launch.,Traffic,Video,55+,Brazil,11324,6396,104,112,24,11,45,192,5484,9,8,100.3
2735,2025-09-06,YouTube,Brand Awareness Q3,YT-250906-02735,Swipe up to explore Brand Awareness Q3 today.,Traffic,Story,25-34,UAE,16047,9461,109,257,46,33,88,424,5322,19,10,177.58
2736,2025-09-06,YouTube,Influencer Collab,YT-250906-02736,Your next favorite thing is one click away. Influencer Collab,Conversions,Text,25-34,Brazil,20223,11823,121,344,66,52,152,614,0,29,8,143.24
2737,2025-09-06,YouTube,Lead Gen - Webinar,YT-250906-02737,Tell us what you think in the comments! Lead Gen - Webinar,Engagement,Image,25-34,India,20685,12876,147,513,71,40,118,742,0,15,13,227.45
2738,2025-09-07,Facebook,Brand Awareness Q3,FB-250907-02738,Get the free guide: Brand Awareness Q3.,Lead Generation,Carousel,55+,Brazil,12626,10900,124,224,35,32,82,373,0,7,12,76.06
2739,2025-09-07,Facebook,Influencer Collab,FB-250907-02739,Download now and experience Influencer Collab.,App Installs,Story,45-54,UK,19871,14958,267,700,100,87,175,1062,11431,45,20,206.59
2740,2025-09-07,Facebook,Retargeting Campaign,FB-250907-02740,Full details on our site — Retargeting Campaign.,Traffic,Carousel,18-24,Brazil,22615,17773,165,280,33,31,75,419,0,18,16,177.45
2741,2025-09-07,Instagram,Retargeting Campaign,IG-250907-02741,Ready to dive in? Click through for Retargeting Campaign.,Traffic,Video,45-54,UK,30318,23742,241,932,159,152,199,1442,14585,42,12,306.36
2742,2025-09-07,Instagram,Summer Sale Launch,IG-250907-02742,Discover what makes Summer Sale Launch different. #NewLaunch,Awareness,Carousel,45-54,UK,14811,11879,102,389,78,33,117,617,0,27,10,90.12
2743,2025-09-07,LinkedIn,Product Demo Series,LI-250907-02743,Tag a friend who needs to see this. Product Demo Series,Engagement,Story,55+,India,7744,5897,52,193,35,21,44,293,2437,6,3,94.16
2744,2025-09-07,X (Twitter),Lead Gen - Webinar,XT-250907-02744,Don't miss out — Lead Gen - Webinar ends soon.,Conversions,Text,55+,India,10080,6823,126,79,11,6,32,128,0,4,4,64.21
2745,2025-09-07,X (Twitter),Summer Sale Launch,XT-250907-02745,Get exclusive access to Summer Sale Launch today.,Conversions,Video,35-44,USA,10752,9445,58,68,13,7,23,111,4738,1,5,64.46
2746,2025-09-07,YouTube,Product Demo Series,YT-250907-02746,Full details on our site — Product Demo Series.,Traffic,Carousel,18-24,USA,15317,11807,126,161,34,21,21,237,0,5,8,178.64
2747,2025-09-07,YouTube,Retargeting Campaign,YT-250907-02747,Sign up now for exclusive access to Retargeting Campaign.,Lead Generation,Carousel,18-24,India,8270,6881,32,176,30,20,41,267,0,13,3,81.11
2748,2025-09-08,Facebook,Holiday Promo,FB-250908-02748,Get the app. Get Holiday Promo.,App Installs,Carousel,45-54,UK,22497,13391,163,634,109,71,296,1110,0,49,4,160.12
2749,2025-09-08,Facebook,Influencer Collab,FB-250908-02749,Available now on iOS and Android — Influencer Collab.,App Installs,Image,18-24,UK,26414,17122,423,942,195,135,184,1456,0,31,49,211.51
2750,2025-09-08,Facebook,Retargeting Campaign,FB-250908-02750,Tell us what you think in the comments! Retargeting Campaign,Engagement,Reel,45-54,India,13609,10446,152,427,74,33,82,616,4830,20,18,106.66
2751,2025-09-08,Instagram,Lead Gen - Webinar,IG-250908-02751,Sign up now for exclusive access to Lead Gen - Webinar.,Lead Generation,Text,55+,India,19293,11652,141,758,188,103,264,1313,0,29,6,204.87
2752,2025-09-08,Instagram,Retargeting Campaign,IG-250908-02752,Swipe up to explore Retargeting Campaign today.,Traffic,Text,55+,Germany,30194,22406,243,1164,264,105,374,1907,0,48,18,272.49
2753,2025-09-08,LinkedIn,Retargeting Campaign,LI-250908-02753,This is more than a campaign — it's a movement. Retargeting Campaign,Awareness,Reel,35-44,UK,2363,1794,10,60,13,10,15,98,567,3,1,41.1
2754,2025-09-08,LinkedIn,Summer Sale Launch,LI-250908-02754,Big things are coming. Stay tuned for Summer Sale Launch.,Awareness,Reel,18-24,Germany,7786,6889,81,75,13,7,29,124,4646,4,4,86.78
2755,2025-09-08,X (Twitter),Influencer Collab,XT-250908-02755,Get exclusive access to Influencer Collab today.,Conversions,Image,25-34,UAE,7801,5124,72,145,35,19,59,258,0,6,8,68.68
2756,2025-09-08,X (Twitter),Lead Gen - Webinar,XT-250908-02756,Tell us what you think in the comments! Lead Gen - Webinar,Engagement,Video,35-44,UAE,8189,6258,98,143,26,21,39,229,2719,4,5,66.38
2757,2025-09-08,YouTube,App Install Push,YT-250908-02757,Link in bio to learn more about App Install Push.,Traffic,Text,18-24,UK,14923,11551,55,404,82,42,73,601,0,29,3,125.41
2758,2025-09-08,YouTube,Brand Awareness Q3,YT-250908-02758,Get the app. Get Brand Awareness Q3.,App Installs,Carousel,25-34,UK,18540,12720,133,313,64,30,156,563,0,14,12,232.24
2759,2025-09-09,Facebook,Brand Awareness Q3,FB-250909-02759,Full details on our site — Brand Awareness Q3.,Traffic,Reel,35-44,UAE,26877,18530,470,428,60,84,155,727,12765,32,41,205.45
2760,2025-09-09,Facebook,Summer Sale Launch,FB-250909-02760,Tell us what you think in the comments! Summer Sale Launch,Engagement,Story,18-24,USA,18549,12949,241,430,72,72,63,637,11112,10,20,147.03
2761,2025-09-09,Instagram,Summer Sale Launch,IG-250909-02761,Limited time only. Shop Summer Sale Launch now.,Conversions,Reel,18-24,India,35972,31292,390,1704,254,235,397,2590,20103,90,19,380.37
2762,2025-09-09,LinkedIn,Holiday Promo,LI-250909-02762,Join thousands who've already signed up for Holiday Promo.,Lead Generation,Reel,25-34,UK,6881,5142,26,178,35,13,40,266,4113,6,1,73.17
2763,2025-09-09,LinkedIn,Product Demo Series,LI-250909-02763,Get the app. Get Product Demo Series.,App Installs,Image,55+,Germany,7381,5423,32,93,17,13,25,148,0,6,3,80.69
2764,2025-09-09,LinkedIn,Summer Sale Launch,LI-250909-02764,"You asked, we delivered. Introducing Summer Sale Launch.",Awareness,Image,35-44,UAE,4148,3260,35,39,8,5,12,64,0,2,3,70.49
2765,2025-09-09,TikTok,Holiday Promo,TT-250909-02765,Double tap if you agree! Holiday Promo,Engagement,Carousel,18-24,UK,27693,22789,586,1214,177,133,277,1801,0,78,41,139.44
2766,2025-09-09,X (Twitter),Retargeting Campaign,XT-250909-02766,Big things are coming. Stay tuned for Retargeting Campaign.,Awareness,Reel,35-44,UK,6982,5890,80,154,19,13,41,227,1867,3,5,53.21
2767,2025-09-09,YouTube,New Feature Announcement,YT-250909-02767,Ready to dive in? Click through for New Feature Announcement.,Traffic,Story,45-54,UAE,13030,9976,112,375,56,66,120,617,2725,28,12,105.17
2768,2025-09-10,Facebook,Summer Sale Launch,FB-250910-02768,Get exclusive access to Summer Sale Launch today.,Conversions,Image,25-34,Brazil,18270,11418,248,585,102,44,155,886,0,39,12,120.99
2769,2025-09-10,Instagram,Influencer Collab,IG-250910-02769,Your next favorite thing is one click away. Influencer Collab,Conversions,Image,35-44,UAE,25521,19975,256,1257,176,109,356,1898,0,56,14,157.46
2770,2025-09-10,LinkedIn,Product Demo Series,LI-250910-02770,Your next favorite thing is one click away. Product Demo Series,Conversions,Video,25-34,Germany,6244,4136,51,154,26,26,29,235,2432,10,4,82.56
2771,2025-09-10,LinkedIn,Retargeting Campaign,LI-250910-02771,Join thousands who've already signed up for Retargeting Campaign.,Lead Generation,Video,35-44,UAE,4536,3281,17,40,7,5,16,68,1381,0,0,51.47
2772,2025-09-10,TikTok,App Install Push,TT-250910-02772,Available now on iOS and Android — App Install Push.,App Installs,Text,45-54,Germany,30333,25610,261,2297,433,258,991,3979,0,96,24,237.0
2773,2025-09-10,TikTok,Brand Awareness Q3,TT-250910-02773,Tag a friend who needs to see this. Brand Awareness Q3,Engagement,Text,18-24,UK,19760,13511,253,845,158,86,152,1241,0,29,5,103.09
2774,2025-09-10,TikTok,Holiday Promo,TT-250910-02774,Download now and experience Holiday Promo.,App Installs,Text,55+,India,22010,14434,447,1631,280,213,377,2501,0,58,12,117.14
2775,2025-09-10,TikTok,Lead Gen - Webinar,TT-250910-02775,Reserve your spot for Lead Gen - Webinar — seats are limited.,Lead Generation,Text,18-24,UK,34850,23202,652,1848,390,373,560,3171,0,38,46,164.57
2776,2025-09-10,X (Twitter),Product Demo Series,XT-250910-02776,Don't miss out — Product Demo Series ends soon.,Conversions,Carousel,35-44,UK,8330,6379,65,68,9,8,19,104,0,5,4,64.72
2777,2025-09-10,X (Twitter),Retargeting Campaign,XT-250910-02777,Link in bio to learn more about Retargeting Campaign.,Traffic,Carousel,45-54,Brazil,7354,5855,67,74,12,8,37,131,0,1,6,69.49
2778,2025-09-10,YouTube,Summer Sale Launch,YT-250910-02778,Don't miss out — Summer Sale Launch ends soon.,Conversions,Text,18-24,Germany,17950,13181,86,441,73,83,124,721,0,18,5,150.74
2779,2025-09-11,Facebook,Influencer Collab,FB-250911-02779,Discover what makes Influencer Collab different. #NewLaunch,Awareness,Story,18-24,UK,6863,4717,116,250,31,30,75,386,1887,10,12,68.86
2780,2025-09-11,LinkedIn,Product Demo Series,LI-250911-02780,Don't miss out — Product Demo Series ends soon.,Conversions,Carousel,18-24,India,8497,5718,82,191,23,33,46,293,0,3,6,104.84
2781,2025-09-11,LinkedIn,Retargeting Campaign,LI-250911-02781,This is more than a campaign — it's a movement. Retargeting Campaign,Awareness,Story,25-34,India,7463,5345,71,115,19,13,22,169,3802,3,2,135.37
2782,2025-09-11,LinkedIn,Summer Sale Launch,LI-250911-02782,Full details on our site — Summer Sale Launch.,Traffic,Reel,18-24,USA,6579,5569,64,148,23,14,76,261,1485,5,4,129.23
2783,2025-09-11,TikTok,Holiday Promo,TT-250911-02783,Get the free guide: Holiday Promo.,Lead Generation,Reel,25-34,Germany,13648,8598,154,508,94,74,106,782,3437,25,14,77.02
2784,2025-09-11,X (Twitter),Brand Awareness Q3,XT-250911-02784,Join thousands who've already signed up for Brand Awareness Q3.,Lead Generation,Carousel,35-44,USA,11106,7490,56,214,33,36,23,306,0,5,2,60.36
2785,2025-09-11,X (Twitter),Holiday Promo,XT-250911-02785,Limited time only. Shop Holiday Promo now.,Conversions,Carousel,18-24,Germany,9684,6423,132,200,27,20,56,303,0,14,8,88.47
2786,2025-09-11,X (Twitter),New Feature Announcement,XT-250911-02786,Available now on iOS and Android — New Feature Announcement.,App Installs,Video,55+,Germany,11225,9717,127,191,28,30,38,287,3817,5,4,75.76
2787,2025-09-12,Facebook,Holiday Promo,FB-250912-02787,"You asked, we delivered. Introducing Holiday Promo.",Awareness,Carousel,25-34,USA,20133,15502,132,439,84,77,146,746,0,15,4,122.43
2788,2025-09-12,Facebook,New Feature Announcement,FB-250912-02788,Install today and unlock New Feature Announcement.,App Installs,Story,45-54,India,28493,23904,297,786,145,148,241,1320,9965,56,27,291.68
2789,2025-09-12,Facebook,Summer Sale Launch,FB-250912-02789,Available now on iOS and Android — Summer Sale Launch.,App Installs,Video,45-54,Brazil,24361,16427,247,359,53,51,88,551,13219,21,14,156.44
2790,2025-09-12,Instagram,Influencer Collab,IG-250912-02790,Get exclusive access to Influencer Collab today.,Conversions,Carousel,25-34,UAE,13638,12046,162,239,38,37,78,392,0,7,18,114.24
2791,2025-09-12,LinkedIn,Lead Gen - Webinar,LI-250912-02791,Available now on iOS and Android — Lead Gen - Webinar.,App Installs,Carousel,55+,UK,5733,3445,21,47,6,6,18,77,0,2,1,77.25
2792,2025-09-12,LinkedIn,New Feature Announcement,LI-250912-02792,Limited time only. Shop New Feature Announcement now.,Conversions,Reel,25-34,Germany,4716,3549,45,77,17,7,37,138,1202,2,1,87.0
2793,2025-09-12,TikTok,App Install Push,TT-250912-02793,Discover what makes App Install Push different. #NewLaunch,Awareness,Carousel,35-44,Brazil,37674,21061,323,2314,571,313,700,3898,0,158,28,226.17
2794,2025-09-12,TikTok,Summer Sale Launch,TT-250912-02794,Swipe up to explore Summer Sale Launch today.,Traffic,Video,55+,India,14412,11827,171,527,70,96,125,818,4836,39,20,98.81
2795,2025-09-12,X (Twitter),Retargeting Campaign,XT-250912-02795,Double tap if you agree! Retargeting Campaign,Engagement,Image,35-44,UK,15241,8651,124,261,44,36,122,463,0,23,5,133.65
2796,2025-09-12,YouTube,New Feature Announcement,YT-250912-02796,Download now and experience New Feature Announcement.,App Installs,Video,35-44,UK,17537,13217,158,343,59,58,33,493,9235,5,14,119.78
2797,2025-09-13,Facebook,Lead Gen - Webinar,FB-250913-02797,Tag a friend who needs to see this. Lead Gen - Webinar,Engagement,Reel,45-54,UAE,19255,11384,139,428,71,46,90,635,6940,14,6,157.82
2798,2025-09-13,Facebook,Retargeting Campaign,FB-250913-02798,Big things are coming. Stay tuned for Retargeting Campaign.,Awareness,Story,55+,India,21647,18425,341,671,160,130,165,1126,7916,26,18,169.99
2799,2025-09-13,Instagram,Product Demo Series,IG-250913-02799,Reserve your spot for Product Demo Series — seats are limited.,Lead Generation,Carousel,25-34,Brazil,26059,16818,351,1563,260,251,197,2271,0,60,18,291.79
2800,2025-09-13,LinkedIn,Influencer Collab,LI-250913-02800,Sign up now for exclusive access to Influencer Collab.,Lead Generation,Carousel,25-34,Brazil,6511,5541,63,137,31,14,49,231,0,10,1,74.31
2801,2025-09-13,LinkedIn,Product Demo Series,LI-250913-02801,"You asked, we delivered. Introducing Product Demo Series.",Awareness,Story,18-24,UK,4808,3578,22,53,7,5,23,88,2402,1,1,65.83
2802,2025-09-13,LinkedIn,Summer Sale Launch,LI-250913-02802,Your next favorite thing is one click away. Summer Sale Launch,Conversions,Video,45-54,UAE,7158,5186,37,85,11,12,30,138,3073,6,1,141.88
2803,2025-09-13,TikTok,Brand Awareness Q3,TT-250913-02803,Full details on our site — Brand Awareness Q3.,Traffic,Reel,35-44,India,30585,25429,649,2126,398,202,727,3453,17157,62,51,224.4
2804,2025-09-13,TikTok,Retargeting Campaign,TT-250913-02804,Sign up now for exclusive access to Retargeting Campaign.,Lead Generation,Reel,35-44,USA,27455,22011,319,1730,359,180,816,3085,14704,54,14,149.13
2805,2025-09-13,X (Twitter),App Install Push,XT-250913-02805,Your next favorite thing is one click away. App Install Push,Conversions,Story,18-24,Brazil,12445,7350,69,204,28,27,90,349,2708,6,2,87.83
2806,2025-09-13,X (Twitter),Summer Sale Launch,XT-250913-02806,Ready to dive in? Click through for Summer Sale Launch.,Traffic,Story,45-54,India,11450,7362,141,253,47,19,49,368,3711,6,12,102.04
2807,2025-09-14,Facebook,Holiday Promo,FB-250914-02807,"You asked, we delivered. Introducing Holiday Promo.",Awareness,Text,55+,UAE,21306,15913,236,306,42,26,84,458,0,5,14,181.55
2808,2025-09-14,Facebook,Lead Gen - Webinar,FB-250914-02808,Sign up now for exclusive access to Lead Gen - Webinar.,Lead Generation,Text,18-24,UAE,9972,6725,147,261,40,40,91,432,0,18,12,98.82
2809,2025-09-14,Facebook,Retargeting Campaign,FB-250914-02809,Install today and unlock Retargeting Campaign.,App Installs,Carousel,18-24,India,12818,7258,182,346,59,45,65,515,0,10,15,70.78
2810,2025-09-14,Instagram,New Feature Announcement,IG-250914-02810,Install today and unlock New Feature Announcement.,App Installs,Story,25-34,UK,23375,14281,258,1135,207,172,401,1915,5597,26,6,203.83
2811,2025-09-14,LinkedIn,Holiday Promo,LI-250914-02811,"You asked, we delivered. Introducing Holiday Promo.",Awareness,Carousel,45-54,India,7887,6867,82,202,45,26,58,331,0,5,8,116.42
2812,2025-09-14,TikTok,Holiday Promo,TT-250914-02812,Sign up now for exclusive access to Holiday Promo.,Lead Generation,Text,25-34,USA,28735,24534,625,2559,535,263,394,3751,0,110,52,138.97
2813,2025-09-14,TikTok,Summer Sale Launch,TT-250914-02813,We want to hear your story. Share below. Summer Sale Launch,Engagement,Image,45-54,USA,18374,10786,384,1013,151,157,133,1454,0,16,10,96.96
2814,2025-09-14,X (Twitter),Lead Gen - Webinar,XT-250914-02814,Download now and experience Lead Gen - Webinar.,App Installs,Text,25-34,Germany,6230,5044,70,98,20,12,46,176,0,7,6,54.86
2815,2025-09-14,X (Twitter),Product Demo Series,XT-250914-02815,"You asked, we delivered. Introducing Product Demo Series.",Awareness,Image,25-34,Brazil,10127,5919,126,161,29,21,27,238,0,11,8,69.45
2816,2025-09-14,X (Twitter),Summer Sale Launch,XT-250914-02816,Sign up now for exclusive access to Summer Sale Launch.,Lead Generation,Story,45-54,USA,3975,2803,55,37,8,5,13,63,1428,1,3,34.58
2817,2025-09-14,YouTube,Holiday Promo,YT-250914-02817,Discover what makes Holiday Promo different. #NewLaunch,Awareness,Reel,18-24,UK,14135,11018,82,211,34,26,85,356,4185,9,5,175.93
2818,2025-09-14,YouTube,New Feature Announcement,YT-250914-02818,Tell us what you think in the comments! New Feature Announcement,Engagement,Reel,25-34,Brazil,24493,21154,198,718,167,109,175,1169,11343,51,4,304.59
2819,2025-09-14,YouTube,Product Demo Series,YT-250914-02819,Tag a friend who needs to see this. Product Demo Series,Engagement,Video,55+,Germany,11337,9362,61,221,33,21,41,316,2583,10,6,122.38
2820,2025-09-14,YouTube,Retargeting Campaign,YT-250914-02820,Reserve your spot for Retargeting Campaign — seats are limited.,Lead Generation,Text,45-54,UAE,9470,5326,61,136,25,26,42,229,0,8,6,107.73
2821,2025-09-15,Facebook,Brand Awareness Q3,FB-250915-02821,Don't miss out — Brand Awareness Q3 ends soon.,Conversions,Story,25-34,USA,21881,17930,336,708,162,100,185,1155,6247,48,30,168.94
2822,2025-09-15,Facebook,Influencer Collab,FB-250915-02822,We want to hear your story. Share below. Influencer Collab,Engagement,Story,45-54,Germany,19626,17537,144,355,60,39,134,588,6368,7,12,148.73
2823,2025-09-15,Instagram,Brand Awareness Q3,IG-250915-02823,Available now on iOS and Android — Brand Awareness Q3.,App Installs,Story,35-44,USA,16848,10548,93,772,138,134,103,1147,3775,16,8,173.64
2824,2025-09-15,Instagram,Product Demo Series,IG-250915-02824,Link in bio to learn more about Product Demo Series.,Traffic,Story,18-24,Brazil,16580,11611,95,336,83,69,98,586,4766,25,4,129.14
2825,2025-09-15,Instagram,Retargeting Campaign,IG-250915-02825,Big things are coming. Stay tuned for Retargeting Campaign.,Awareness,Carousel,25-34,India,14847,12138,204,262,57,48,93,460,0,20,18,152.65
2826,2025-09-15,Instagram,Summer Sale Launch,IG-250915-02826,Limited time only. Shop Summer Sale Launch now.,Conversions,Carousel,35-44,India,24583,18080,277,674,139,101,126,1040,0,27,33,209.1
2827,2025-09-15,LinkedIn,Influencer Collab,LI-250915-02827,Tell us what you think in the comments! Influencer Collab,Engagement,Carousel,55+,India,7244,4010,43,95,17,10,15,137,0,4,3,79.09
2828,2025-09-15,LinkedIn,Lead Gen - Webinar,LI-250915-02828,Tell us what you think in the comments! Lead Gen - Webinar,Engagement,Carousel,55+,Brazil,4681,2621,49,106,24,9,44,183,0,7,4,61.06
2829,2025-09-15,LinkedIn,Summer Sale Launch,LI-250915-02829,Swipe up to explore Summer Sale Launch today.,Traffic,Text,18-24,Brazil,7533,6011,52,135,31,19,34,219,0,4,3,147.05
2830,2025-09-15,X (Twitter),App Install Push,XT-250915-02830,Get exclusive access to App Install Push today.,Conversions,Text,18-24,India,2095,1230,29,20,2,1,8,31,0,0,1,11.57
2831,2025-09-15,X (Twitter),Retargeting Campaign,XT-250915-02831,"You asked, we delivered. Introducing Retargeting Campaign.",Awareness,Text,55+,India,9943,7780,50,84,10,8,22,124,0,4,4,58.24
2832,2025-09-15,YouTube,Retargeting Campaign,YT-250915-02832,Limited time only. Shop Retargeting Campaign now.,Conversions,Image,55+,Germany,18730,13933,141,470,96,63,69,698,0,32,15,203.34
2833,2025-09-16,Facebook,App Install Push,FB-250916-02833,Available now on iOS and Android — App Install Push.,App Installs,Carousel,45-54,USA,14342,12814,155,258,49,49,73,429,0,7,12,130.65
2834,2025-09-16,Facebook,New Feature Announcement,FB-250916-02834,Tell us what you think in the comments! New Feature Announcement,Engagement,Image,25-34,UAE,23312,14111,246,462,90,87,179,818,0,39,15,159.13
2835,2025-09-16,Instagram,New Feature Announcement,IG-250916-02835,Limited time only. Shop New Feature Announcement now.,Conversions,Story,18-24,USA,27450,15402,284,1395,273,211,222,2101,14087,28,20,166.86
2836,2025-09-16,Instagram,Product Demo Series,IG-250916-02836,Install today and unlock Product Demo Series.,App Installs,Story,45-54,India,28690,17279,271,1436,207,123,402,2168,11996,49,30,227.99
2837,2025-09-16,Instagram,Summer Sale Launch,IG-250916-02837,Download now and experience Summer Sale Launch.,App Installs,Reel,55+,Germany,18998,15963,174,804,156,62,203,1225,9542,33,6,122.4
2838,2025-09-16,LinkedIn,Product Demo Series,LI-250916-02838,Don't miss out — Product Demo Series ends soon.,Conversions,Carousel,25-34,UAE,3088,2683,13,77,18,10,20,125,0,3,0,55.09
2839,2025-09-16,TikTok,App Install Push,TT-250916-02839,We want to hear your story. Share below. App Install Push,Engagement,Text,35-44,Brazil,45944,30752,851,2297,391,445,655,3788,0,182,18,341.93
2840,2025-09-16,TikTok,Holiday Promo,TT-250916-02840,Install today and unlock Holiday Promo.,App Installs,Image,45-54,UAE,27499,21269,282,2299,503,259,497,3558,0,71,16,211.24
2841,2025-09-16,X (Twitter),Lead Gen - Webinar,XT-250916-02841,Join thousands who've already signed up for Lead Gen - Webinar.,Lead Generation,Text,25-34,Brazil,6438,4607,88,133,19,20,42,214,0,9,2,53.84
2842,2025-09-16,X (Twitter),Summer Sale Launch,XT-250916-02842,Download now and experience Summer Sale Launch.,App Installs,Video,25-34,USA,6950,5026,61,73,14,7,27,121,2138,3,4,58.6
2843,2025-09-16,YouTube,Brand Awareness Q3,YT-250916-02843,Get exclusive access to Brand Awareness Q3 today.,Conversions,Image,18-24,USA,15128,10157,99,424,59,41,218,742,0,24,8,147.15
2844,2025-09-16,YouTube,Retargeting Campaign,YT-250916-02844,Join thousands who've already signed up for Retargeting Campaign.,Lead Generation,Carousel,55+,Brazil,16330,13413,65,172,35,26,56,289,0,5,4,138.55
2845,2025-09-17,Facebook,App Install Push,FB-250917-02845,Tag a friend who needs to see this. App Install Push,Engagement,Text,25-34,India,10944,9404,85,270,52,31,78,431,0,16,5,107.65
2846,2025-09-17,Facebook,Brand Awareness Q3,FB-250917-02846,Ready to dive in? Click through for Brand Awareness Q3.,Traffic,Video,55+,India,19638,17572,231,420,93,38,143,694,6391,33,14,202.05
2847,2025-09-17,Facebook,Influencer Collab,FB-250917-02847,Tag a friend who needs to see this. Influencer Collab,Engagement,Text,55+,Brazil,28268,17063,235,544,110,68,88,810,0,18,24,234.61
2848,2025-09-17,Facebook,Product Demo Series,FB-250917-02848,Tag a friend who needs to see this. Product Demo Series,Engagement,Video,35-44,India,17842,15518,268,327,73,63,123,586,4448,27,16,155.96
2849,2025-09-17,Instagram,Influencer Collab,IG-250917-02849,Big things are coming. Stay tuned for Influencer Collab.,Awareness,Text,45-54,India,16809,14777,203,1058,174,157,146,1535,0,63,20,161.05
2850,2025-09-17,Instagram,Product Demo Series,IG-250917-02850,Double tap if you agree! Product Demo Series,Engagement,Video,55+,India,23405,13024,278,706,105,100,250,1161,13469,20,13,234.37
2851,2025-09-17,LinkedIn,Brand Awareness Q3,LI-250917-02851,Join thousands who've already signed up for Brand Awareness Q3.,Lead Generation,Video,18-24,Brazil,6569,5075,28,129,29,22,24,204,2087,10,0,76.74
2852,2025-09-17,TikTok,Lead Gen - Webinar,TT-250917-02852,"You asked, we delivered. Introducing Lead Gen - Webinar.",Awareness,Text,18-24,UK,46950,29409,492,2154,325,214,1125,3818,0,83,29,310.18
2853,2025-09-17,TikTok,Product Demo Series,TT-250917-02853,Sign up now for exclusive access to Product Demo Series.,Lead Generation,Carousel,35-44,Brazil,35884,20568,607,3022,583,278,478,4361,0,72,67,298.06
2854,2025-09-17,X (Twitter),App Install Push,XT-250917-02854,Don't miss out — App Install Push ends soon.,Conversions,Reel,55+,USA,10869,6507,75,102,17,15,40,174,3244,5,4,53.19
2855,2025-09-17,X (Twitter),Product Demo Series,XT-250917-02855,Big things are coming. Stay tuned for Product Demo Series.,Awareness,Video,18-24,Germany,12764,8431,92,146,32,14,61,253,7369,10,2,118.37
2856,2025-09-17,YouTube,Product Demo Series,YT-250917-02856,Get exclusive access to Product Demo Series today.,Conversions,Text,35-44,UK,11599,7499,51,358,64,48,44,514,0,9,1,101.77
2857,2025-09-18,Facebook,App Install Push,FB-250918-02857,Full details on our site — App Install Push.,Traffic,Image,25-34,Germany,8548,4937,122,219,41,33,35,328,0,11,5,58.67
2858,2025-09-18,Facebook,Lead Gen - Webinar,FB-250918-02858,Full details on our site — Lead Gen - Webinar.,Traffic,Story,35-44,UK,18024,12884,302,369,46,57,102,574,10127,9,27,151.69
2859,2025-09-18,Facebook,New Feature Announcement,FB-250918-02859,Link in bio to learn more about New Feature Announcement.,Traffic,Image,18-24,India,29677,20918,516,381,55,51,106,593,0,15,23,277.29
2860,2025-09-18,LinkedIn,Brand Awareness Q3,LI-250918-02860,Link in bio to learn more about Brand Awareness Q3.,Traffic,Story,35-44,USA,6556,4064,64,107,22,21,34,184,3524,2,1,72.01
2861,2025-09-18,LinkedIn,Retargeting Campaign,LI-250918-02861,Get the free guide: Retargeting Campaign.,Lead Generation,Text,35-44,UAE,4410,2888,47,77,17,11,17,122,0,5,1,87.64
2862,2025-09-18,LinkedIn,Summer Sale Launch,LI-250918-02862,We want to hear your story. Share below. Summer Sale Launch,Engagement,Carousel,18-24,Brazil,5770,4116,45,109,21,18,11,159,0,7,1,86.47
2863,2025-09-18,TikTok,Retargeting Campaign,TT-250918-02863,Reserve your spot for Retargeting Campaign — seats are limited.,Lead Generation,Carousel,45-54,Brazil,18388,12192,259,967,219,189,318,1693,0,68,9,98.7
2864,2025-09-18,X (Twitter),App Install Push,XT-250918-02864,Join thousands who've already signed up for App Install Push.,Lead Generation,Video,55+,Brazil,7958,4388,107,56,12,6,11,85,3156,1,4,47.01
2865,2025-09-18,X (Twitter),Summer Sale Launch,XT-250918-02865,Don't miss out — Summer Sale Launch ends soon.,Conversions,Carousel,18-24,USA,6394,5158,94,57,9,9,13,88,0,1,2,52.16
2866,2025-09-18,YouTube,Influencer Collab,YT-250918-02866,"You asked, we delivered. Introducing Influencer Collab.",Awareness,Reel,18-24,Brazil,22625,13897,74,493,77,100,173,843,6137,36,8,194.37
2867,2025-09-18,YouTube,New Feature Announcement,YT-250918-02867,Link in bio to learn more about New Feature Announcement.,Traffic,Image,25-34,UK,17550,14106,131,236,51,25,94,406,0,10,9,193.92
2868,2025-09-18,YouTube,Retargeting Campaign,YT-250918-02868,We want to hear your story. Share below. Retargeting Campaign,Engagement,Image,55+,Brazil,25303,22336,203,525,98,93,185,901,0,32,9,306.33
2869,2025-09-19,Facebook,App Install Push,FB-250919-02869,Double tap if you agree! App Install Push,Engagement,Carousel,18-24,USA,8810,6718,105,125,18,11,60,214,0,7,4,46.89
2870,2025-09-19,Facebook,Product Demo Series,FB-250919-02870,This is more than a campaign — it's a movement. Product Demo Series,Awareness,Video,55+,Brazil,15639,11799,257,582,82,88,120,872,4060,31,28,90.41
2871,2025-09-19,Instagram,Retargeting Campaign,IG-250919-02871,This is more than a campaign — it's a movement. Retargeting Campaign,Awareness,Story,55+,UAE,30080,25552,216,1079,142,168,249,1638,9340,54,24,191.73
2872,2025-09-19,LinkedIn,App Install Push,LI-250919-02872,Get the free guide: App Install Push.,Lead Generation,Image,55+,India,4831,2855,26,73,9,13,23,118,0,3,2,49.41
2873,2025-09-19,TikTok,App Install Push,TT-250919-02873,Your next favorite thing is one click away. App Install Push,Conversions,Text,18-24,Brazil,41810,31925,792,2172,502,298,914,3886,0,130,94,231.84
2874,2025-09-19,X (Twitter),Holiday Promo,XT-250919-02874,Install today and unlock Holiday Promo.,App Installs,Carousel,45-54,India,10260,8395,106,214,35,19,72,340,0,15,11,75.39
2875,2025-09-19,X (Twitter),New Feature Announcement,XT-250919-02875,Ready to dive in? Click through for New Feature Announcement.,Traffic,Video,18-24,USA,8224,6263,76,139,22,17,32,210,4246,2,8,65.79
2876,2025-09-19,X (Twitter),Summer Sale Launch,XT-250919-02876,"You asked, we delivered. Introducing Summer Sale Launch.",Awareness,Story,55+,UK,9376,6194,82,78,12,11,22,123,2910,3,6,77.72
2877,2025-09-20,Facebook,Holiday Promo,FB-250920-02877,Discover what makes Holiday Promo different. #NewLaunch,Awareness,Story,18-24,Brazil,19445,15934,283,612,98,87,79,876,7444,42,16,183.53
2878,2025-09-20,Facebook,New Feature Announcement,FB-250920-02878,Big things are coming. Stay tuned for New Feature Announcement.,Awareness,Image,25-34,USA,22238,15046,333,400,80,72,61,613,0,12,9,143.87
2879,2025-09-20,LinkedIn,New Feature Announcement,LI-250920-02879,Tag a friend who needs to see this. New Feature Announcement,Engagement,Reel,45-54,India,5502,4673,21,81,18,14,14,127,2951,5,0,105.84
2880,2025-09-20,LinkedIn,Summer Sale Launch,LI-250920-02880,Discover what makes Summer Sale Launch different. #NewLaunch,Awareness,Image,25-34,India,4082,3536,20,114,24,19,13,170,0,4,1,72.64
2881,2025-09-20,TikTok,Retargeting Campaign,TT-250920-02881,Ready to dive in? Click through for Retargeting Campaign.,Traffic,Carousel,25-34,Germany,49283,27662,599,2349,610,299,1013,4271,0,90,61,260.33
2882,2025-09-20,X (Twitter),New Feature Announcement,XT-250920-02882,Limited time only. Shop New Feature Announcement now.,Conversions,Text,55+,Brazil,7189,4848,47,69,10,8,18,105,0,4,4,39.41
2883,2025-09-20,YouTube,App Install Push,YT-250920-02883,Get exclusive access to App Install Push today.,Conversions,Image,25-34,UK,20447,16917,166,208,37,19,107,371,0,11,9,204.02
2884,2025-09-20,YouTube,Holiday Promo,YT-250920-02884,Available now on iOS and Android — Holiday Promo.,App Installs,Image,18-24,USA,13470,11707,76,312,55,44,98,509,0,17,7,121.46
2885,2025-09-20,YouTube,Influencer Collab,YT-250920-02885,"You asked, we delivered. Introducing Influencer Collab.",Awareness,Reel,18-24,UK,17670,11566,109,276,59,46,96,477,8513,17,11,214.94
2886,2025-09-20,YouTube,Product Demo Series,YT-250920-02886,Swipe up to explore Product Demo Series today.,Traffic,Reel,25-34,Germany,16987,9996,145,170,29,22,87,308,6368,5,4,183.74
2887,2025-09-20,YouTube,Retargeting Campaign,YT-250920-02887,Tell us what you think in the comments! Retargeting Campaign,Engagement,Carousel,18-24,Germany,5752,4191,52,91,21,14,38,164,0,5,1,69.42
2888,2025-09-21,Instagram,App Install Push,IG-250921-02888,Tag a friend who needs to see this. App Install Push,Engagement,Reel,35-44,Germany,17905,15774,131,472,68,65,71,676,6347,32,9,126.57
2889,2025-09-21,Instagram,Lead Gen - Webinar,IG-250921-02889,Swipe up to explore Lead Gen - Webinar today.,Traffic,Text,55+,UK,10357,8722,69,557,114,48,154,873,0,36,3,105.0
2890,2025-09-21,LinkedIn,App Install Push,LI-250921-02890,Available now on iOS and Android — App Install Push.,App Installs,Reel,55+,USA,3709,2601,29,105,13,16,17,151,1298,3,2,52.03
2891,2025-09-21,LinkedIn,Brand Awareness Q3,LI-250921-02891,Discover what makes Brand Awareness Q3 different. #NewLaunch,Awareness,Carousel,25-34,USA,2255,1992,21,56,11,8,19,94,0,2,0,38.63
2892,2025-09-21,LinkedIn,Influencer Collab,LI-250921-02892,Swipe up to explore Influencer Collab today.,Traffic,Reel,35-44,UAE,7306,5782,38,196,28,31,48,303,3002,9,1,87.04
2893,2025-09-21,TikTok,App Install Push,TT-250921-02893,We want to hear your story. Share below. App Install Push,Engagement,Video,55+,UK,44989,25969,553,3272,754,475,763,5264,17165,171,65,364.41
2894,2025-09-21,TikTok,Brand Awareness Q3,TT-250921-02894,Your next favorite thing is one click away. Brand Awareness Q3,Conversions,Image,18-24,India,50222,29288,840,3602,822,323,1500,6247,0,150,99,406.3
2895,2025-09-21,YouTube,Lead Gen - Webinar,YT-250921-02895,Tag a friend who needs to see this. Lead Gen - Webinar,Engagement,Text,45-54,UAE,15380,13353,89,443,114,75,130,762,0,35,5,181.68
2896,2025-09-21,YouTube,Product Demo Series,YT-250921-02896,Reserve your spot for Product Demo Series — seats are limited.,Lead Generation,Story,35-44,USA,8838,6554,37,261,39,30,46,376,4575,13,1,83.55
2897,2025-09-21,YouTube,Summer Sale Launch,YT-250921-02897,"You asked, we delivered. Introducing Summer Sale Launch.",Awareness,Carousel,45-54,UAE,16314,12094,69,391,73,47,51,562,0,8,5,207.87
2898,2025-09-22,Facebook,Brand Awareness Q3,FB-250922-02898,Big things are coming. Stay tuned for Brand Awareness Q3.,Awareness,Carousel,35-44,USA,5596,4301,78,158,37,21,56,272,0,12,5,35.74
2899,2025-09-22,Facebook,Holiday Promo,FB-250922-02899,Available now on iOS and Android — Holiday Promo.,App Installs,Text,18-24,USA,9423,8273,100,280,39,50,69,438,0,9,2,66.58
2900,2025-09-22,Facebook,Lead Gen - Webinar,FB-250922-02900,Download now and experience Lead Gen - Webinar.,App Installs,Reel,45-54,India,19587,13582,183,332,50,43,129,554,9279,8,7,195.85
2901,2025-09-22,Facebook,Product Demo Series,FB-250922-02901,Your next favorite thing is one click away. Product Demo Series,Conversions,Story,18-24,UK,21048,12365,283,245,39,32,78,394,4344,13,7,112.52
2902,2025-09-22,Instagram,New Feature Announcement,IG-250922-02902,Tag a friend who needs to see this. New Feature Announcement,Engagement,Story,25-34,UAE,10331,8020,136,319,59,24,71,473,5089,10,9,81.55
2903,2025-09-22,LinkedIn,App Install Push,LI-250922-02903,Don't miss out — App Install Push ends soon.,Conversions,Story,25-34,UK,6536,4066,65,165,38,30,44,277,3283,5,3,132.42
2904,2025-09-22,TikTok,Brand Awareness Q3,TT-250922-02904,Join thousands who've already signed up for Brand Awareness Q3.,Lead Generation,Video,18-24,Germany,42198,27070,565,1527,279,157,470,2433,9480,61,17,296.47
2905,2025-09-22,TikTok,Retargeting Campaign,TT-250922-02905,Big things are coming. Stay tuned for Retargeting Campaign.,Awareness,Reel,35-44,Germany,30617,23298,601,2054,418,337,267,3076,14133,66,64,162.88
2906,2025-09-22,X (Twitter),Brand Awareness Q3,XT-250922-02906,Swipe up to explore Brand Awareness Q3 today.,Traffic,Image,55+,Germany,8065,5560,108,106,23,14,14,157,0,1,6,43.96
2907,2025-09-22,X (Twitter),Holiday Promo,XT-250922-02907,Get exclusive access to Holiday Promo today.,Conversions,Story,55+,UAE,7557,4601,93,95,12,16,28,151,1728,2,5,42.11
2908,2025-09-22,X (Twitter),Influencer Collab,XT-250922-02908,Tell us what you think in the comments! Influencer Collab,Engagement,Reel,35-44,Germany,4107,2422,60,67,10,7,17,101,1824,3,3,25.76
2909,2025-09-22,YouTube,App Install Push,YT-250922-02909,Sign up now for exclusive access to App Install Push.,Lead Generation,Reel,35-44,UK,11701,9162,88,291,67,39,63,460,2802,14,3,112.78
2910,2025-09-22,YouTube,Influencer Collab,YT-250922-02910,Limited time only. Shop Influencer Collab now.,Conversions,Reel,18-24,UAE,16791,15010,126,269,44,40,124,477,8235,8,12,166.9
2911,2025-09-22,YouTube,Retargeting Campaign,YT-250922-02911,Reserve your spot for Retargeting Campaign — seats are limited.,Lead Generation,Story,35-44,Brazil,9161,6114,33,205,42,17,77,341,4248,13,1,120.75
2912,2025-09-23,Facebook,Influencer Collab,FB-250923-02912,Get the app. Get Influencer Collab.,App Installs,Reel,45-54,Brazil,14100,12372,120,215,28,18,85,346,2872,7,4,110.74
2913,2025-09-23,Facebook,Product Demo Series,FB-250923-02913,Tell us what you think in the comments! Product Demo Series,Engagement,Story,45-54,USA,17062,11896,126,579,96,49,186,910,8484,38,3,142.52
2914,2025-09-23,Facebook,Summer Sale Launch,FB-250923-02914,This is more than a campaign — it's a movement. Summer Sale Launch,Awareness,Text,18-24,UK,12767,10677,77,148,34,23,64,269,0,5,5,125.74
2915,2025-09-23,Instagram,Influencer Collab,IG-250923-02915,Link in bio to learn more about Influencer Collab.,Traffic,Carousel,45-54,UK,22099,17640,307,720,160,148,235,1263,0,33,30,215.29
2916,2025-09-23,Instagram,New Feature Announcement,IG-250923-02916,Ready to dive in? Click through for New Feature Announcement.,Traffic,Story,55+,UK,14812,9788,86,433,96,72,131,732,7079,27,7,166.21
2917,2025-09-23,TikTok,Influencer Collab,TT-250923-02917,Swipe up to explore Influencer Collab today.,Traffic,Reel,35-44,Germany,18190,15339,379,906,226,156,259,1547,4190,19,35,125.3
2918,2025-09-23,TikTok,Lead Gen - Webinar,TT-250923-02918,Don't miss out — Lead Gen - Webinar ends soon.,Conversions,Image,55+,USA,36289,31173,419,1650,239,284,324,2497,0,102,20,233.92
2919,2025-09-23,X (Twitter),Holiday Promo,XT-250923-02919,Your next favorite thing is one click away. Holiday Promo,Conversions,Image,45-54,USA,8539,6322,56,146,23,20,57,246,0,11,2,78.15
2920,2025-09-23,X (Twitter),Lead Gen - Webinar,XT-250923-02920,Tag a friend who needs to see this. Lead Gen - Webinar,Engagement,Text,25-34,UK,9194,5367,63,192,24,35,57,308,0,9,6,65.55
2921,2025-09-23,X (Twitter),Product Demo Series,XT-250923-02921,Get the free guide: Product Demo Series.,Lead Generation,Text,18-24,UK,9759,8774,52,172,31,22,69,294,0,8,3,88.2
2922,2025-09-23,X (Twitter),Retargeting Campaign,XT-250923-02922,Discover what makes Retargeting Campaign different. #NewLaunch,Awareness,Story,25-34,Germany,8959,7701,48,88,18,14,15,135,3215,6,1,76.12
2923,2025-09-23,YouTube,Lead Gen - Webinar,YT-250923-02923,Link in bio to learn more about Lead Gen - Webinar.,Traffic,Reel,55+,Germany,15168,13560,112,170,33,31,55,289,3485,8,3,119.52
2924,2025-09-24,Facebook,Brand Awareness Q3,FB-250924-02924,Swipe up to explore Brand Awareness Q3 today.,Traffic,Reel,18-24,UK,23246,13853,311,828,146,87,152,1213,9670,21,16,141.98
2925,2025-09-24,Facebook,Holiday Promo,FB-250924-02925,Reserve your spot for Holiday Promo — seats are limited.,Lead Generation,Carousel,45-54,USA,7708,6799,109,235,33,31,70,369,0,7,13,50.69
2926,2025-09-24,Facebook,Product Demo Series,FB-250924-02926,Link in bio to learn more about Product Demo Series.,Traffic,Reel,18-24,Brazil,23784,17054,244,350,71,53,77,551,9508,25,8,174.03
2927,2025-09-24,Instagram,Influencer Collab,IG-250924-02927,Big things are coming. Stay tuned for Influencer Collab.,Awareness,Carousel,55+,Germany,11884,8042,58,727,106,85,169,1087,0,35,3,127.03
2928,2025-09-24,Instagram,Lead Gen - Webinar,IG-250924-02928,Discover what makes Lead Gen - Webinar different. #NewLaunch,Awareness,Video,25-34,Germany,29037,22829,273,1370,245,232,527,2374,17000,83,17,207.79
2929,2025-09-24,LinkedIn,New Feature Announcement,LI-250924-02929,Double tap if you agree! New Feature Announcement,Engagement,Carousel,18-24,USA,3071,1789,33,63,10,11,22,106,0,4,2,36.71
2930,2025-09-24,X (Twitter),Influencer Collab,XT-250924-02930,Full details on our site — Influencer Collab.,Traffic,Image,35-44,UK,9202,7603,70,126,19,19,43,207,0,6,3,87.33
2931,2025-09-24,YouTube,Product Demo Series,YT-250924-02931,Link in bio to learn more about Product Demo Series.,Traffic,Story,35-44,India,2619,2026,16,27,3,3,8,41,954,1,1,27.52
2932,2025-09-24,YouTube,Retargeting Campaign,YT-250924-02932,Available now on iOS and Android — Retargeting Campaign.,App Installs,Story,35-44,UK,18172,13244,57,239,40,21,57,357,5259,17,2,177.07
2933,2025-09-24,YouTube,Summer Sale Launch,YT-250924-02933,Get the free guide: Summer Sale Launch.,Lead Generation,Story,18-24,Brazil,14247,9812,46,226,38,35,31,330,8030,9,5,147.39
2934,2025-09-25,Facebook,Brand Awareness Q3,FB-250925-02934,Get the free guide: Brand Awareness Q3.,Lead Generation,Image,25-34,India,14954,9940,240,463,114,48,179,804,0,20,20,86.0
2935,2025-09-25,Facebook,Retargeting Campaign,FB-250925-02935,Get the app. Get Retargeting Campaign.,App Installs,Image,18-24,UK,31343,17818,283,681,96,64,314,1155,0,18,31,296.48
2936,2025-09-25,Instagram,App Install Push,IG-250925-02936,Reserve your spot for App Install Push — seats are limited.,Lead Generation,Text,45-54,Brazil,21569,15864,268,1042,176,170,233,1621,0,54,5,241.2
2937,2025-09-25,LinkedIn,Lead Gen - Webinar,LI-250925-02937,Join thousands who've already signed up for Lead Gen - Webinar.,Lead Generation,Story,55+,Brazil,5666,4220,50,68,12,12,30,122,1991,3,5,107.97
2938,2025-09-25,TikTok,App Install Push,TT-250925-02938,Full details on our site — App Install Push.,Traffic,Text,18-24,UAE,34573,21475,719,1457,350,123,503,2433,0,92,44,173.37
2939,2025-09-25,TikTok,Product Demo Series,TT-250925-02939,Available now on iOS and Android — Product Demo Series.,App Installs,Image,55+,USA,36436,31083,621,2913,564,426,355,4258,0,181,66,300.67
2940,2025-09-25,TikTok,Retargeting Campaign,TT-250925-02940,"You asked, we delivered. Introducing Retargeting Campaign.",Awareness,Carousel,55+,Brazil,26485,15657,359,1008,213,116,176,1513,0,47,41,168.12
2941,2025-09-25,X (Twitter),Brand Awareness Q3,XT-250925-02941,Double tap if you agree! Brand Awareness Q3,Engagement,Carousel,25-34,India,4522,3124,54,30,3,5,7,45,0,1,6,41.96
2942,2025-09-25,X (Twitter),Product Demo Series,XT-250925-02942,Reserve your spot for Product Demo Series — seats are limited.,Lead Generation,Reel,55+,UAE,10344,6591,125,202,47,29,62,340,6097,9,4,96.34
2943,2025-09-25,YouTube,Holiday Promo,YT-250925-02943,Reserve your spot for Holiday Promo — seats are limited.,Lead Generation,Carousel,25-34,Germany,13800,8931,96,441,87,79,92,699,0,14,3,126.09
2944,2025-09-25,YouTube,Lead Gen - Webinar,YT-250925-02944,We want to hear your story. Share below. Lead Gen - Webinar,Engagement,Story,45-54,Germany,11027,8564,81,292,59,51,112,514,2280,6,5,119.98
2945,2025-09-25,YouTube,Summer Sale Launch,YT-250925-02945,Your next favorite thing is one click away. Summer Sale Launch,Conversions,Carousel,35-44,UK,13678,9469,74,321,43,43,126,533,0,15,1,111.35
2946,2025-09-26,Instagram,Lead Gen - Webinar,IG-250926-02946,Your next favorite thing is one click away. Lead Gen - Webinar,Conversions,Story,55+,UK,21224,17429,148,686,113,63,258,1120,11221,17,7,135.75
2947,2025-09-26,LinkedIn,Brand Awareness Q3,LI-250926-02947,Reserve your spot for Brand Awareness Q3 — seats are limited.,Lead Generation,Story,25-34,UK,4168,3581,28,50,6,6,11,73,2419,3,1,66.39
2948,2025-09-26,LinkedIn,Holiday Promo,LI-250926-02948,Tag a friend who needs to see this. Holiday Promo,Engagement,Reel,35-44,Germany,7231,4653,47,100,13,12,30,155,1658,6,5,97.94
2949,2025-09-26,TikTok,Lead Gen - Webinar,TT-250926-02949,Sign up now for exclusive access to Lead Gen - Webinar.,Lead Generation,Video,55+,UK,21457,19274,197,1645,214,310,465,2634,12480,41,11,177.09
2950,2025-09-26,TikTok,New Feature Announcement,TT-250926-02950,Get exclusive access to New Feature Announcement today.,Conversions,Image,25-34,USA,40522,34056,891,1919,454,260,766,3399,0,159,60,202.59
2951,2025-09-26,X (Twitter),Lead Gen - Webinar,XT-250926-02951,Limited time only. Shop Lead Gen - Webinar now.,Conversions,Text,55+,UAE,5841,3716,79,61,12,7,31,111,0,4,3,46.8
2952,2025-09-26,X (Twitter),Product Demo Series,XT-250926-02952,Swipe up to explore Product Demo Series today.,Traffic,Carousel,18-24,USA,8576,6280,136,56,9,6,21,92,0,0,14,54.37
2953,2025-09-26,YouTube,App Install Push,YT-250926-02953,Your next favorite thing is one click away. App Install Push,Conversions,Carousel,55+,UAE,16576,11543,64,524,75,53,102,754,0,7,6,153.28
2954,2025-09-27,Facebook,App Install Push,FB-250927-02954,Tag a friend who needs to see this. App Install Push,Engagement,Text,55+,Brazil,19077,12593,196,593,80,74,121,868,0,32,9,112.05
2955,2025-09-27,Facebook,Brand Awareness Q3,FB-250927-02955,Download now and experience Brand Awareness Q3.,App Installs,Carousel,45-54,India,16061,12084,146,446,73,83,187,789,0,38,12,99.77
2956,2025-09-27,Facebook,New Feature Announcement,FB-250927-02956,Install today and unlock New Feature Announcement.,App Installs,Carousel,18-24,Germany,11205,6896,151,277,41,40,62,420,0,20,11,69.24
2957,2025-09-27,Facebook,Product Demo Series,FB-250927-02957,Swipe up to explore Product Demo Series today.,Traffic,Reel,55+,Brazil,14879,13332,110,446,71,44,148,709,8171,20,11,92.0
2958,2025-09-27,Facebook,Retargeting Campaign,FB-250927-02958,Double tap if you agree! Retargeting Campaign,Engagement,Story,55+,UK,20166,11277,283,651,89,91,143,974,9478,13,32,124.81
2959,2025-09-27,Instagram,Brand Awareness Q3,IG-250927-02959,Limited time only. Shop Brand Awareness Q3 now.,Conversions,Text,25-34,UAE,37204,22650,268,1701,300,277,346,2624,0,103,28,316.49
2960,2025-09-27,LinkedIn,Lead Gen - Webinar,LI-250927-02960,Reserve your spot for Lead Gen - Webinar — seats are limited.,Lead Generation,Carousel,45-54,India,4760,3496,20,73,12,10,28,123,0,1,1,71.68
2961,2025-09-27,LinkedIn,Summer Sale Launch,LI-250927-02961,Big things are coming. Stay tuned for Summer Sale Launch.,Awareness,Text,18-24,USA,6296,3691,64,104,18,12,36,170,0,4,5,97.52
2962,2025-09-27,X (Twitter),New Feature Announcement,XT-250927-02962,Available now on iOS and Android — New Feature Announcement.,App Installs,Story,45-54,Germany,11108,8142,78,132,20,19,25,196,5701,4,5,93.98
2963,2025-09-27,YouTube,Product Demo Series,YT-250927-02963,Reserve your spot for Product Demo Series — seats are limited.,Lead Generation,Story,45-54,Germany,13514,8491,103,239,56,45,60,400,7635,15,4,175.06
2964,2025-09-27,YouTube,Retargeting Campaign,YT-250927-02964,Discover what makes Retargeting Campaign different. #NewLaunch,Awareness,Video,18-24,Brazil,16191,14009,152,244,53,20,52,369,4551,17,17,152.25
